Row_ID,Invoice_ID,Date,Client,Product,Quantity,Unit_Price_INR,Total_Amount_INR
1,INV-3492,2025-05-20,Client-144: M/s Pooja Fashion House,Velvet Roll (Label-405),107,126.93,13581.51
2,INV-2990,2023-08-31,Client-076: Smt. Ashok Designs,Jacquard Brocade (Label-315),132,191.21,25239.72
3,INV-0071,2026-03-24,Client-006: M/s Naresh Exports,Patola Woven Border (Label-330),138,266.07,36717.66
4,INV-1757,2025-10-11,Client-040: M/s Drashti Fashion House,Polyester Grosgrain (Label-408),47,32.82,1542.54
5,INV-0212,2025-07-02,Client-110: M/s Anita Embroidery Works,Jacquard Brocade (Label-315),167,181.64,30333.88
6,INV-0197,2026-05-07,Client-132: M/s Shanta Creations,Kutch Embroidery Border (Label-407),20,218.13,4362.6
7,INV-0804,2023-09-25,Client-124: M/s Bhavesh Exports,Silver Tissue (Label-312),82,183.23,15024.86
8,INV-3410,2023-10-08,Client-109: M/s Padma Silk House,Jacquard Brocade (Label-315),27,163.95,4426.65
9,INV-3837,2023-04-11,Client-065: Shri Arvind Emporium,Raw Silk Ribbon (Label-115),36,116.89,4208.04
10,INV-1147,2024-06-29,Client-127: M/s Nayna Boutique,Chiffon Pleated (Label-119),36,69.45,2500.2
11,INV-1499,2025-05-26,Client-059: M/s Sita Fabrics,Polyester Grosgrain (Label-408),43,32.87,1413.41
12,INV-3859,2023-04-03,Client-086: M/s Neha Fashion House,Raw Silk Ribbon (Label-115),60,115.37,6922.2
13,INV-3483,2023-03-18,Client-144: M/s Pooja Fashion House,Silver Tissue (Label-312),452,175.55,79348.6
14,INV-1186,2023-04-03,Client-077: Shri Deepak Fashion House,Metallic Zari (Label-306),473,162.79,76999.67
15,INV-0472,2024-12-27,Client-045: M/s Akash Saree Centre,Jacquard Brocade (Label-315),116,165.78,19230.48
16,INV-0595,2023-10-03,Client-002: M/s Chandrika Fashion House,Gold Zardozi (Label-501),192,293.23,56300.16
17,INV-0322,2025-02-16,Client-063: Smt. Padma Saree Centre,Satin 2-Inch (Label-102),62,50.51,3131.62
18,INV-1418,2025-02-22,Client-106: Smt. Kamlesh Designs,Satin 1-Inch (Label-101),39,32.26,1258.14
19,INV-1675,2025-10-12,Client-103: Shri Vijay Fashion House,Silk Printed (Label-112),25,90.25,2256.25
20,INV-3591,2024-09-21,Client-097: M/s Deepika Designs,Silver Tissue (Label-312),609,181.44,110496.96
21,INV-1704,2023-06-09,Client-127: M/s Nayna Boutique,Banarasi Zari Border (Label-302),29,136.66,3963.14
22,INV-2541,2024-11-12,Client-149: Shri Alpesh Saree Centre,Nylon Woven (Label-501),33,29.22,964.26
23,INV-0206,2024-09-27,Client-140: M/s Brijesh Weavers,Satin 2-Inch (Label-102),330,47.53,15684.9
24,INV-3888,2025-07-20,Client-041: M/s Varsha Handloom,Organza Sheer (Label-210),40,49.7,1988.0
25,INV-3249,2023-05-22,Client-007: M/s Hasmukh Collections,Lace Trim Border (Label-217),112,64.82,7259.84
26,INV-2132,2024-06-30,Client-034: M/s Mansukhbhai Event Planners,Metallic Zari (Label-306),24,157.5,3780.0
27,INV-1256,2023-02-08,Client-053: M/s Malti Enterprises,Nylon Woven (Label-501),674,29.85,20118.9
28,INV-2300,2026-06-18,Client-150: M/s Kantilal Event Planners,Chanderi Block Print (Label-221),376,147.57,55486.32
29,INV-1227,2026-01-19,Client-114: M/s Padma Enterprises,Lace Trim Border (Label-217),40,70.04,2801.6
30,INV-3919,2025-06-20,Client-096: M/s Kiran Emporium,Organza Sheer (Label-210),58,51.47,2985.26
31,INV-2465,2023-01-07,Client-079: M/s Savita Weavers,Embroidered Mirror Work (Label-422),60,213.34,12800.4
32,INV-2384,2024-08-09,Client-095: M/s Shardaben Handloom,Multicolor Taffeta (Label-308),56,93.64,5243.84
33,INV-0150,2026-03-08,Client-014: Shri Usha Fabrics,Organza Sheer (Label-210),18,51.23,922.14
34,INV-0870,2026-08-04,Client-073: M/s Lakshmi Event Planners,Cotton Herringbone (Label-203),41,44.44,1822.04
35,INV-1979,2023-10-01,Client-084: M/s Kantilal Embroidery Works,Polyester Grosgrain (Label-408),57,34.05,1940.85
36,INV-2457,2026-01-28,Client-033: M/s Vivek Fabrics,Velvet Roll (Label-405),366,130.22,47660.52
37,INV-3866,2026-02-15,Client-092: M/s Pushpa Silk House,Satin 1-Inch (Label-101),20,34.88,697.6
38,INV-2213,2023-12-20,Client-128: M/s Balaji Event Planners,Jacquard Brocade (Label-315),1020,176.23,179754.6
39,INV-1007,2024-07-06,Client-139: M/s Gopal Fashion House,Kutch Embroidery Border (Label-407),69,243.55,16804.95
40,INV-3048,2026-02-16,Client-145: M/s Rahul Decorators,Velvet Roll (Label-405),32,119.34,3818.88
41,INV-0706,2026-02-09,Client-122: M/s Bhikhabhai Enterprises,Metallic Zari (Label-306),361,155.31,56066.91
42,INV-3144,2024-03-13,Client-138: Smt. Natubhai Weavers,Organza Sheer (Label-210),417,56.38,23510.46
43,INV-3597,2024-11-21,Client-074: M/s Amrut Fashion House,Gold Zardozi (Label-501),513,300.97,154397.61
44,INV-1988,2025-11-04,Client-117: Smt. Narottam Emporium,Gota Patti (Label-204),44,84.76,3729.44
45,INV-0180,2024-01-05,Client-088: M/s Pooja Creations,Satin 2-Inch (Label-102),515,46.92,24163.8
46,INV-0110,2024-02-16,Client-139: M/s Gopal Fashion House,Lace Trim Border (Label-217),110,65.4,7194.0
47,INV-3079,2024-12-06,Client-066: Smt. Krunal Embroidery Works,Cotton Herringbone (Label-203),155,45.84,7105.2
48,INV-1056,2024-02-01,Client-047: M/s Harish Creations,Velvet Roll (Label-405),15,122.37,1835.55
49,INV-3953,2025-11-07,Client-092: M/s Pushpa Silk House,Chanderi Block Print (Label-221),6,144.37,866.22
50,INV-0315,2026-02-18,Client-054: Smt. Subhash Creations,Metallic Zari (Label-306),69,153.7,10605.3
51,INV-1823,2024-07-15,Client-065: Shri Arvind Emporium,Chanderi Block Print (Label-221),103,143.38,14768.14
52,INV-0568,2024-08-29,Client-013: M/s Gopal Exports,Velvet Roll (Label-405),50,127.52,6376.0
53,INV-0880,2023-06-27,Client-061: M/s Poonam Enterprises,Lace Trim Border (Label-217),576,64.37,37077.12
54,INV-2231,2025-01-29,Client-012: M/s Nayna Event Planners,Silk Printed (Label-112),150,87.37,13105.5
55,INV-1412,2025-01-24,Client-099: M/s Sushila Garments,Embroidered Mirror Work (Label-422),128,219.9,28147.2
56,INV-3225,2026-06-19,Client-087: M/s Mayur Creations,Silk Printed (Label-112),15,92.56,1388.4
57,INV-3937,2023-12-25,Client-076: Smt. Ashok Designs,Organza Sheer (Label-210),108,51.84,5598.72
58,INV-3250,2024-08-02,Client-117: Smt. Narottam Emporium,Polyester Grosgrain (Label-408),149,31.87,4748.63
59,INV-0930,2024-08-20,Client-007: M/s Hasmukh Collections,Polyester Grosgrain (Label-408),121,31.9,3859.9
60,INV-2579,2025-02-01,Client-107: M/s Ramniklal Event Planners,Gota Patti (Label-204),19,92.98,1766.62
61,INV-3380,2025-06-10,Client-003: M/s Vinod Traders,Multicolor Taffeta (Label-308),245,92.19,22586.55
62,INV-2293,2025-08-20,Client-010: M/s Pallavi Designs,Patola Woven Border (Label-330),3,238.51,715.53
63,INV-1503,2023-10-07,Client-132: M/s Shanta Creations,Patola Woven Border (Label-330),195,274.9,53605.5
64,INV-3783,2025-10-28,Client-103: Shri Vijay Fashion House,Gota Patti (Label-204),694,89.11,61842.34
65,INV-0606,2023-10-25,Client-015: M/s Savita Decorators,Silk Printed (Label-112),134,90.57,12136.38
66,INV-1989,2025-04-02,Client-014: Shri Usha Fabrics,Polyester Grosgrain (Label-408),468,31.52,14751.36
67,INV-0015,2025-03-29,Client-002: M/s Chandrika Fashion House,Velvet Roll (Label-405),11,126.68,1393.48
68,INV-1262,2023-04-30,Client-026: Smt. Vivek Fabrics,Metallic Zari (Label-306),44,148.56,6536.64
69,INV-3239,2025-10-13,Client-023: M/s Navin Embroidery Works,Organza Sheer (Label-210),55,52.88,2908.4
70,INV-3319,2025-03-05,Client-064: Smt. Nayna Exports,Nylon Woven (Label-501),69,28.32,1954.08
71,INV-0009,2023-01-01,Client-054: Smt. Subhash Creations,Embroidered Mirror Work (Label-422),51,222.0,11322.0
72,INV-0890,2026-02-20,Client-053: M/s Malti Enterprises,Silver Tissue (Label-312),17,189.16,3215.72
73,INV-3149,2023-04-14,Client-039: Shri Jignesh Designs,Nylon Woven (Label-501),38,29.97,1138.86
74,INV-3552,2024-11-20,Client-022: Shri Champa Traders,Silver Tissue (Label-312),72,192.09,13830.48
75,INV-1445,2025-02-20,Client-144: M/s Pooja Fashion House,Embroidered Mirror Work (Label-422),124,222.95,27645.8
76,INV-0394,2024-12-19,Client-110: M/s Anita Embroidery Works,Jacquard Brocade (Label-315),855,179.07,153104.85
77,INV-1583,2026-01-03,Client-099: M/s Sushila Garments,Satin 1-Inch (Label-101),68,35.57,2418.76
78,INV-2859,2023-04-24,Client-120: M/s Usha Enterprises,Gold Zardozi (Label-501),239,303.0,72417.0
79,INV-0539,2025-12-30,Client-122: M/s Bhikhabhai Enterprises,Patola Woven Border (Label-330),122,242.92,29636.24
80,INV-1488,2023-02-23,Client-064: Smt. Nayna Exports,Satin 1-Inch (Label-101),76,33.39,2537.64
81,INV-0808,2024-09-16,Client-090: Shri Prital Handloom,Raw Silk Ribbon (Label-115),124,117.07,14516.68
82,INV-3415,2024-04-19,Client-081: M/s Mahesh Traders,Gota Patti (Label-204),38,84.81,3222.78
83,INV-0799,2023-01-24,Client-098: M/s Bhavna Garments,Banarasi Zari Border (Label-302),187,139.34,26056.58
84,INV-3540,2023-09-19,Client-084: M/s Kantilal Embroidery Works,Nylon Woven (Label-501),564,26.76,15092.64
85,INV-1816,2026-01-14,Client-007: M/s Hasmukh Collections,Raw Silk Ribbon (Label-115),99,115.6,11444.4
86,INV-2330,2024-05-19,Client-084: M/s Kantilal Embroidery Works,Nylon Woven (Label-501),168,30.3,5090.4
87,INV-2648,2023-02-11,Client-076: Smt. Ashok Designs,Chiffon Pleated (Label-119),6,79.09,474.54
88,INV-1425,2025-02-12,Client-017: M/s Rahul Creations,Metallic Zari (Label-306),28,144.95,4058.6
89,INV-2360,2026-04-06,Client-131: M/s Geeta Fabrics,Jacquard Brocade (Label-315),200,171.4,34280.0
90,INV-3322,2024-01-29,Client-001: M/s Geeta Textiles,Silver Tissue (Label-312),213,207.34,44163.42
91,INV-0788,2026-05-31,Client-140: M/s Brijesh Weavers,Silk Printed (Label-112),289,92.63,26770.07
92,INV-1993,2026-04-23,Client-132: M/s Shanta Creations,Raw Silk Ribbon (Label-115),117,115.01,13456.17
93,INV-1117,2024-06-09,Client-061: M/s Poonam Enterprises,Chiffon Pleated (Label-119),8,71.08,568.64
94,INV-1321,2024-06-20,Client-087: M/s Mayur Creations,Silver Tissue (Label-312),132,185.09,24431.88
95,INV-3657,2025-12-19,Client-130: M/s Jignesh Creations,Satin 2-Inch (Label-102),33,51.07,1685.31
96,INV-1553,2026-07-19,Client-095: M/s Shardaben Handloom,Metallic Zari (Label-306),57,146.66,8359.62
97,INV-0033,2024-12-17,Client-018: Smt. Foram Fabrics,Chanderi Block Print (Label-221),88,122.59,10787.92
98,INV-0464,2023-11-01,Client-063: Smt. Padma Saree Centre,Chanderi Block Print (Label-221),34,129.47,4401.98
99,INV-2516,2025-08-18,Client-067: M/s Bhavik Traders,Kutch Embroidery Border (Label-407),43,232.69,10005.67
100,INV-2296,2025-07-10,Client-022: Shri Champa Traders,Patola Woven Border (Label-330),146,270.67,39517.82
101,INV-0167,2025-08-18,Client-078: M/s Prital Exports,Cotton Herringbone (Label-203),286,42.77,12232.22
102,INV-2863,2023-04-22,Client-045: M/s Akash Saree Centre,Banarasi Zari Border (Label-302),8,156.12,1248.96
103,INV-0415,2025-12-22,Client-043: Smt. Manju Weavers,Multicolor Taffeta (Label-308),75,85.38,6403.5
104,INV-0034,2024-05-21,Client-006: M/s Naresh Exports,Raw Silk Ribbon (Label-115),25,102.35,2558.75
105,INV-0185,2025-08-18,Client-050: Smt. Balaji Boutique,Lace Trim Border (Label-217),24,67.32,1615.68
106,INV-3023,2026-03-31,Client-123: M/s Alka Collections,Velvet Roll (Label-405),32,114.58,3666.56
107,INV-3241,2025-07-18,Client-145: M/s Rahul Decorators,Gold Zardozi (Label-501),1391,278.58,245046.77659999995
108,INV-3302,2023-09-27,Client-139: M/s Gopal Fashion House,Polyester Grosgrain (Label-408),320,31.73,10153.6
109,INV-1953,2023-06-26,Client-006: M/s Naresh Exports,Jacquard Brocade (Label-315),51,185.11,9440.61
110,INV-3750,2024-08-12,Client-051: M/s Brijesh Saree Centre,Multicolor Taffeta (Label-308),75,82.34,6175.5
111,INV-1622,2023-05-30,Client-119: M/s Bhikhabhai Emporium,Patola Woven Border (Label-330),2,229.68,459.36
112,INV-1243,2026-05-17,Client-029: M/s Hitesh Boutique,Velvet Roll (Label-405),147,116.87,17179.89
113,INV-3550,2025-07-24,Client-149: Shri Alpesh Saree Centre,Patola Woven Border (Label-330),239,251.6,60132.4
114,INV-0722,2024-09-06,Client-146: M/s Yash Fashion House,Banarasi Zari Border (Label-302),739,142.05,104974.95
115,INV-1175,2023-11-12,Client-126: M/s Mukesh Garments,Embroidered Mirror Work (Label-422),302,219.91,66412.82
116,INV-0671,2025-09-13,Client-106: Smt. Kamlesh Designs,Raw Silk Ribbon (Label-115),114,102.14,11643.96
117,INV-3332,2026-04-28,Client-019: M/s Sunil Collections,Metallic Zari (Label-306),257,173.57,44607.49
118,INV-1747,2026-03-06,Client-119: M/s Bhikhabhai Emporium,Silver Tissue (Label-312),134,182.65,24475.1
119,INV-2425,2025-07-02,Client-140: M/s Brijesh Weavers,Lace Trim Border (Label-217),9,65.75,591.75
120,INV-1557,2026-04-09,Client-098: M/s Bhavna Garments,Chanderi Block Print (Label-221),50,128.45,6422.5
121,INV-2867,2023-03-24,Client-072: M/s Arun Fashion House,Polyester Grosgrain (Label-408),16,30.31,484.96
122,INV-3537,2023-07-01,Client-029: M/s Hitesh Boutique,Kutch Embroidery Border (Label-407),83,208.5,17305.5
123,INV-2585,2023-06-02,Client-094: M/s Dilip Weavers,Satin 1-Inch (Label-101),45,34.99,1574.55
124,INV-1745,2023-12-21,Client-083: M/s Vandana Exports,Kutch Embroidery Border (Label-407),47,213.4,10029.8
125,INV-3868,2024-06-07,Client-019: M/s Sunil Collections,Silver Tissue (Label-312),30,206.5,6195.0
126,INV-0719,2026-03-25,Client-026: Smt. Vivek Fabrics,Cotton Herringbone (Label-203),13,44.55,579.15
127,INV-1371,2023-10-07,Client-119: M/s Bhikhabhai Emporium,Satin 2-Inch (Label-102),276,49.61,13692.36
128,INV-2980,2024-09-08,Client-077: Shri Deepak Fashion House,Gold Zardozi (Label-501),257,306.39,78742.23
129,INV-3931,2023-09-30,Client-104: M/s Nirmala Designs,Polyester Grosgrain (Label-408),37,30.46,1127.02
130,INV-2021,2025-05-06,Client-072: M/s Arun Fashion House,Metallic Zari (Label-306),214,168.66,36093.24
131,INV-2611,2023-05-03,Client-135: M/s Anjali Emporium,Polyester Grosgrain (Label-408),15,30.1,451.5
132,INV-1627,2026-05-16,Client-016: M/s Padma Garments,Lace Trim Border (Label-217),189,68.76,12995.64
133,INV-2426,2024-01-15,Client-030: M/s Shardaben Fashion House,Silver Tissue (Label-312),29,177.05,5134.45
134,INV-3054,2026-02-07,Client-147: M/s Jagdish Silk House,Lace Trim Border (Label-217),14,70.65,989.1
135,INV-3008,2025-09-29,Client-050: Smt. Balaji Boutique,Silver Tissue (Label-312),47,196.52,9236.44
136,INV-0600,2025-04-25,Client-132: M/s Shanta Creations,Polyester Grosgrain (Label-408),32,34.2,1094.4
137,INV-1748,2025-06-13,Client-135: M/s Anjali Emporium,Multicolor Taffeta (Label-308),113,91.42,10330.46
138,INV-2352,2023-05-23,Client-140: M/s Brijesh Weavers,Banarasi Zari Border (Label-302),42,145.72,6120.24
139,INV-1430,2025-03-27,Client-015: M/s Savita Decorators,Lace Trim Border (Label-217),373,69.85,26054.05
140,INV-1115,2024-05-07,Client-077: Shri Deepak Fashion House,Embroidered Mirror Work (Label-422),81,206.23,16704.63
141,INV-0643,2023-07-21,Client-149: Shri Alpesh Saree Centre,Satin 2-Inch (Label-102),11,54.52,599.72
142,INV-0403,2025-01-03,Client-137: M/s Vandana Traders,Chiffon Pleated (Label-119),11,70.77,778.47
143,INV-0491,2023-08-03,Client-044: Shri Meena Silk House,Chiffon Pleated (Label-119),77,69.91,5383.07
144,INV-2500,2025-05-01,Client-063: Smt. Padma Saree Centre,Organza Sheer (Label-210),255,59.37,15139.35
145,INV-1004,2026-03-14,Client-007: M/s Hasmukh Collections,Multicolor Taffeta (Label-308),22,87.36,1921.92
146,INV-3485,2023-10-03,Client-131: M/s Geeta Fabrics,Velvet Roll (Label-405),80,114.32,9145.6
147,INV-1879,2023-12-31,Client-068: M/s Madhuri Fabrics,Raw Silk Ribbon (Label-115),411,107.37,44129.07
148,INV-2474,2023-02-14,Client-089: M/s Naresh Fashion House,Lace Trim Border (Label-217),53,63.45,3362.85
149,INV-0271,2024-04-07,Client-014: Shri Usha Fabrics,Velvet Roll (Label-405),638,117.92,75232.96
150,INV-2342,2023-01-23,Client-053: M/s Malti Enterprises,Organza Sheer (Label-210),72,52.76,3798.72
151,INV-3059,2023-10-10,Client-046: M/s Bhikhabhai Textiles,Jacquard Brocade (Label-315),19,162.43,3086.17
152,INV-3199,2024-10-25,Client-050: Smt. Balaji Boutique,Multicolor Taffeta (Label-308),247,79.26,19577.22
153,INV-1045,2025-04-28,Client-119: M/s Bhikhabhai Emporium,Kutch Embroidery Border (Label-407),94,241.74,22723.56
154,INV-3498,2024-12-15,Client-108: M/s Shyam Event Planners,Gota Patti (Label-204),78,79.67,6214.26
155,INV-2794,2026-06-04,Client-099: M/s Sushila Garments,Silver Tissue (Label-312),594,181.35,107721.9
156,INV-2393,2023-08-18,Client-140: M/s Brijesh Weavers,Banarasi Zari Border (Label-302),10,145.57,1455.7
157,INV-3471,2026-05-12,Client-063: Smt. Padma Saree Centre,Silk Printed (Label-112),47,92.21,4333.87
158,INV-3838,2024-02-14,Client-049: Shri Ketan Industries,Raw Silk Ribbon (Label-115),10,100.86,1008.6
159,INV-2359,2023-03-15,Client-150: M/s Kantilal Event Planners,Satin 2-Inch (Label-102),89,45.07,4011.23
160,INV-2335,2023-06-16,Client-119: M/s Bhikhabhai Emporium,Raw Silk Ribbon (Label-115),318,118.81,37781.58
161,INV-0018,2025-06-25,Client-130: M/s Jignesh Creations,Embroidered Mirror Work (Label-422),131,223.88,29328.28
162,INV-3655,2023-05-19,Client-053: M/s Malti Enterprises,Metallic Zari (Label-306),134,150.66,20188.44
163,INV-1211,2024-11-27,Client-012: M/s Nayna Event Planners,Silver Tissue (Label-312),18,185.93,3346.74
164,INV-2118,2024-08-23,Client-107: M/s Ramniklal Event Planners,Jacquard Brocade (Label-315),5,172.17,860.85
165,INV-0230,2023-09-22,Client-015: M/s Savita Decorators,Velvet Roll (Label-405),97,120.43,11681.71
166,INV-1118,2023-02-26,Client-080: Shri Nayna Weavers,Multicolor Taffeta (Label-308),270,87.74,23689.8
167,INV-0496,2023-04-22,Client-110: M/s Anita Embroidery Works,Satin 1-Inch (Label-101),16,33.56,536.96
168,INV-0462,2023-12-11,Client-111: Shri Rekha Textiles,Chiffon Pleated (Label-119),164,74.94,12290.16
169,INV-1564,2025-12-14,Client-004: Smt. Narottam Fabrics,Raw Silk Ribbon (Label-115),13,101.19,1315.47
170,INV-0319,2025-10-15,Client-121: M/s Harish Traders,Metallic Zari (Label-306),431,173.26,74675.06
171,INV-2454,2026-03-08,Client-069: Smt. Mohan Designs,Banarasi Zari Border (Label-302),143,158.97,22732.71
172,INV-3266,2024-04-08,Client-070: M/s Yash Designs,Embroidered Mirror Work (Label-422),47,200.08,9403.76
173,INV-2453,2024-06-05,Client-117: Smt. Narottam Emporium,Silver Tissue (Label-312),135,198.26,26765.1
174,INV-1492,2024-09-19,Client-126: M/s Mukesh Garments,Velvet Roll (Label-405),44,120.7,5310.8
175,INV-3573,2024-05-11,Client-118: M/s Pravin Textiles,Satin 1-Inch (Label-101),417,31.71,13223.07
176,INV-1290,2025-12-27,Client-144: M/s Pooja Fashion House,Multicolor Taffeta (Label-308),396,79.23,31375.08
177,INV-3323,2024-08-16,Client-114: M/s Padma Enterprises,Gota Patti (Label-204),29,81.68,2368.72
178,INV-3519,2023-06-04,Client-127: M/s Nayna Boutique,Organza Sheer (Label-210),54,51.54,2783.16
179,INV-3394,2026-02-13,Client-147: M/s Jagdish Silk House,Silver Tissue (Label-312),393,182.91,71883.63
180,INV-0658,2025-11-26,Client-093: Shri Niraj Boutique,Chiffon Pleated (Label-119),64,74.55,4771.2
181,INV-1057,2024-10-22,Client-078: M/s Prital Exports,Cotton Herringbone (Label-203),117,43.56,5096.52
182,INV-3195,2023-12-27,Client-130: M/s Jignesh Creations,Multicolor Taffeta (Label-308),38,83.77,3183.26
183,INV-3895,2023-01-28,Client-099: M/s Sushila Garments,Satin 1-Inch (Label-101),70,36.68,2567.6
184,INV-1663,2024-07-17,Client-037: M/s Vinod Fashion House,Chanderi Block Print (Label-221),41,122.12,5006.92
185,INV-1331,2024-10-21,Client-135: M/s Anjali Emporium,Satin 2-Inch (Label-102),159,52.16,8293.44
186,INV-1179,2024-11-30,Client-058: Smt. Deepika Fashion House,Chanderi Block Print (Label-221),60,140.03,8401.8
187,INV-3721,2025-10-05,Client-127: M/s Nayna Boutique,Chanderi Block Print (Label-221),37,131.82,4877.34
188,INV-2158,2026-06-03,Client-019: M/s Sunil Collections,Metallic Zari (Label-306),65,172.01,11180.65
189,INV-0299,2024-01-01,Client-101: Smt. Manju Garments,Gold Zardozi (Label-501),138,259.13,35759.94
190,INV-0094,2025-12-28,Client-082: M/s Dhaval Event Planners,Chanderi Block Print (Label-221),38,140.91,5354.58
191,INV-2405,2024-10-16,Client-066: Smt. Krunal Embroidery Works,Satin 2-Inch (Label-102),74,53.61,3967.14
192,INV-3549,2023-07-09,Client-039: Shri Jignesh Designs,Nylon Woven (Label-501),917,25.98,23823.66
193,INV-1576,2024-09-09,Client-074: M/s Amrut Fashion House,Lace Trim Border (Label-217),129,69.88,9014.52
194,INV-3746,2025-08-06,Client-070: M/s Yash Designs,Embroidered Mirror Work (Label-422),32,192.79,6169.28
195,INV-2887,2024-12-08,Client-150: M/s Kantilal Event Planners,Satin 2-Inch (Label-102),22,53.23,1171.06
196,INV-1794,2026-02-28,Client-010: M/s Pallavi Designs,Lace Trim Border (Label-217),13,71.25,926.25
197,INV-0024,2025-05-10,Client-150: M/s Kantilal Event Planners,Gota Patti (Label-204),16,91.06,1456.96
198,INV-3351,2023-04-04,Client-065: Shri Arvind Emporium,Silver Tissue (Label-312),116,183.96,21339.36
199,INV-3624,2025-03-11,Client-099: M/s Sushila Garments,Raw Silk Ribbon (Label-115),117,113.72,13305.24
200,INV-1732,2025-02-12,Client-071: M/s Kavya Fabrics,Chanderi Block Print (Label-221),161,139.83,22512.63
201,INV-1085,2025-04-08,Client-131: M/s Geeta Fabrics,Cotton Herringbone (Label-203),23,39.04,897.92
202,INV-3992,2023-11-10,Client-029: M/s Hitesh Boutique,Silk Printed (Label-112),60,92.39,5543.4
203,INV-2666,2025-10-23,Client-011: M/s Kavya Industries,Metallic Zari (Label-306),32,156.14,4996.48
204,INV-2379,2023-03-03,Client-111: Shri Rekha Textiles,Multicolor Taffeta (Label-308),6,86.46,518.76
205,INV-1273,2023-11-27,Client-145: M/s Rahul Decorators,Satin 1-Inch (Label-101),141,33.6,4737.6
206,INV-0306,2024-10-15,Client-083: M/s Vandana Exports,Nylon Woven (Label-501),45,26.89,1210.05
207,INV-2903,2025-04-24,Client-026: Smt. Vivek Fabrics,Multicolor Taffeta (Label-308),113,86.22,9742.86
208,INV-2762,2023-12-03,Client-021: M/s Yash Emporium,Raw Silk Ribbon (Label-115),939,102.59,96332.01
209,INV-0599,2024-05-23,Client-088: M/s Pooja Creations,Polyester Grosgrain (Label-408),51,31.7,1616.7
210,INV-3880,2023-04-24,Client-120: M/s Usha Enterprises,Polyester Grosgrain (Label-408),56,30.49,1707.44
211,INV-0872,2026-03-11,Client-008: M/s Natubhai Exports,Jacquard Brocade (Label-315),495,164.29,81323.55
212,INV-2546,2025-05-14,Client-146: M/s Yash Fashion House,Jacquard Brocade (Label-315),160,157.76,25241.6
213,INV-2122,2023-03-12,Client-037: M/s Vinod Fashion House,Embroidered Mirror Work (Label-422),75,190.95,14321.25
214,INV-1361,2026-05-23,Client-135: M/s Anjali Emporium,Metallic Zari (Label-306),56,173.13,9695.28
215,INV-1937,2025-01-18,Client-089: M/s Naresh Fashion House,Embroidered Mirror Work (Label-422),140,197.98,27717.2
216,INV-2759,2024-02-04,Client-117: Smt. Narottam Emporium,Nylon Woven (Label-501),260,25.7,6682.0
217,INV-3645,2025-01-27,Client-109: M/s Padma Silk House,Multicolor Taffeta (Label-308),398,87.45,34805.1
218,INV-1540,2023-06-03,Client-088: M/s Pooja Creations,Polyester Grosgrain (Label-408),71,33.44,2374.24
219,INV-2211,2025-02-03,Client-001: M/s Geeta Textiles,Gold Zardozi (Label-501),13,252.7,3285.1
220,INV-1053,2024-06-15,Client-015: M/s Savita Decorators,Organza Sheer (Label-210),50,53.02,2651.0
221,INV-1567,2024-11-24,Client-022: Shri Champa Traders,Silk Printed (Label-112),22,88.15,1939.3
222,INV-3247,2024-01-21,Client-132: M/s Shanta Creations,Patola Woven Border (Label-330),57,261.25,14891.25
223,INV-1927,2026-04-28,Client-056: M/s Shyamlal Textiles,Cotton Herringbone (Label-203),78,39.3,3065.4
224,INV-2024,2023-12-30,Client-001: M/s Geeta Textiles,Silver Tissue (Label-312),151,207.86,31386.86
225,INV-0409,2025-01-31,Client-043: Smt. Manju Weavers,Banarasi Zari Border (Label-302),90,141.99,12779.1
226,INV-0100,2024-05-08,Client-150: M/s Kantilal Event Planners,Organza Sheer (Label-210),90,52.05,4684.5
227,INV-1212,2025-11-21,Client-027: M/s Rajendra Creations,Banarasi Zari Border (Label-302),43,157.37,6766.91
228,INV-1433,2025-08-31,Client-049: Shri Ketan Industries,Gota Patti (Label-204),36,93.27,3357.72
229,INV-0316,2024-03-09,Client-031: M/s Paresh Garments,Satin 2-Inch (Label-102),336,54.14,18191.04
230,INV-1174,2025-03-27,Client-054: Smt. Subhash Creations,Jacquard Brocade (Label-315),645,171.1,110359.5
231,INV-1236,2025-11-23,Client-093: Shri Niraj Boutique,Multicolor Taffeta (Label-308),40,80.92,3236.8
232,INV-3160,2023-01-29,Client-094: M/s Dilip Weavers,Chiffon Pleated (Label-119),64,75.86,4855.04
233,INV-2733,2023-04-23,Client-006: M/s Naresh Exports,Silver Tissue (Label-312),67,193.95,12994.65
234,INV-3973,2024-07-05,Client-100: Smt. Kavita Saree Centre,Silk Printed (Label-112),441,102.29,45109.89
235,INV-3641,2025-07-08,Client-085: M/s Nayna Industries,Velvet Roll (Label-405),98,111.22,10899.56
236,INV-0752,2024-07-05,Client-113: Smt. Kantilal Exports,Gota Patti (Label-204),292,80.46,23494.32
237,INV-3116,2023-09-14,Client-056: M/s Shyamlal Textiles,Patola Woven Border (Label-330),117,234.69,27458.73
238,INV-0157,2024-12-26,Client-011: M/s Kavya Industries,Embroidered Mirror Work (Label-422),127,189.79,24103.33
239,INV-2562,2026-02-05,Client-030: M/s Shardaben Fashion House,Nylon Woven (Label-501),160,30.38,4860.8
240,INV-0121,2026-06-14,Client-072: M/s Arun Fashion House,Banarasi Zari Border (Label-302),354,150.52,53284.08
241,INV-1455,2024-03-07,Client-058: Smt. Deepika Fashion House,Banarasi Zari Border (Label-302),23,157.27,3617.21
242,INV-0512,2023-07-25,Client-145: M/s Rahul Decorators,Velvet Roll (Label-405),890,126.86,112905.4
243,INV-1518,2024-02-11,Client-073: M/s Lakshmi Event Planners,Banarasi Zari Border (Label-302),409,134.38,54961.42
244,INV-3505,2023-07-22,Client-037: M/s Vinod Fashion House,Organza Sheer (Label-210),45,57.76,2599.2
245,INV-2017,2023-02-17,Client-073: M/s Lakshmi Event Planners,Silver Tissue (Label-312),42,204.52,8589.84
246,INV-3441,2025-05-30,Client-088: M/s Pooja Creations,Banarasi Zari Border (Label-302),13,148.18,1926.34
247,INV-2847,2023-07-29,Client-141: Shri Brijesh Event Planners,Jacquard Brocade (Label-315),26,182.64,4748.64
248,INV-3779,2025-08-31,Client-072: M/s Arun Fashion House,Satin 1-Inch (Label-101),1435,35.8,51373.0
249,INV-3804,2025-11-12,Client-001: M/s Geeta Textiles,Silk Printed (Label-112),132,103.35,13642.2
250,INV-0677,2025-06-02,Client-095: M/s Shardaben Handloom,Banarasi Zari Border (Label-302),38,150.73,5727.74
251,INV-0241,2025-07-09,Client-025: M/s Ruchita Exports,Banarasi Zari Border (Label-302),112,138.92,15559.04
252,INV-1024,2025-01-31,Client-013: M/s Gopal Exports,Organza Sheer (Label-210),144,53.38,7686.72
253,INV-2217,2024-08-19,Client-047: M/s Harish Creations,Kutch Embroidery Border (Label-407),72,230.85,16621.2
254,INV-1512,2024-11-03,Client-028: Shri Tarun Industries,Gota Patti (Label-204),117,82.45,9646.65
255,INV-2814,2024-11-14,Client-069: Smt. Mohan Designs,Banarasi Zari Border (Label-302),36,132.99,4787.64
256,INV-3226,2025-03-08,Client-123: M/s Alka Collections,Nylon Woven (Label-501),49,25.57,1252.93
257,INV-3800,2023-06-04,Client-138: Smt. Natubhai Weavers,Velvet Roll (Label-405),57,117.94,6722.58
258,INV-3764,2024-04-25,Client-005: M/s Nayna Garments,Banarasi Zari Border (Label-302),32,147.36,4715.52
259,INV-2883,2023-10-15,Client-003: M/s Vinod Traders,Kutch Embroidery Border (Label-407),74,237.59,17581.66
260,INV-0487,2023-05-19,Client-028: Shri Tarun Industries,Gota Patti (Label-204),179,77.32,13840.28
261,INV-3362,2025-07-25,Client-063: Smt. Padma Saree Centre,Nylon Woven (Label-501),154,26.19,4033.26
262,INV-1874,2025-12-03,Client-143: M/s Prakash Silk House,Patola Woven Border (Label-330),9,266.88,2401.92
263,INV-2462,2025-02-23,Client-005: M/s Nayna Garments,Jacquard Brocade (Label-315),178,160.69,28602.82
264,INV-2438,2023-06-03,Client-008: M/s Natubhai Exports,Embroidered Mirror Work (Label-422),64,191.79,12274.56
265,INV-0355,2024-11-05,Client-111: Shri Rekha Textiles,Chanderi Block Print (Label-221),38,147.8,5616.4
266,INV-1018,2023-10-31,Client-053: M/s Malti Enterprises,Gold Zardozi (Label-501),178,305.32,54346.96
267,INV-3664,2024-11-25,Client-041: M/s Varsha Handloom,Embroidered Mirror Work (Label-422),329,224.72,73932.88
268,INV-1742,2023-10-20,Client-051: M/s Brijesh Saree Centre,Embroidered Mirror Work (Label-422),77,213.58,16445.66
269,INV-2331,2026-07-22,Client-122: M/s Bhikhabhai Enterprises,Cotton Herringbone (Label-203),148,42.46,6284.08
270,INV-2404,2026-07-24,Client-011: M/s Kavya Industries,Patola Woven Border (Label-330),396,249.57,98829.72
271,INV-1221,2025-04-18,Client-133: Smt. Manisha Designs,Patola Woven Border (Label-330),53,243.09,12883.77
272,INV-0052,2024-01-30,Client-138: Smt. Natubhai Weavers,Jacquard Brocade (Label-315),56,164.2,9195.2
273,INV-2723,2025-02-05,Client-032: Shri Lakshmi Event Planners,Banarasi Zari Border (Label-302),60,133.47,8008.2
274,INV-1721,2026-06-28,Client-079: M/s Savita Weavers,Nylon Woven (Label-501),182,26.15,4759.3
275,INV-0074,2023-08-03,Client-085: M/s Nayna Industries,Embroidered Mirror Work (Label-422),588,218.13,128260.44
276,INV-1689,2024-04-29,Client-073: M/s Lakshmi Event Planners,Gota Patti (Label-204),26,87.44,2273.44
277,INV-0439,2024-10-17,Client-020: M/s Jagdish Fabrics,Kutch Embroidery Border (Label-407),21,224.15,4707.15
278,INV-1475,2026-05-11,Client-002: M/s Chandrika Fashion House,Silver Tissue (Label-312),181,192.94,34922.14
279,INV-2761,2023-08-11,Client-021: M/s Yash Emporium,Multicolor Taffeta (Label-308),104,79.39,8256.56
280,INV-0803,2026-01-27,Client-022: Shri Champa Traders,Chiffon Pleated (Label-119),156,75.03,11704.68
281,INV-0466,2025-12-12,Client-140: M/s Brijesh Weavers,Gota Patti (Label-204),25,93.32,2333.0
282,INV-3085,2025-05-11,Client-104: M/s Nirmala Designs,Cotton Herringbone (Label-203),28,46.02,1288.56
283,INV-1065,2023-06-10,Client-029: M/s Hitesh Boutique,Satin 1-Inch (Label-101),196,31.63,6199.48
284,INV-3911,2024-08-02,Client-102: M/s Sita Industries,Chiffon Pleated (Label-119),333,69.85,23260.05
285,INV-0158,2024-10-03,Client-147: M/s Jagdish Silk House,Chiffon Pleated (Label-119),38,78.14,2969.32
286,INV-2004,2026-03-15,Client-078: M/s Prital Exports,Raw Silk Ribbon (Label-115),350,110.31,38608.5
287,INV-1654,2026-03-17,Client-062: M/s Deepak Creations,Silver Tissue (Label-312),40,213.47,8538.8
288,INV-0053,2024-07-20,Client-135: M/s Anjali Emporium,Raw Silk Ribbon (Label-115),39,105.23,4103.97
289,INV-1345,2025-08-02,Client-022: Shri Champa Traders,Metallic Zari (Label-306),82,171.07,14027.74
290,INV-0221,2025-10-02,Client-035: M/s Chandrakant Silk House,Satin 1-Inch (Label-101),67,34.66,2322.22
291,INV-0027,2024-07-12,Client-008: M/s Natubhai Exports,Chiffon Pleated (Label-119),22,72.54,1595.88
292,INV-2015,2025-01-26,Client-081: M/s Mahesh Traders,Multicolor Taffeta (Label-308),28,91.07,2549.96
293,INV-0215,2023-11-24,Client-037: M/s Vinod Fashion House,Raw Silk Ribbon (Label-115),351,113.92,39985.92
294,INV-2058,2026-02-04,Client-049: Shri Ketan Industries,Satin 1-Inch (Label-101),18,37.84,681.12
295,INV-0938,2025-09-02,Client-137: M/s Vandana Traders,Nylon Woven (Label-501),326,27.33,8909.58
296,INV-0552,2026-07-07,Client-058: Smt. Deepika Fashion House,Lace Trim Border (Label-217),23,62.56,1438.88
297,INV-3027,2024-05-02,Client-027: M/s Rajendra Creations,Organza Sheer (Label-210),414,60.23,24935.22
298,INV-2587,2023-10-09,Client-026: Smt. Vivek Fabrics,Lace Trim Border (Label-217),1103,59.97,66146.91
299,INV-0326,2026-07-15,Client-039: Shri Jignesh Designs,Gota Patti (Label-204),101,80.22,8102.22
300,INV-3271,2023-12-21,Client-123: M/s Alka Collections,Banarasi Zari Border (Label-302),466,144.39,67285.74
301,INV-3976,2025-02-25,Client-002: M/s Chandrika Fashion House,Velvet Roll (Label-405),37,118.05,4367.85
302,INV-1671,2023-09-07,Client-008: M/s Natubhai Exports,Silver Tissue (Label-312),92,176.4,16228.8
303,INV-0830,2025-04-27,Client-078: M/s Prital Exports,Multicolor Taffeta (Label-308),310,92.32,28619.2
304,INV-3117,2024-09-20,Client-096: M/s Kiran Emporium,Nylon Woven (Label-501),206,25.31,5213.86
305,INV-0753,2025-10-07,Client-108: M/s Shyam Event Planners,Polyester Grosgrain (Label-408),664,33.83,22463.12
306,INV-3703,2024-11-13,Client-101: Smt. Manju Garments,Metallic Zari (Label-306),86,173.05,14882.3
307,INV-3238,2023-02-07,Client-112: M/s Indira Traders,Jacquard Brocade (Label-315),808,180.83,146110.64
308,INV-2477,2026-04-14,Client-136: M/s Anjali Decorators,Silk Printed (Label-112),472,101.57,47941.04
309,INV-0045,2025-08-09,Client-098: M/s Bhavna Garments,Metallic Zari (Label-306),15,144.92,2173.8
310,INV-3988,2025-04-22,Client-012: M/s Nayna Event Planners,Metallic Zari (Label-306),117,167.4,19585.8
311,INV-1554,2026-01-29,Client-035: M/s Chandrakant Silk House,Embroidered Mirror Work (Label-422),332,226.73,75274.36
312,INV-0502,2026-01-13,Client-059: M/s Sita Fabrics,Silver Tissue (Label-312),531,177.88,94454.28
313,INV-2399,2024-09-19,Client-104: M/s Nirmala Designs,Polyester Grosgrain (Label-408),42,34.08,1431.36
314,INV-0977,2026-04-06,Client-026: Smt. Vivek Fabrics,Chanderi Block Print (Label-221),154,138.04,21258.16
315,INV-2528,2025-02-10,Client-026: Smt. Vivek Fabrics,Satin 1-Inch (Label-101),49,32.08,1571.92
316,INV-1193,2024-01-21,Client-054: Smt. Subhash Creations,Satin 2-Inch (Label-102),83,51.49,4273.67
317,INV-1000,2025-08-21,Client-130: M/s Jignesh Creations,Banarasi Zari Border (Label-302),28,142.85,3999.8
318,INV-0569,2024-08-18,Client-081: M/s Mahesh Traders,Embroidered Mirror Work (Label-422),53,220.02,11661.06
319,INV-2793,2023-06-09,Client-017: M/s Rahul Creations,Chanderi Block Print (Label-221),739,139.42,103031.38
320,INV-3809,2023-03-03,Client-005: M/s Nayna Garments,Multicolor Taffeta (Label-308),111,81.79,9078.69
321,INV-2032,2025-08-02,Client-114: M/s Padma Enterprises,Nylon Woven (Label-501),31,29.66,919.46
322,INV-0367,2024-03-30,Client-133: Smt. Manisha Designs,Silver Tissue (Label-312),167,198.14,33089.38
323,INV-0458,2023-10-14,Client-016: M/s Padma Garments,Nylon Woven (Label-501),25,25.93,648.25
324,INV-0257,2026-03-30,Client-014: Shri Usha Fabrics,Kutch Embroidery Border (Label-407),1148,229.1,245046.77659999995
325,INV-2187,2024-05-17,Client-113: Smt. Kantilal Exports,Chanderi Block Print (Label-221),92,143.41,13193.72
326,INV-2271,2024-02-27,Client-045: M/s Akash Saree Centre,Cotton Herringbone (Label-203),91,46.06,4191.46
327,INV-1477,2023-03-13,Client-032: Shri Lakshmi Event Planners,Gold Zardozi (Label-501),92,268.72,24722.24
328,INV-0577,2023-05-10,Client-081: M/s Mahesh Traders,Gota Patti (Label-204),55,88.48,4866.4
329,INV-2340,2024-01-21,Client-031: M/s Paresh Garments,Polyester Grosgrain (Label-408),3758,33.49,125855.42
330,INV-2141,2023-09-16,Client-118: M/s Pravin Textiles,Velvet Roll (Label-405),30,110.89,3326.7
331,INV-2283,2025-06-22,Client-047: M/s Harish Creations,Multicolor Taffeta (Label-308),71,94.93,6740.03
332,INV-3737,2024-12-02,Client-014: Shri Usha Fabrics,Kutch Embroidery Border (Label-407),98,223.62,21914.76
333,INV-1765,2023-08-08,Client-109: M/s Padma Silk House,Organza Sheer (Label-210),235,49.81,11705.35
334,INV-2305,2025-10-11,Client-048: M/s Bhavesh Traders,Satin 2-Inch (Label-102),136,47.88,6511.68
335,INV-2894,2025-06-02,Client-006: M/s Naresh Exports,Embroidered Mirror Work (Label-422),46,198.58,9134.68
336,INV-0292,2025-09-28,Client-131: M/s Geeta Fabrics,Multicolor Taffeta (Label-308),182,93.43,17004.26
337,INV-0730,2023-05-27,Client-088: M/s Pooja Creations,Nylon Woven (Label-501),338,26.96,9112.48
338,INV-1614,2023-06-28,Client-117: Smt. Narottam Emporium,Metallic Zari (Label-306),96,149.43,14345.28
339,INV-0135,2024-10-27,Client-136: M/s Anjali Decorators,Polyester Grosgrain (Label-408),25,31.7,792.5
340,INV-1511,2025-08-06,Client-125: Shri Padma Saree Centre,Banarasi Zari Border (Label-302),55,140.82,7745.1
341,INV-0681,2023-01-15,Client-031: M/s Paresh Garments,Gold Zardozi (Label-501),547,252.4,138062.8
342,INV-3474,2024-11-15,Client-097: M/s Deepika Designs,Nylon Woven (Label-501),150,28.47,4270.5
343,INV-0264,2024-07-25,Client-058: Smt. Deepika Fashion House,Polyester Grosgrain (Label-408),228,33.74,7692.72
344,INV-2429,2023-10-08,Client-063: Smt. Padma Saree Centre,Satin 2-Inch (Label-102),81,53.01,4293.81
345,INV-3350,2023-10-24,Client-050: Smt. Balaji Boutique,Jacquard Brocade (Label-315),29,158.1,4584.9
346,INV-2242,2023-12-09,Client-066: Smt. Krunal Embroidery Works,Patola Woven Border (Label-330),137,260.75,35722.75
347,INV-0765,2026-07-04,Client-092: M/s Pushpa Silk House,Chanderi Block Print (Label-221),29,125.66,3644.14
348,INV-0057,2025-08-19,Client-088: M/s Pooja Creations,Jacquard Brocade (Label-315),32,191.29,6121.28
349,INV-2785,2026-06-01,Client-140: M/s Brijesh Weavers,Gota Patti (Label-204),94,92.7,8713.8
350,INV-0683,2024-06-19,Client-109: M/s Padma Silk House,Kutch Embroidery Border (Label-407),333,223.82,74532.06
351,INV-1294,2024-11-16,Client-147: M/s Jagdish Silk House,Gota Patti (Label-204),24,93.33,2239.92
352,INV-1310,2025-01-02,Client-139: M/s Gopal Fashion House,Organza Sheer (Label-210),23,51.12,1175.76
353,INV-3401,2025-03-04,Client-143: M/s Prakash Silk House,Cotton Herringbone (Label-203),48,44.24,2123.52
354,INV-0545,2025-02-20,Client-106: Smt. Kamlesh Designs,Banarasi Zari Border (Label-302),41,155.75,6385.75
355,INV-1861,2024-08-07,Client-082: M/s Dhaval Event Planners,Jacquard Brocade (Label-315),79,190.87,15078.73
356,INV-2709,2024-11-17,Client-020: M/s Jagdish Fabrics,Satin 1-Inch (Label-101),174,33.29,5792.46
357,INV-3932,2026-02-22,Client-083: M/s Vandana Exports,Nylon Woven (Label-501),132,29.47,3890.04
358,INV-1729,2026-05-05,Client-070: M/s Yash Designs,Patola Woven Border (Label-330),166,250.97,41661.02
359,INV-2346,2023-02-04,Client-084: M/s Kantilal Embroidery Works,Silver Tissue (Label-312),776,194.11,150629.36
360,INV-0839,2025-02-18,Client-101: Smt. Manju Garments,Raw Silk Ribbon (Label-115),58,119.66,6940.28
361,INV-0171,2024-01-21,Client-122: M/s Bhikhabhai Enterprises,Gold Zardozi (Label-501),67,260.45,17450.15
362,INV-2025,2023-12-19,Client-026: Smt. Vivek Fabrics,Chiffon Pleated (Label-119),235,76.2,17907.0
363,INV-3847,2023-11-06,Client-047: M/s Harish Creations,Nylon Woven (Label-501),22,27.09,595.98
364,INV-3585,2023-11-09,Client-071: M/s Kavya Fabrics,Satin 1-Inch (Label-101),25,38.19,954.75
365,INV-1551,2023-03-22,Client-072: M/s Arun Fashion House,Organza Sheer (Label-210),68,52.47,3567.96
366,INV-1589,2026-04-06,Client-041: M/s Varsha Handloom,Gota Patti (Label-204),65,79.0,5135.0
367,INV-2764,2025-08-15,Client-147: M/s Jagdish Silk House,Lace Trim Border (Label-217),25,63.39,1584.75
368,INV-0189,2023-11-25,Client-132: M/s Shanta Creations,Organza Sheer (Label-210),158,58.64,9265.12
369,INV-0323,2024-11-22,Client-126: M/s Mukesh Garments,Chanderi Block Print (Label-221),132,141.47,18674.04
370,INV-0986,2025-01-15,Client-112: M/s Indira Traders,Cotton Herringbone (Label-203),85,40.61,3451.85
371,INV-3630,2025-12-06,Client-041: M/s Varsha Handloom,Polyester Grosgrain (Label-408),113,34.23,3867.99
372,INV-0433,2024-07-04,Client-031: M/s Paresh Garments,Gota Patti (Label-204),465,82.2,38223.0
373,INV-1092,2023-09-01,Client-081: M/s Mahesh Traders,Chiffon Pleated (Label-119),98,74.14,7265.72
374,INV-2895,2024-07-30,Client-028: Shri Tarun Industries,Metallic Zari (Label-306),244,154.22,37629.68
375,INV-2837,2023-09-23,Client-132: M/s Shanta Creations,Jacquard Brocade (Label-315),86,189.67,16311.62
376,INV-2892,2025-01-11,Client-123: M/s Alka Collections,Nylon Woven (Label-501),43,28.32,1217.76
377,INV-2239,2024-01-24,Client-125: Shri Padma Saree Centre,Cotton Herringbone (Label-203),28,42.84,1199.52
378,INV-3124,2025-05-13,Client-012: M/s Nayna Event Planners,Lace Trim Border (Label-217),228,61.68,14063.04
379,INV-3685,2024-12-13,Client-077: Shri Deepak Fashion House,Kutch Embroidery Border (Label-407),225,244.59,55032.75
380,INV-1806,2025-01-01,Client-057: M/s Drashti Emporium,Multicolor Taffeta (Label-308),36,91.75,3303.0
381,INV-1316,2023-03-28,Client-001: M/s Geeta Textiles,Chanderi Block Print (Label-221),99,127.52,12624.48
382,INV-2958,2023-05-10,Client-019: M/s Sunil Collections,Silk Printed (Label-112),37,104.48,3865.76
383,INV-1097,2024-08-05,Client-008: M/s Natubhai Exports,Kutch Embroidery Border (Label-407),53,209.08,11081.24
384,INV-1946,2024-02-02,Client-005: M/s Nayna Garments,Metallic Zari (Label-306),193,170.79,32962.47
385,INV-1033,2025-09-07,Client-036: M/s Rahul Enterprises,Patola Woven Border (Label-330),722,252.55,182341.1
386,INV-1019,2025-05-03,Client-139: M/s Gopal Fashion House,Organza Sheer (Label-210),482,54.71,26370.22
387,INV-0239,2024-10-02,Client-082: M/s Dhaval Event Planners,Lace Trim Border (Label-217),192,71.18,13666.56
388,INV-0175,2023-04-18,Client-086: M/s Neha Fashion House,Satin 1-Inch (Label-101),82,33.81,2772.42
389,INV-2241,2026-07-29,Client-041: M/s Varsha Handloom,Satin 2-Inch (Label-102),534,45.67,24387.78
390,INV-2568,2023-09-06,Client-001: M/s Geeta Textiles,Nylon Woven (Label-501),29,25.57,741.53
391,INV-0819,2025-07-26,Client-006: M/s Naresh Exports,Banarasi Zari Border (Label-302),51,137.67,7021.17
392,INV-0991,2025-08-22,Client-014: Shri Usha Fabrics,Embroidered Mirror Work (Label-422),41,195.09,7998.69
393,INV-1114,2026-03-05,Client-016: M/s Padma Garments,Gold Zardozi (Label-501),216,263.24,56859.84
394,INV-1379,2023-02-02,Client-004: Smt. Narottam Fabrics,Metallic Zari (Label-306),223,170.26,37967.98
395,INV-1427,2023-01-15,Client-011: M/s Kavya Industries,Velvet Roll (Label-405),40,113.07,4522.8
396,INV-1139,2024-10-04,Client-029: M/s Hitesh Boutique,Jacquard Brocade (Label-315),317,166.24,52698.08
397,INV-0818,2024-10-08,Client-137: M/s Vandana Traders,Satin 1-Inch (Label-101),101,32.8,3312.8
398,INV-2963,2024-06-20,Client-025: M/s Ruchita Exports,Embroidered Mirror Work (Label-422),200,202.35,40470.0
399,INV-1733,2025-07-09,Client-135: M/s Anjali Emporium,Jacquard Brocade (Label-315),192,166.79,32023.68
400,INV-2349,2026-03-10,Client-131: M/s Geeta Fabrics,Banarasi Zari Border (Label-302),200,151.46,30292.0
401,INV-1451,2025-08-01,Client-076: Smt. Ashok Designs,Nylon Woven (Label-501),32,28.0,896.0
402,INV-0228,2026-03-23,Client-082: M/s Dhaval Event Planners,Chanderi Block Print (Label-221),51,123.5,6298.5
403,INV-2701,2023-08-18,Client-135: M/s Anjali Emporium,Gota Patti (Label-204),21,80.65,1693.65
404,INV-1581,2025-10-09,Client-106: Smt. Kamlesh Designs,Raw Silk Ribbon (Label-115),31,116.46,3610.26
405,INV-1162,2024-01-11,Client-067: M/s Bhavik Traders,Jacquard Brocade (Label-315),75,182.21,13665.75
406,INV-0352,2023-12-09,Client-108: M/s Shyam Event Planners,Polyester Grosgrain (Label-408),118,31.9,3764.2
407,INV-1394,2023-03-23,Client-107: M/s Ramniklal Event Planners,Chanderi Block Print (Label-221),29,143.44,4159.76
408,INV-1264,2026-04-15,Client-131: M/s Geeta Fabrics,Gold Zardozi (Label-501),41,273.56,11215.96
409,INV-1238,2025-07-02,Client-135: M/s Anjali Emporium,Chiffon Pleated (Label-119),33,76.32,2518.56
410,INV-1201,2026-02-07,Client-107: M/s Ramniklal Event Planners,Satin 2-Inch (Label-102),478,46.17,22069.26
411,INV-2179,2025-02-22,Client-125: Shri Padma Saree Centre,Lace Trim Border (Label-217),68,62.88,4275.84
412,INV-2467,2025-06-28,Client-099: M/s Sushila Garments,Raw Silk Ribbon (Label-115),26,115.52,3003.52
413,INV-2011,2026-01-13,Client-143: M/s Prakash Silk House,Gota Patti (Label-204),346,82.33,28486.18
414,INV-1378,2025-02-11,Client-064: Smt. Nayna Exports,Lace Trim Border (Label-217),172,70.31,12093.32
415,INV-0070,2024-10-22,Client-007: M/s Hasmukh Collections,Satin 1-Inch (Label-101),41,33.1,1357.1
416,INV-3598,2024-01-02,Client-136: M/s Anjali Decorators,Gold Zardozi (Label-501),258,267.52,69020.16
417,INV-0046,2024-01-08,Client-091: M/s Bharat Silk House,Cotton Herringbone (Label-203),37,40.66,1504.42
418,INV-3494,2025-10-28,Client-017: M/s Rahul Creations,Gold Zardozi (Label-501),106,279.63,29640.78
419,INV-0184,2024-05-01,Client-073: M/s Lakshmi Event Planners,Multicolor Taffeta (Label-308),32,83.32,2666.24
420,INV-2251,2024-08-20,Client-058: Smt. Deepika Fashion House,Jacquard Brocade (Label-315),53,179.45,9510.85
421,INV-1414,2023-10-30,Client-117: Smt. Narottam Emporium,Patola Woven Border (Label-330),586,232.37,136168.82
422,INV-1587,2024-05-11,Client-058: Smt. Deepika Fashion House,Banarasi Zari Border (Label-302),34,152.16,5173.44
423,INV-1415,2026-03-30,Client-042: M/s Pooja Traders,Gota Patti (Label-204),93,78.48,7298.64
424,INV-0140,2025-06-03,Client-096: M/s Kiran Emporium,Organza Sheer (Label-210),61,55.62,3392.82
425,INV-3354,2026-06-02,Client-072: M/s Arun Fashion House,Kutch Embroidery Border (Label-407),321,238.77,76645.17
426,INV-3212,2024-08-11,Client-122: M/s Bhikhabhai Enterprises,Nylon Woven (Label-501),39,29.58,1153.62
427,INV-0310,2024-01-12,Client-122: M/s Bhikhabhai Enterprises,Nylon Woven (Label-501),103,29.96,3085.88
428,INV-0267,2025-03-19,Client-038: M/s Natubhai Creations,Polyester Grosgrain (Label-408),1,29.07,29.07
429,INV-3151,2023-03-26,Client-034: M/s Mansukhbhai Event Planners,Gold Zardozi (Label-501),651,257.24,167463.24
430,INV-2169,2026-05-21,Client-101: Smt. Manju Garments,Banarasi Zari Border (Label-302),58,140.57,8153.06
431,INV-3208,2023-02-24,Client-048: M/s Bhavesh Traders,Kutch Embroidery Border (Label-407),131,240.41,31493.71
432,INV-0064,2026-05-01,Client-009: M/s Narottam Weavers,Nylon Woven (Label-501),21,26.81,563.01
433,INV-2572,2026-01-21,Client-005: M/s Nayna Garments,Raw Silk Ribbon (Label-115),63,116.7,7352.1
434,INV-1992,2025-12-24,Client-021: M/s Yash Emporium,Organza Sheer (Label-210),319,49.58,15816.02
435,INV-1579,2025-09-06,Client-029: M/s Hitesh Boutique,Kutch Embroidery Border (Label-407),79,226.66,17906.14
436,INV-2683,2024-05-30,Client-011: M/s Kavya Industries,Chiffon Pleated (Label-119),32,71.87,2299.84
437,INV-0145,2025-05-28,Client-143: M/s Prakash Silk House,Gota Patti (Label-204),13,86.85,1129.05
438,INV-3457,2026-06-02,Client-126: M/s Mukesh Garments,Silver Tissue (Label-312),204,178.61,36436.44
439,INV-3402,2025-06-16,Client-076: Smt. Ashok Designs,Embroidered Mirror Work (Label-422),59,207.85,12263.15
440,INV-1406,2025-07-17,Client-144: M/s Pooja Fashion House,Raw Silk Ribbon (Label-115),805,109.58,88211.9
441,INV-3667,2023-12-27,Client-038: M/s Natubhai Creations,Satin 2-Inch (Label-102),93,46.03,4280.79
442,INV-2580,2023-06-24,Client-025: M/s Ruchita Exports,Raw Silk Ribbon (Label-115),69,110.45,7621.05
443,INV-0777,2023-03-07,Client-100: Smt. Kavita Saree Centre,Patola Woven Border (Label-330),1943,249.5,245046.77659999995
444,INV-3025,2026-05-10,Client-098: M/s Bhavna Garments,Cotton Herringbone (Label-203),114,39.27,4476.78
445,INV-1965,2023-01-17,Client-122: M/s Bhikhabhai Enterprises,Metallic Zari (Label-306),163,154.77,25227.51
446,INV-0970,2024-05-12,Client-034: M/s Mansukhbhai Event Planners,Gota Patti (Label-204),20,79.43,1588.6
447,INV-2282,2025-09-03,Client-006: M/s Naresh Exports,Kutch Embroidery Border (Label-407),18,238.65,4295.7
448,INV-0252,2025-11-29,Client-132: M/s Shanta Creations,Organza Sheer (Label-210),748,53.11,39726.28
449,INV-3615,2025-08-16,Client-015: M/s Savita Decorators,Nylon Woven (Label-501),18,27.82,500.76
450,INV-0865,2024-08-11,Client-082: M/s Dhaval Event Planners,Cotton Herringbone (Label-203),41,42.21,1730.61
451,INV-0810,2023-06-25,Client-014: Shri Usha Fabrics,Nylon Woven (Label-501),24,30.51,732.24
452,INV-1599,2024-02-03,Client-027: M/s Rajendra Creations,Satin 1-Inch (Label-101),47,34.04,1599.88
453,INV-2593,2023-04-17,Client-025: M/s Ruchita Exports,Kutch Embroidery Border (Label-407),170,207.18,35220.6
454,INV-3493,2024-07-08,Client-009: M/s Narottam Weavers,Silk Printed (Label-112),43,91.3,3925.9
455,INV-1299,2026-05-13,Client-025: M/s Ruchita Exports,Chanderi Block Print (Label-221),144,133.55,19231.2
456,INV-3871,2023-08-28,Client-013: M/s Gopal Exports,Chanderi Block Print (Label-221),8,134.78,1078.24
457,INV-0280,2024-06-10,Client-004: Smt. Narottam Fabrics,Metallic Zari (Label-306),156,169.3,26410.8
458,INV-1462,2024-02-05,Client-003: M/s Vinod Traders,Lace Trim Border (Label-217),73,67.94,4959.62
459,INV-1423,2024-03-11,Client-016: M/s Padma Garments,Jacquard Brocade (Label-315),112,185.82,20811.84
460,INV-3284,2023-03-10,Client-050: Smt. Balaji Boutique,Polyester Grosgrain (Label-408),112,31.73,3553.76
461,INV-1573,2023-07-28,Client-073: M/s Lakshmi Event Planners,Lace Trim Border (Label-217),43,59.49,2558.07
462,INV-0359,2026-04-27,Client-047: M/s Harish Creations,Patola Woven Border (Label-330),251,263.38,66108.38
463,INV-3928,2025-08-28,Client-023: M/s Navin Embroidery Works,Silver Tissue (Label-312),89,185.85,16540.65
464,INV-0300,2023-01-08,Client-077: Shri Deepak Fashion House,Multicolor Taffeta (Label-308),39,91.05,3550.95
465,INV-1076,2025-10-12,Client-074: M/s Amrut Fashion House,Silver Tissue (Label-312),367,203.66,74743.22
466,INV-1030,2025-07-27,Client-040: M/s Drashti Fashion House,Gota Patti (Label-204),114,92.99,10600.86
467,INV-0535,2024-09-03,Client-133: Smt. Manisha Designs,Nylon Woven (Label-501),36,30.24,1088.64
468,INV-3318,2023-08-13,Client-045: M/s Akash Saree Centre,Jacquard Brocade (Label-315),195,162.47,31681.65
469,INV-3253,2024-09-25,Client-023: M/s Navin Embroidery Works,Embroidered Mirror Work (Label-422),28,223.28,6251.84
470,INV-1771,2023-10-14,Client-078: M/s Prital Exports,Chiffon Pleated (Label-119),79,68.52,5413.08
471,INV-2919,2026-04-14,Client-142: M/s Vandana Boutique,Satin 1-Inch (Label-101),86,37.24,3202.64
472,INV-0416,2023-11-07,Client-114: M/s Padma Enterprises,Silk Printed (Label-112),103,87.15,8976.45
473,INV-0840,2026-01-03,Client-010: M/s Pallavi Designs,Gold Zardozi (Label-501),52,258.12,13422.24
474,INV-2628,2024-04-18,Client-012: M/s Nayna Event Planners,Silk Printed (Label-112),70,94.37,6605.9
475,INV-3805,2023-08-23,Client-040: M/s Drashti Fashion House,Embroidered Mirror Work (Label-422),110,215.49,23703.9
476,INV-1043,2023-10-22,Client-122: M/s Bhikhabhai Enterprises,Gold Zardozi (Label-501),715,307.25,219683.75
477,INV-1498,2024-01-10,Client-091: M/s Bharat Silk House,Multicolor Taffeta (Label-308),378,88.04,33279.12
478,INV-1399,2026-01-29,Client-053: M/s Malti Enterprises,Nylon Woven (Label-501),17,28.04,476.68
479,INV-0309,2025-02-19,Client-082: M/s Dhaval Event Planners,Embroidered Mirror Work (Label-422),87,206.15,17935.05
480,INV-1533,2024-05-20,Client-013: M/s Gopal Exports,Jacquard Brocade (Label-315),73,158.93,11601.89
481,INV-2488,2023-09-28,Client-095: M/s Shardaben Handloom,Kutch Embroidery Border (Label-407),83,243.03,20171.49
482,INV-3285,2025-04-12,Client-028: Shri Tarun Industries,Gota Patti (Label-204),301,81.62,24567.62
483,INV-2619,2023-08-08,Client-073: M/s Lakshmi Event Planners,Cotton Herringbone (Label-203),126,44.6,5619.6
484,INV-1074,2023-08-08,Client-091: M/s Bharat Silk House,Chiffon Pleated (Label-119),40,73.86,2954.4
485,INV-3300,2023-12-21,Client-149: Shri Alpesh Saree Centre,Silver Tissue (Label-312),128,205.51,26305.28
486,INV-3053,2026-03-28,Client-048: M/s Bhavesh Traders,Chiffon Pleated (Label-119),161,67.72,10902.92
487,INV-3518,2023-08-12,Client-098: M/s Bhavna Garments,Kutch Embroidery Border (Label-407),18,208.9,3760.2
488,INV-0762,2023-01-31,Client-071: M/s Kavya Fabrics,Kutch Embroidery Border (Label-407),36,212.5,7650.0
489,INV-2772,2025-05-09,Client-140: M/s Brijesh Weavers,Metallic Zari (Label-306),394,167.51,65998.94
490,INV-1111,2026-07-03,Client-141: Shri Brijesh Event Planners,Jacquard Brocade (Label-315),86,188.33,16196.38
491,INV-1877,2025-10-14,Client-051: M/s Brijesh Saree Centre,Chanderi Block Print (Label-221),109,145.15,15821.35
492,INV-2054,2023-03-09,Client-026: Smt. Vivek Fabrics,Metallic Zari (Label-306),20,160.24,3204.8
493,INV-0059,2023-04-20,Client-145: M/s Rahul Decorators,Polyester Grosgrain (Label-408),133,29.35,3903.55
494,INV-0077,2025-08-04,Client-049: Shri Ketan Industries,Gold Zardozi (Label-501),241,272.26,65614.66
495,INV-0369,2024-12-07,Client-124: M/s Bhavesh Exports,Velvet Roll (Label-405),79,115.09,9092.11
496,INV-2430,2025-08-30,Client-055: M/s Balaji Collections,Velvet Roll (Label-405),15,112.14,1682.1
497,INV-3201,2025-06-18,Client-017: M/s Rahul Creations,Gota Patti (Label-204),2,92.27,184.54
498,INV-0734,2023-06-13,Client-102: M/s Sita Industries,Velvet Roll (Label-405),84,110.29,9264.36
499,INV-3830,2023-12-23,Client-013: M/s Gopal Exports,Cotton Herringbone (Label-203),430,39.36,16924.8
500,INV-2320,2026-07-18,Client-094: M/s Dilip Weavers,Gota Patti (Label-204),156,83.88,13085.28
501,INV-2385,2025-02-03,Client-096: M/s Kiran Emporium,Silver Tissue (Label-312),321,196.59,63105.39
502,INV-2731,2024-09-26,Client-050: Smt. Balaji Boutique,Jacquard Brocade (Label-315),187,188.67,35281.29
503,INV-1840,2023-11-04,Client-021: M/s Yash Emporium,Satin 1-Inch (Label-101),13,38.21,496.73
504,INV-2665,2024-08-11,Client-020: M/s Jagdish Fabrics,Organza Sheer (Label-210),147,51.43,7560.21
505,INV-0125,2023-04-14,Client-063: Smt. Padma Saree Centre,Organza Sheer (Label-210),484,58.16,28149.44
506,INV-3473,2025-05-31,Client-075: Smt. Seema Exports,Multicolor Taffeta (Label-308),82,90.92,7455.44
507,INV-3732,2025-07-04,Client-106: Smt. Kamlesh Designs,Silk Printed (Label-112),22,96.69,2127.18
508,INV-2257,2026-03-07,Client-058: Smt. Deepika Fashion House,Chanderi Block Print (Label-221),219,122.45,26816.55
509,INV-2314,2025-01-10,Client-017: M/s Rahul Creations,Kutch Embroidery Border (Label-407),156,219.07,34174.92
510,INV-0430,2025-06-08,Client-015: M/s Savita Decorators,Polyester Grosgrain (Label-408),66,33.06,2181.96
511,INV-1974,2023-12-05,Client-038: M/s Natubhai Creations,Silk Printed (Label-112),130,102.28,13296.4
512,INV-3954,2025-04-06,Client-068: M/s Madhuri Fabrics,Embroidered Mirror Work (Label-422),74,219.61,16251.14
513,INV-0817,2025-03-02,Client-098: M/s Bhavna Garments,Gold Zardozi (Label-501),48,306.69,14721.12
514,INV-2717,2024-06-04,Client-092: M/s Pushpa Silk House,Banarasi Zari Border (Label-302),136,154.2,20971.2
515,INV-3056,2025-09-23,Client-024: M/s Chirag Industries,Patola Woven Border (Label-330),51,262.4,13382.4
516,INV-1692,2023-07-14,Client-107: M/s Ramniklal Event Planners,Polyester Grosgrain (Label-408),78,30.56,2383.68
517,INV-0388,2024-03-27,Client-071: M/s Kavya Fabrics,Nylon Woven (Label-501),43,28.21,1213.03
518,INV-0031,2024-11-22,Client-098: M/s Bhavna Garments,Cotton Herringbone (Label-203),43,44.12,1897.16
519,INV-1176,2026-05-20,Client-025: M/s Ruchita Exports,Lace Trim Border (Label-217),39,65.16,2541.24
520,INV-0204,2026-07-17,Client-035: M/s Chandrakant Silk House,Satin 1-Inch (Label-101),138,36.51,5038.38
521,INV-1026,2023-11-11,Client-030: M/s Shardaben Fashion House,Banarasi Zari Border (Label-302),192,159.32,30589.44
522,INV-3858,2023-05-08,Client-023: M/s Navin Embroidery Works,Kutch Embroidery Border (Label-407),90,242.04,21783.6
523,INV-3758,2024-11-17,Client-129: M/s Padma Industries,Chiffon Pleated (Label-119),134,76.09,10196.06
524,INV-0894,2026-05-05,Client-115: M/s Vijay Fashion House,Raw Silk Ribbon (Label-115),48,106.82,5127.36
525,INV-2679,2024-05-11,Client-017: M/s Rahul Creations,Organza Sheer (Label-210),26,57.16,1486.16
526,INV-2667,2025-06-09,Client-012: M/s Nayna Event Planners,Raw Silk Ribbon (Label-115),484,100.07,48433.88
527,INV-0479,2025-03-21,Client-087: M/s Mayur Creations,Polyester Grosgrain (Label-408),45,30.86,1388.7
528,INV-1685,2024-03-10,Client-027: M/s Rajendra Creations,Silver Tissue (Label-312),135,186.34,25155.9
529,INV-1351,2026-05-29,Client-101: Smt. Manju Garments,Chiffon Pleated (Label-119),21,70.56,1481.76
530,INV-0444,2024-05-17,Client-105: M/s Anjali Collections,Gota Patti (Label-204),98,80.46,7885.08
531,INV-2771,2026-04-21,Client-047: M/s Harish Creations,Velvet Roll (Label-405),50,123.08,6154.0
532,INV-1339,2023-06-10,Client-059: M/s Sita Fabrics,Velvet Roll (Label-405),62,110.85,6872.7
533,INV-2970,2025-05-14,Client-138: Smt. Natubhai Weavers,Raw Silk Ribbon (Label-115),100,116.7,11670.0
534,INV-1129,2023-10-24,Client-095: M/s Shardaben Handloom,Polyester Grosgrain (Label-408),895,28.93,25892.35
535,INV-0007,2025-04-04,Client-142: M/s Vandana Boutique,Organza Sheer (Label-210),598,51.61,30862.78
536,INV-0440,2023-04-18,Client-133: Smt. Manisha Designs,Banarasi Zari Border (Label-302),7,158.17,1107.19
537,INV-0290,2023-05-07,Client-130: M/s Jignesh Creations,Silk Printed (Label-112),8,96.38,771.04
538,INV-1107,2024-08-31,Client-103: Shri Vijay Fashion House,Nylon Woven (Label-501),119,28.7,3415.3
539,INV-3694,2024-12-14,Client-064: Smt. Nayna Exports,Silk Printed (Label-112),149,88.79,13229.71
540,INV-3417,2026-05-05,Client-064: Smt. Nayna Exports,Chiffon Pleated (Label-119),47,69.42,3262.74
541,INV-3941,2025-06-12,Client-018: Smt. Foram Fabrics,Silk Printed (Label-112),37,95.97,3550.89
542,INV-1922,2023-01-12,Client-049: Shri Ketan Industries,Silk Printed (Label-112),50,98.69,4934.5
543,INV-2478,2025-01-16,Client-059: M/s Sita Fabrics,Satin 1-Inch (Label-101),19,36.45,692.55
544,INV-2368,2024-03-20,Client-080: Shri Nayna Weavers,Gota Patti (Label-204),58,80.18,4650.44
545,INV-1736,2024-12-11,Client-003: M/s Vinod Traders,Satin 2-Inch (Label-102),67,54.27,3636.09
546,INV-2685,2025-04-05,Client-095: M/s Shardaben Handloom,Metallic Zari (Label-306),24,161.39,3873.36
547,INV-3883,2023-08-29,Client-024: M/s Chirag Industries,Silver Tissue (Label-312),21,208.22,4372.62
548,INV-0195,2025-05-16,Client-074: M/s Amrut Fashion House,Nylon Woven (Label-501),251,26.89,6749.39
549,INV-0451,2024-10-30,Client-070: M/s Yash Designs,Nylon Woven (Label-501),7,25.62,179.34
550,INV-1594,2025-07-19,Client-067: M/s Bhavik Traders,Kutch Embroidery Border (Label-407),217,230.09,49929.53
551,INV-1106,2026-07-25,Client-020: M/s Jagdish Fabrics,Silver Tissue (Label-312),309,183.85,56809.65
552,INV-0030,2025-08-03,Client-067: M/s Bhavik Traders,Chiffon Pleated (Label-119),63,72.41,4561.83
553,INV-0786,2023-11-20,Client-114: M/s Padma Enterprises,Lace Trim Border (Label-217),45,70.23,3160.35
554,INV-3998,2024-07-07,Client-012: M/s Nayna Event Planners,Nylon Woven (Label-501),563,30.63,17244.69
555,INV-2623,2024-09-19,Client-109: M/s Padma Silk House,Cotton Herringbone (Label-203),84,43.65,3666.6
556,INV-2908,2023-04-08,Client-074: M/s Amrut Fashion House,Lace Trim Border (Label-217),203,71.11,14435.33
557,INV-3388,2025-12-28,Client-098: M/s Bhavna Garments,Polyester Grosgrain (Label-408),75,33.77,2532.75
558,INV-0882,2024-02-18,Client-114: M/s Padma Enterprises,Gold Zardozi (Label-501),43,253.4,10896.2
559,INV-3700,2023-12-01,Client-034: M/s Mansukhbhai Event Planners,Gota Patti (Label-204),49,90.3,4424.7
560,INV-2370,2023-12-05,Client-123: M/s Alka Collections,Silver Tissue (Label-312),179,198.77,35579.83
561,INV-2737,2023-02-05,Client-073: M/s Lakshmi Event Planners,Gota Patti (Label-204),501,91.75,45966.75
562,INV-3595,2025-10-06,Client-140: M/s Brijesh Weavers,Silver Tissue (Label-312),74,178.63,13218.62
563,INV-0223,2026-01-15,Client-077: Shri Deepak Fashion House,Jacquard Brocade (Label-315),99,182.41,18058.59
564,INV-1718,2025-12-25,Client-058: Smt. Deepika Fashion House,Raw Silk Ribbon (Label-115),114,114.39,13040.46
565,INV-0574,2023-11-23,Client-124: M/s Bhavesh Exports,Kutch Embroidery Border (Label-407),256,238.21,60981.76
566,INV-3329,2025-10-16,Client-044: Shri Meena Silk House,Jacquard Brocade (Label-315),32,189.42,6061.44
567,INV-3378,2023-07-12,Client-115: M/s Vijay Fashion House,Silk Printed (Label-112),44,91.35,4019.4
568,INV-1538,2025-02-25,Client-028: Shri Tarun Industries,Organza Sheer (Label-210),530,56.43,29907.9
569,INV-1259,2025-12-17,Client-066: Smt. Krunal Embroidery Works,Satin 1-Inch (Label-101),635,32.3,20510.5
570,INV-2755,2023-10-14,Client-106: Smt. Kamlesh Designs,Patola Woven Border (Label-330),16,231.5,3704.0
571,INV-1346,2025-05-05,Client-116: Shri Alka Industries,Silver Tissue (Label-312),161,176.67,28443.87
572,INV-0081,2024-04-05,Client-030: M/s Shardaben Fashion House,Multicolor Taffeta (Label-308),8,95.87,766.96
573,INV-0258,2026-06-23,Client-098: M/s Bhavna Garments,Organza Sheer (Label-210),310,58.54,18147.4
574,INV-0296,2023-05-04,Client-018: Smt. Foram Fabrics,Satin 2-Inch (Label-102),49,45.32,2220.68
575,INV-2093,2024-10-31,Client-126: M/s Mukesh Garments,Polyester Grosgrain (Label-408),123,32.48,3995.04
576,INV-1035,2026-05-30,Client-150: M/s Kantilal Event Planners,Gold Zardozi (Label-501),41,264.44,10842.04
577,INV-1546,2025-03-25,Client-137: M/s Vandana Traders,Gold Zardozi (Label-501),191,306.41,58524.31
578,INV-1841,2026-03-03,Client-148: M/s Navin Fabrics,Chanderi Block Print (Label-221),263,136.3,35846.9
579,INV-1741,2025-10-25,Client-144: M/s Pooja Fashion House,Organza Sheer (Label-210),339,59.99,20336.61
580,INV-2376,2024-02-24,Client-008: M/s Natubhai Exports,Satin 2-Inch (Label-102),149,46.75,6965.75
581,INV-0655,2026-06-11,Client-132: M/s Shanta Creations,Organza Sheer (Label-210),65,54.41,3536.65
582,INV-2777,2025-07-17,Client-016: M/s Padma Garments,Chiffon Pleated (Label-119),47,80.41,3779.27
583,INV-2856,2024-05-21,Client-147: M/s Jagdish Silk House,Metallic Zari (Label-306),725,152.35,110453.75
584,INV-2326,2025-11-28,Client-056: M/s Shyamlal Textiles,Embroidered Mirror Work (Label-422),291,209.6,60993.6
585,INV-3183,2023-02-15,Client-003: M/s Vinod Traders,Kutch Embroidery Border (Label-407),94,222.27,20893.38
586,INV-3568,2023-01-18,Client-041: M/s Varsha Handloom,Raw Silk Ribbon (Label-115),11,101.08,1111.88
587,INV-3571,2025-03-25,Client-009: M/s Narottam Weavers,Banarasi Zari Border (Label-302),34,143.97,4894.98
588,INV-2813,2025-09-12,Client-043: Smt. Manju Weavers,Banarasi Zari Border (Label-302),70,136.28,9539.6
589,INV-2531,2025-01-21,Client-092: M/s Pushpa Silk House,Patola Woven Border (Label-330),238,253.6,60356.8
590,INV-0656,2026-03-04,Client-038: M/s Natubhai Creations,Satin 2-Inch (Label-102),14,54.39,761.46
591,INV-1910,2025-04-23,Client-087: M/s Mayur Creations,Organza Sheer (Label-210),45,49.9,2245.5
592,INV-1746,2024-05-27,Client-142: M/s Vandana Boutique,Silk Printed (Label-112),80,91.22,7297.6
593,INV-2416,2023-06-07,Client-125: Shri Padma Saree Centre,Nylon Woven (Label-501),28,25.23,706.44
594,INV-2214,2023-07-18,Client-040: M/s Drashti Fashion House,Raw Silk Ribbon (Label-115),90,107.23,9650.7
595,INV-0412,2023-09-04,Client-109: M/s Padma Silk House,Organza Sheer (Label-210),52,54.75,2847.0
596,INV-0979,2026-04-30,Client-107: M/s Ramniklal Event Planners,Satin 2-Inch (Label-102),443,51.92,23000.56
597,INV-1172,2026-03-11,Client-013: M/s Gopal Exports,Chanderi Block Print (Label-221),41,129.14,5294.74
598,INV-1432,2025-12-22,Client-064: Smt. Nayna Exports,Lace Trim Border (Label-217),297,64.37,19117.89
599,INV-1075,2025-04-14,Client-081: M/s Mahesh Traders,Velvet Roll (Label-405),87,119.18,10368.66
600,INV-1023,2023-09-28,Client-079: M/s Savita Weavers,Jacquard Brocade (Label-315),208,185.12,38504.96
601,INV-3227,2025-12-24,Client-102: M/s Sita Industries,Patola Woven Border (Label-330),290,264.65,76748.5
602,INV-0721,2025-10-20,Client-133: Smt. Manisha Designs,Silver Tissue (Label-312),19,203.6,3868.4
603,INV-0153,2026-04-29,Client-079: M/s Savita Weavers,Banarasi Zari Border (Label-302),121,136.9,16564.9
604,INV-0949,2026-03-05,Client-048: M/s Bhavesh Traders,Velvet Roll (Label-405),860,124.7,107242.0
605,INV-2358,2023-02-18,Client-107: M/s Ramniklal Event Planners,Silver Tissue (Label-312),671,178.15,119538.65
606,INV-1831,2023-05-05,Client-067: M/s Bhavik Traders,Cotton Herringbone (Label-203),92,37.94,3490.48
607,INV-0103,2024-05-27,Client-078: M/s Prital Exports,Silk Printed (Label-112),54,104.49,5642.46
608,INV-3456,2024-11-30,Client-138: Smt. Natubhai Weavers,Velvet Roll (Label-405),4,126.61,506.44
609,INV-0732,2025-01-13,Client-134: M/s Rakesh Weavers,Multicolor Taffeta (Label-308),107,86.49,9254.43
610,INV-0240,2025-01-28,Client-028: Shri Tarun Industries,Metallic Zari (Label-306),7,151.74,1062.18
611,INV-3352,2024-07-30,Client-131: M/s Geeta Fabrics,Kutch Embroidery Border (Label-407),26,242.53,6305.78
612,INV-2974,2026-05-11,Client-015: M/s Savita Decorators,Patola Woven Border (Label-330),598,264.05,157901.9
613,INV-1728,2025-01-16,Client-091: M/s Bharat Silk House,Polyester Grosgrain (Label-408),39,33.35,1300.65
614,INV-2094,2023-06-04,Client-143: M/s Prakash Silk House,Velvet Roll (Label-405),113,120.76,13645.88
615,INV-2841,2025-11-30,Client-068: M/s Madhuri Fabrics,Satin 2-Inch (Label-102),10,46.6,466.0
616,INV-0858,2023-03-08,Client-077: Shri Deepak Fashion House,Metallic Zari (Label-306),202,173.45,35036.9
617,INV-1158,2024-10-03,Client-033: M/s Vivek Fabrics,Satin 2-Inch (Label-102),184,53.72,9884.48
618,INV-0863,2024-07-16,Client-106: Smt. Kamlesh Designs,Gold Zardozi (Label-501),127,263.75,33496.25
619,INV-2520,2025-04-08,Client-077: Shri Deepak Fashion House,Cotton Herringbone (Label-203),46,38.69,1779.74
620,INV-2848,2025-08-18,Client-118: M/s Pravin Textiles,Patola Woven Border (Label-330),80,235.75,18860.0
621,INV-2726,2024-06-06,Client-043: Smt. Manju Weavers,Chiffon Pleated (Label-119),134,78.84,10564.56
622,INV-3793,2026-06-04,Client-104: M/s Nirmala Designs,Kutch Embroidery Border (Label-407),33,220.43,7274.19
623,INV-0756,2024-05-27,Client-004: Smt. Narottam Fabrics,Velvet Roll (Label-405),19,131.39,2496.41
624,INV-0333,2023-06-15,Client-009: M/s Narottam Weavers,Satin 1-Inch (Label-101),361,34.34,12396.74
625,INV-0745,2025-09-04,Client-111: Shri Rekha Textiles,Polyester Grosgrain (Label-408),113,32.62,3686.06
626,INV-3289,2025-09-24,Client-074: M/s Amrut Fashion House,Satin 1-Inch (Label-101),91,34.76,3163.16
627,INV-2644,2025-06-09,Client-043: Smt. Manju Weavers,Cotton Herringbone (Label-203),21,43.8,919.8
628,INV-3632,2024-08-22,Client-057: M/s Drashti Emporium,Gota Patti (Label-204),127,76.67,9737.09
629,INV-3803,2023-04-17,Client-065: Shri Arvind Emporium,Kutch Embroidery Border (Label-407),168,249.37,41894.16
630,INV-3780,2025-07-14,Client-130: M/s Jignesh Creations,Embroidered Mirror Work (Label-422),72,202.82,14603.04
631,INV-3129,2024-01-17,Client-109: M/s Padma Silk House,Polyester Grosgrain (Label-408),380,29.87,11350.6
632,INV-2084,2024-07-19,Client-113: Smt. Kantilal Exports,Polyester Grosgrain (Label-408),108,29.51,3187.08
633,INV-2703,2026-05-05,Client-107: M/s Ramniklal Event Planners,Gota Patti (Label-204),184,91.5,16836.0
634,INV-0908,2026-04-04,Client-001: M/s Geeta Textiles,Organza Sheer (Label-210),240,56.77,13624.8
635,INV-2284,2026-03-06,Client-087: M/s Mayur Creations,Satin 1-Inch (Label-101),272,37.71,10257.12
636,INV-1164,2023-10-31,Client-024: M/s Chirag Industries,Silk Printed (Label-112),73,102.0,7446.0
637,INV-2184,2025-02-27,Client-076: Smt. Ashok Designs,Raw Silk Ribbon (Label-115),12,111.54,1338.48
638,INV-3723,2024-12-26,Client-015: M/s Savita Decorators,Jacquard Brocade (Label-315),130,169.41,22023.3
639,INV-0555,2023-10-02,Client-126: M/s Mukesh Garments,Lace Trim Border (Label-217),4,68.25,273.0
640,INV-3026,2024-02-22,Client-058: Smt. Deepika Fashion House,Kutch Embroidery Border (Label-407),123,227.68,28004.64
641,INV-3610,2026-06-17,Client-014: Shri Usha Fabrics,Gold Zardozi (Label-501),9,266.47,2398.23
642,INV-3432,2023-03-18,Client-130: M/s Jignesh Creations,Silver Tissue (Label-312),375,210.2,78825.0
643,INV-3202,2025-11-29,Client-012: M/s Nayna Event Planners,Banarasi Zari Border (Label-302),57,131.23,7480.11
644,INV-2091,2025-03-22,Client-013: M/s Gopal Exports,Gold Zardozi (Label-501),50,255.38,12769.0
645,INV-1755,2026-03-04,Client-085: M/s Nayna Industries,Banarasi Zari Border (Label-302),29,134.02,3886.58
646,INV-0812,2024-11-10,Client-138: Smt. Natubhai Weavers,Silk Printed (Label-112),85,89.37,7596.45
647,INV-0889,2023-08-29,Client-041: M/s Varsha Handloom,Cotton Herringbone (Label-203),34,38.76,1317.84
648,INV-2464,2024-05-10,Client-043: Smt. Manju Weavers,Jacquard Brocade (Label-315),346,189.62,65608.52
649,INV-1660,2026-01-18,Client-021: M/s Yash Emporium,Kutch Embroidery Border (Label-407),250,224.59,56147.5
650,INV-2510,2026-07-24,Client-037: M/s Vinod Fashion House,Silk Printed (Label-112),129,87.27,11257.83
651,INV-1234,2026-04-06,Client-137: M/s Vandana Traders,Raw Silk Ribbon (Label-115),63,104.14,6560.82
652,INV-3874,2026-01-23,Client-021: M/s Yash Emporium,Silver Tissue (Label-312),27,176.44,4763.88
653,INV-1449,2025-03-05,Client-082: M/s Dhaval Event Planners,Lace Trim Border (Label-217),326,68.87,22451.62
654,INV-2874,2023-11-07,Client-041: M/s Varsha Handloom,Velvet Roll (Label-405),11,128.8,1416.8
655,INV-1966,2024-01-19,Client-079: M/s Savita Weavers,Jacquard Brocade (Label-315),51,173.84,8865.84
656,INV-0694,2024-05-04,Client-041: M/s Varsha Handloom,Satin 1-Inch (Label-101),214,38.48,8234.72
657,INV-1058,2023-07-16,Client-091: M/s Bharat Silk House,Organza Sheer (Label-210),316,49.64,15686.24
658,INV-1799,2023-04-17,Client-097: M/s Deepika Designs,Organza Sheer (Label-210),72,54.23,3904.56
659,INV-1028,2024-10-11,Client-038: M/s Natubhai Creations,Lace Trim Border (Label-217),47,64.33,3023.51
660,INV-1537,2026-04-21,Client-096: M/s Kiran Emporium,Nylon Woven (Label-501),100,28.84,2884.0
661,INV-3433,2026-02-14,Client-045: M/s Akash Saree Centre,Satin 2-Inch (Label-102),116,50.43,5849.88
662,INV-1703,2023-06-19,Client-063: Smt. Padma Saree Centre,Patola Woven Border (Label-330),56,257.36,14412.16
663,INV-2336,2024-06-28,Client-100: Smt. Kavita Saree Centre,Silk Printed (Label-112),27,100.53,2714.31
664,INV-0347,2025-01-07,Client-027: M/s Rajendra Creations,Organza Sheer (Label-210),33,50.46,1665.18
665,INV-0924,2024-07-26,Client-021: M/s Yash Emporium,Gold Zardozi (Label-501),17,301.84,5131.28
666,INV-3260,2025-04-26,Client-110: M/s Anita Embroidery Works,Polyester Grosgrain (Label-408),21,30.3,636.3
667,INV-1188,2024-01-19,Client-021: M/s Yash Emporium,Raw Silk Ribbon (Label-115),183,104.7,19160.1
668,INV-0843,2025-06-19,Client-078: M/s Prital Exports,Polyester Grosgrain (Label-408),48,31.75,1524.0
669,INV-3279,2025-08-23,Client-143: M/s Prakash Silk House,Embroidered Mirror Work (Label-422),54,229.78,12408.12
670,INV-3777,2025-06-20,Client-006: M/s Naresh Exports,Chiffon Pleated (Label-119),74,74.57,5518.18
671,INV-2728,2024-08-30,Client-117: Smt. Narottam Emporium,Satin 1-Inch (Label-101),158,37.72,5959.76
672,INV-2828,2024-09-15,Client-031: M/s Paresh Garments,Satin 1-Inch (Label-101),59,37.19,2194.21
673,INV-1421,2025-05-05,Client-074: M/s Amrut Fashion House,Embroidered Mirror Work (Label-422),106,196.17,20794.02
674,INV-1925,2024-08-05,Client-110: M/s Anita Embroidery Works,Kutch Embroidery Border (Label-407),90,240.55,21649.5
675,INV-0179,2025-12-14,Client-109: M/s Padma Silk House,Gold Zardozi (Label-501),91,272.26,24775.66
676,INV-2277,2026-06-30,Client-150: M/s Kantilal Event Planners,Multicolor Taffeta (Label-308),964,87.56,84407.84
677,INV-3186,2025-07-03,Client-062: M/s Deepak Creations,Gota Patti (Label-204),26,84.2,2189.2
678,INV-0813,2024-06-13,Client-037: M/s Vinod Fashion House,Patola Woven Border (Label-330),203,225.92,45861.76
679,INV-1337,2025-10-15,Client-098: M/s Bhavna Garments,Gota Patti (Label-204),18,79.55,1431.9
680,INV-3159,2023-11-29,Client-021: M/s Yash Emporium,Silk Printed (Label-112),22,103.34,2273.48
681,INV-3108,2024-03-15,Client-130: M/s Jignesh Creations,Raw Silk Ribbon (Label-115),131,114.37,14982.47
682,INV-1558,2026-05-22,Client-114: M/s Padma Enterprises,Nylon Woven (Label-501),23,27.02,621.46
683,INV-2802,2024-02-06,Client-076: Smt. Ashok Designs,Jacquard Brocade (Label-315),190,179.84,34169.6
684,INV-2177,2024-11-14,Client-138: Smt. Natubhai Weavers,Nylon Woven (Label-501),110,26.97,2966.7
685,INV-1813,2024-09-07,Client-022: Shri Champa Traders,Banarasi Zari Border (Label-302),81,138.59,11225.79
686,INV-0174,2025-02-02,Client-100: Smt. Kavita Saree Centre,Embroidered Mirror Work (Label-422),33,221.53,7310.49
687,INV-3058,2026-02-03,Client-024: M/s Chirag Industries,Raw Silk Ribbon (Label-115),441,114.68,50573.88
688,INV-0332,2025-04-11,Client-063: Smt. Padma Saree Centre,Nylon Woven (Label-501),20,26.88,537.6
689,INV-1362,2025-07-31,Client-011: M/s Kavya Industries,Satin 1-Inch (Label-101),110,33.52,3687.2
690,INV-0431,2023-12-26,Client-036: M/s Rahul Enterprises,Gota Patti (Label-204),288,79.29,22835.52
691,INV-3653,2024-09-06,Client-115: M/s Vijay Fashion House,Embroidered Mirror Work (Label-422),27,207.0,5589.0
692,INV-2010,2023-05-11,Client-118: M/s Pravin Textiles,Kutch Embroidery Border (Label-407),56,226.36,12676.16
693,INV-1105,2024-11-26,Client-077: Shri Deepak Fashion House,Lace Trim Border (Label-217),150,71.1,10665.0
694,INV-2563,2024-11-03,Client-052: Smt. Anita Saree Centre,Gota Patti (Label-204),149,88.15,13134.35
695,INV-0480,2025-06-13,Client-125: Shri Padma Saree Centre,Chanderi Block Print (Label-221),64,130.07,8324.48
696,INV-1279,2025-09-28,Client-138: Smt. Natubhai Weavers,Satin 1-Inch (Label-101),38,37.01,1406.38
697,INV-2604,2024-05-26,Client-019: M/s Sunil Collections,Patola Woven Border (Label-330),30,244.74,7342.2
698,INV-0747,2025-03-09,Client-057: M/s Drashti Emporium,Cotton Herringbone (Label-203),146,38.47,5616.62
699,INV-1770,2023-11-07,Client-145: M/s Rahul Decorators,Metallic Zari (Label-306),701,158.7,111248.7
700,INV-3555,2024-05-15,Client-022: Shri Champa Traders,Velvet Roll (Label-405),42,120.56,5063.52
701,INV-2338,2024-11-01,Client-124: M/s Bhavesh Exports,Silver Tissue (Label-312),121,181.2,21925.2
702,INV-3752,2025-05-14,Client-054: Smt. Subhash Creations,Cotton Herringbone (Label-203),246,42.88,10548.48
703,INV-1941,2025-09-07,Client-065: Shri Arvind Emporium,Cotton Herringbone (Label-203),23,43.05,990.15
704,INV-1796,2023-03-27,Client-128: M/s Balaji Event Planners,Gold Zardozi (Label-501),32,264.61,8467.52
705,INV-1269,2026-01-11,Client-063: Smt. Padma Saree Centre,Silver Tissue (Label-312),13,212.65,2764.45
706,INV-0469,2024-07-29,Client-121: M/s Harish Traders,Gold Zardozi (Label-501),951,272.02,245046.77659999995
707,INV-0562,2024-07-06,Client-036: M/s Rahul Enterprises,Embroidered Mirror Work (Label-422),74,223.89,16567.86
708,INV-2631,2025-04-17,Client-072: M/s Arun Fashion House,Chanderi Block Print (Label-221),397,137.39,54543.83
709,INV-2351,2024-04-26,Client-093: Shri Niraj Boutique,Lace Trim Border (Label-217),246,62.9,15473.4
710,INV-2079,2024-08-26,Client-007: M/s Hasmukh Collections,Metallic Zari (Label-306),33,157.68,5203.44
711,INV-3785,2023-10-12,Client-117: Smt. Narottam Emporium,Banarasi Zari Border (Label-302),10,138.11,1381.1
712,INV-2971,2026-04-06,Client-141: Shri Brijesh Event Planners,Multicolor Taffeta (Label-308),121,84.68,10246.28
713,INV-2347,2025-02-07,Client-112: M/s Indira Traders,Chanderi Block Print (Label-221),118,130.24,15368.32
714,INV-0062,2023-07-23,Client-054: Smt. Subhash Creations,Chanderi Block Print (Label-221),72,127.2,9158.4
715,INV-2804,2024-03-31,Client-050: Smt. Balaji Boutique,Silver Tissue (Label-312),34,212.96,7240.64
716,INV-1898,2025-02-12,Client-034: M/s Mansukhbhai Event Planners,Cotton Herringbone (Label-203),12,45.04,540.48
717,INV-2877,2023-03-27,Client-009: M/s Narottam Weavers,Multicolor Taffeta (Label-308),64,81.59,5221.76
718,INV-0255,2023-08-13,Client-150: M/s Kantilal Event Planners,Polyester Grosgrain (Label-408),19,33.9,644.1
719,INV-3782,2025-04-29,Client-044: Shri Meena Silk House,Gold Zardozi (Label-501),297,290.84,86379.48
720,INV-1095,2026-01-09,Client-122: M/s Bhikhabhai Enterprises,Silver Tissue (Label-312),49,208.82,10232.18
721,INV-1062,2023-08-27,Client-005: M/s Nayna Garments,Satin 2-Inch (Label-102),85,48.48,4120.8
722,INV-0916,2025-05-04,Client-033: M/s Vivek Fabrics,Organza Sheer (Label-210),382,49.63,18958.66
723,INV-1042,2025-05-18,Client-107: M/s Ramniklal Event Planners,Organza Sheer (Label-210),1177,58.69,69078.13
724,INV-2567,2024-09-25,Client-141: Shri Brijesh Event Planners,Chanderi Block Print (Label-221),158,123.35,19489.3
725,INV-0068,2024-08-14,Client-120: M/s Usha Enterprises,Polyester Grosgrain (Label-408),300,33.28,9984.0
726,INV-1872,2024-07-19,Client-132: M/s Shanta Creations,Patola Woven Border (Label-330),70,263.85,18469.5
727,INV-2789,2023-06-22,Client-116: Shri Alka Industries,Chanderi Block Print (Label-221),120,136.23,16347.6
728,INV-0222,2025-06-30,Client-082: M/s Dhaval Event Planners,Patola Woven Border (Label-330),50,242.37,12118.5
729,INV-1963,2023-08-25,Client-048: M/s Bhavesh Traders,Satin 2-Inch (Label-102),943,46.4,43755.2
730,INV-2409,2026-07-16,Client-117: Smt. Narottam Emporium,Chiffon Pleated (Label-119),344,78.74,27086.56
731,INV-2878,2025-12-19,Client-064: Smt. Nayna Exports,Silk Printed (Label-112),67,103.08,6906.36
732,INV-3174,2024-07-30,Client-048: M/s Bhavesh Traders,Lace Trim Border (Label-217),218,67.17,14643.06
733,INV-0089,2025-04-21,Client-122: M/s Bhikhabhai Enterprises,Chiffon Pleated (Label-119),133,73.29,9747.57
734,INV-1808,2026-01-13,Client-014: Shri Usha Fabrics,Lace Trim Border (Label-217),43,70.21,3019.03
735,INV-1676,2024-07-29,Client-027: M/s Rajendra Creations,Kutch Embroidery Border (Label-407),150,243.49,36523.5
736,INV-1489,2026-01-28,Client-085: M/s Nayna Industries,Chanderi Block Print (Label-221),20,123.9,2478.0
737,INV-3033,2026-02-17,Client-124: M/s Bhavesh Exports,Chiffon Pleated (Label-119),77,69.33,5338.41
738,INV-1722,2023-12-08,Client-117: Smt. Narottam Emporium,Organza Sheer (Label-210),50,60.08,3004.0
739,INV-3807,2023-05-15,Client-103: Shri Vijay Fashion House,Organza Sheer (Label-210),72,55.32,3983.04
740,INV-0437,2024-05-15,Client-094: M/s Dilip Weavers,Chiffon Pleated (Label-119),320,81.3,26016.0
741,INV-3580,2023-01-15,Client-053: M/s Malti Enterprises,Polyester Grosgrain (Label-408),22,31.95,702.9
742,INV-3601,2023-11-26,Client-095: M/s Shardaben Handloom,Polyester Grosgrain (Label-408),131,30.05,3936.55
743,INV-3190,2024-03-13,Client-015: M/s Savita Decorators,Multicolor Taffeta (Label-308),7,89.17,624.19
744,INV-3403,2025-09-09,Client-005: M/s Nayna Garments,Chanderi Block Print (Label-221),150,124.69,18703.5
745,INV-2348,2026-06-09,Client-009: M/s Narottam Weavers,Chanderi Block Print (Label-221),163,129.14,21049.82
746,INV-3442,2023-03-01,Client-029: M/s Hitesh Boutique,Banarasi Zari Border (Label-302),34,145.94,4961.96
747,INV-3570,2023-05-23,Client-084: M/s Kantilal Embroidery Works,Lace Trim Border (Label-217),159,65.84,10468.56
748,INV-2649,2023-07-06,Client-030: M/s Shardaben Fashion House,Organza Sheer (Label-210),264,59.41,15684.24
749,INV-3275,2024-09-15,Client-017: M/s Rahul Creations,Organza Sheer (Label-210),32,57.46,1838.72
750,INV-1737,2023-11-04,Client-075: Smt. Seema Exports,Raw Silk Ribbon (Label-115),201,111.28,22367.28
751,INV-1403,2025-05-15,Client-111: Shri Rekha Textiles,Organza Sheer (Label-210),40,58.52,2340.8
752,INV-0713,2025-05-16,Client-139: M/s Gopal Fashion House,Banarasi Zari Border (Label-302),272,145.07,39459.04
753,INV-0275,2023-03-18,Client-045: M/s Akash Saree Centre,Embroidered Mirror Work (Label-422),507,226.05,114607.35
754,INV-2273,2024-05-18,Client-034: M/s Mansukhbhai Event Planners,Satin 2-Inch (Label-102),55,48.16,2648.8
755,INV-0622,2023-01-19,Client-089: M/s Naresh Fashion House,Multicolor Taffeta (Label-308),541,83.43,45135.63
756,INV-1923,2024-11-08,Client-120: M/s Usha Enterprises,Raw Silk Ribbon (Label-115),88,102.44,9014.72
757,INV-0866,2024-12-25,Client-145: M/s Rahul Decorators,Satin 2-Inch (Label-102),47,50.2,2359.4
758,INV-3944,2023-11-05,Client-127: M/s Nayna Boutique,Multicolor Taffeta (Label-308),120,87.43,10491.6
759,INV-1643,2024-11-18,Client-046: M/s Bhikhabhai Textiles,Multicolor Taffeta (Label-308),259,86.74,22465.66
760,INV-2484,2023-07-27,Client-046: M/s Bhikhabhai Textiles,Silver Tissue (Label-312),35,180.34,6311.9
761,INV-3995,2023-01-30,Client-128: M/s Balaji Event Planners,Chanderi Block Print (Label-221),21,138.76,2913.96
762,INV-2992,2024-10-09,Client-100: Smt. Kavita Saree Centre,Gota Patti (Label-204),99,78.26,7747.74
763,INV-1222,2023-10-26,Client-133: Smt. Manisha Designs,Satin 1-Inch (Label-101),104,32.09,3337.36
764,INV-0507,2024-03-09,Client-033: M/s Vivek Fabrics,Banarasi Zari Border (Label-302),25,142.78,3569.5
765,INV-3861,2024-01-24,Client-048: M/s Bhavesh Traders,Polyester Grosgrain (Label-408),116,34.25,3973.0
766,INV-3564,2026-05-06,Client-074: M/s Amrut Fashion House,Gota Patti (Label-204),47,79.04,3714.88
767,INV-1124,2023-09-05,Client-149: Shri Alpesh Saree Centre,Gold Zardozi (Label-501),340,266.1,90474.0
768,INV-0501,2024-07-04,Client-039: Shri Jignesh Designs,Patola Woven Border (Label-330),89,229.84,20455.76
769,INV-1109,2025-08-31,Client-089: M/s Naresh Fashion House,Satin 1-Inch (Label-101),71,36.06,2560.26
770,INV-1282,2023-01-18,Client-095: M/s Shardaben Handloom,Silk Printed (Label-112),98,93.95,9207.1
771,INV-0550,2025-05-29,Client-123: M/s Alka Collections,Chiffon Pleated (Label-119),45,67.57,3040.65
772,INV-0558,2023-03-18,Client-066: Smt. Krunal Embroidery Works,Silver Tissue (Label-312),70,199.8,13986.0
773,INV-1602,2023-03-08,Client-022: Shri Champa Traders,Kutch Embroidery Border (Label-407),128,232.98,29821.44
774,INV-0603,2026-01-16,Client-083: M/s Vandana Exports,Velvet Roll (Label-405),98,126.26,12373.48
775,INV-0443,2025-01-24,Client-127: M/s Nayna Boutique,Silk Printed (Label-112),546,99.42,54283.32
776,INV-1780,2026-07-29,Client-052: Smt. Anita Saree Centre,Silk Printed (Label-112),299,90.3,26999.7
777,INV-2108,2025-02-18,Client-032: Shri Lakshmi Event Planners,Satin 1-Inch (Label-101),114,38.28,4363.92
778,INV-0898,2025-01-14,Client-085: M/s Nayna Industries,Metallic Zari (Label-306),1867,158.51,245046.77659999995
779,INV-0737,2024-09-25,Client-073: M/s Lakshmi Event Planners,Multicolor Taffeta (Label-308),17,90.23,1533.91
780,INV-3324,2025-10-19,Client-149: Shri Alpesh Saree Centre,Metallic Zari (Label-306),457,144.38,65981.66
781,INV-2481,2024-04-14,Client-043: Smt. Manju Weavers,Gold Zardozi (Label-501),123,255.74,31456.02
782,INV-3817,2025-09-19,Client-021: M/s Yash Emporium,Jacquard Brocade (Label-315),8,157.88,1263.04
783,INV-2060,2025-08-08,Client-014: Shri Usha Fabrics,Metallic Zari (Label-306),112,169.28,18959.36
784,INV-1905,2025-03-17,Client-140: M/s Brijesh Weavers,Velvet Roll (Label-405),69,118.85,8200.65
785,INV-3383,2025-03-22,Client-144: M/s Pooja Fashion House,Gota Patti (Label-204),606,85.91,52061.46
786,INV-1667,2023-06-06,Client-108: M/s Shyam Event Planners,Chiffon Pleated (Label-119),28,80.85,2263.8
787,INV-3959,2024-03-01,Client-107: M/s Ramniklal Event Planners,Embroidered Mirror Work (Label-422),34,201.46,6849.64
788,INV-2830,2024-09-20,Client-059: M/s Sita Fabrics,Kutch Embroidery Border (Label-407),19,236.78,4498.82
789,INV-3131,2025-01-27,Client-048: M/s Bhavesh Traders,Satin 1-Inch (Label-101),8,33.29,266.32
790,INV-3342,2025-02-01,Client-112: M/s Indira Traders,Silver Tissue (Label-312),135,191.77,25888.95
791,INV-2482,2026-06-25,Client-046: M/s Bhikhabhai Textiles,Polyester Grosgrain (Label-408),128,32.31,4135.68
792,INV-1205,2025-03-10,Client-093: Shri Niraj Boutique,Satin 2-Inch (Label-102),278,53.0,14734.0
793,INV-1160,2024-06-24,Client-112: M/s Indira Traders,Jacquard Brocade (Label-315),62,168.54,10449.48
794,INV-2291,2025-07-27,Client-086: M/s Neha Fashion House,Silver Tissue (Label-312),260,176.72,45947.2
795,INV-1534,2024-10-20,Client-121: M/s Harish Traders,Cotton Herringbone (Label-203),52,45.43,2362.36
796,INV-0806,2025-05-30,Client-148: M/s Navin Fabrics,Satin 1-Inch (Label-101),150,32.29,4843.5
797,INV-2707,2023-02-24,Client-105: M/s Anjali Collections,Silk Printed (Label-112),249,88.74,22096.26
798,INV-1875,2026-07-23,Client-063: Smt. Padma Saree Centre,Organza Sheer (Label-210),46,55.95,2573.7
799,INV-3276,2023-04-22,Client-037: M/s Vinod Fashion House,Lace Trim Border (Label-217),403,59.89,24135.67
800,INV-0579,2026-06-20,Client-064: Smt. Nayna Exports,Satin 2-Inch (Label-102),26,48.46,1259.96
801,INV-2280,2024-07-29,Client-064: Smt. Nayna Exports,Velvet Roll (Label-405),102,123.93,12640.86
802,INV-3419,2023-10-21,Client-119: M/s Bhikhabhai Emporium,Satin 2-Inch (Label-102),145,46.57,6752.65
803,INV-1363,2025-07-23,Client-077: Shri Deepak Fashion House,Chiffon Pleated (Label-119),109,76.7,8360.3
804,INV-0001,2023-08-25,Client-067: M/s Bhavik Traders,Jacquard Brocade (Label-315),163,177.82,28984.66
805,INV-3427,2024-08-28,Client-119: M/s Bhikhabhai Emporium,Velvet Roll (Label-405),64,116.55,7459.2
806,INV-3729,2026-07-29,Client-096: M/s Kiran Emporium,Satin 1-Inch (Label-101),135,37.0,4995.0
807,INV-3846,2023-10-05,Client-003: M/s Vinod Traders,Metallic Zari (Label-306),25,163.87,4096.75
808,INV-0965,2026-04-29,Client-100: Smt. Kavita Saree Centre,Satin 1-Inch (Label-101),39,37.05,1444.95
809,INV-3254,2024-12-12,Client-009: M/s Narottam Weavers,Cotton Herringbone (Label-203),39,45.01,1755.39
810,INV-1012,2026-04-03,Client-054: Smt. Subhash Creations,Nylon Woven (Label-501),39,26.99,1052.61
811,INV-0248,2024-02-03,Client-074: M/s Amrut Fashion House,Satin 1-Inch (Label-101),21,34.2,718.2
812,INV-1426,2025-09-20,Client-026: Smt. Vivek Fabrics,Gota Patti (Label-204),380,77.54,29465.2
813,INV-3977,2024-10-14,Client-130: M/s Jignesh Creations,Embroidered Mirror Work (Label-422),16,228.95,3663.2
814,INV-3408,2025-02-05,Client-010: M/s Pallavi Designs,Chiffon Pleated (Label-119),6,69.63,417.78
815,INV-3794,2026-04-26,Client-061: M/s Poonam Enterprises,Satin 1-Inch (Label-101),7,36.22,253.54
816,INV-1510,2026-03-10,Client-079: M/s Savita Weavers,Chanderi Block Print (Label-221),715,135.42,96825.3
817,INV-3516,2026-02-27,Client-007: M/s Hasmukh Collections,Multicolor Taffeta (Label-308),307,83.0,25481.0
818,INV-0651,2026-04-06,Client-055: M/s Balaji Collections,Banarasi Zari Border (Label-302),19,146.5,2783.5
819,INV-1968,2025-03-28,Client-063: Smt. Padma Saree Centre,Cotton Herringbone (Label-203),2149,43.88,94298.12
820,INV-2047,2023-10-31,Client-067: M/s Bhavik Traders,Lace Trim Border (Label-217),35,67.87,2375.45
821,INV-1559,2026-07-13,Client-102: M/s Sita Industries,Organza Sheer (Label-210),106,54.41,5767.46
822,INV-3801,2023-01-12,Client-097: M/s Deepika Designs,Chanderi Block Print (Label-221),17,128.82,2189.94
823,INV-0176,2025-03-02,Client-039: Shri Jignesh Designs,Metallic Zari (Label-306),135,146.61,19792.35
824,INV-0279,2025-10-29,Client-050: Smt. Balaji Boutique,Velvet Roll (Label-405),27,115.94,3130.38
825,INV-1136,2023-11-25,Client-130: M/s Jignesh Creations,Satin 1-Inch (Label-101),1610,33.96,54675.6
826,INV-3553,2025-03-06,Client-013: M/s Gopal Exports,Gota Patti (Label-204),58,92.16,5345.28
827,INV-2485,2025-01-25,Client-040: M/s Drashti Fashion House,Silver Tissue (Label-312),39,211.85,8262.15
828,INV-2431,2026-07-08,Client-019: M/s Sunil Collections,Organza Sheer (Label-210),29,56.84,1648.36
829,INV-2530,2023-11-08,Client-001: M/s Geeta Textiles,Satin 2-Inch (Label-102),19,46.78,888.82
830,INV-3520,2024-06-03,Client-072: M/s Arun Fashion House,Embroidered Mirror Work (Label-422),105,222.28,23339.4
831,INV-0692,2024-02-18,Client-133: Smt. Manisha Designs,Polyester Grosgrain (Label-408),276,30.05,8293.8
832,INV-3962,2023-08-02,Client-074: M/s Amrut Fashion House,Silver Tissue (Label-312),299,211.88,63352.12
833,INV-0417,2023-09-10,Client-099: M/s Sushila Garments,Lace Trim Border (Label-217),166,71.02,11789.32
834,INV-2890,2023-09-24,Client-007: M/s Hasmukh Collections,Cotton Herringbone (Label-203),44,45.71,2011.24
835,INV-0218,2026-03-21,Client-094: M/s Dilip Weavers,Chiffon Pleated (Label-119),61,72.22,4405.42
836,INV-2489,2025-07-20,Client-029: M/s Hitesh Boutique,Nylon Woven (Label-501),38,26.11,992.18
837,INV-1972,2025-12-09,Client-146: M/s Yash Fashion House,Organza Sheer (Label-210),331,50.93,16857.83
838,INV-3406,2024-09-12,Client-065: Shri Arvind Emporium,Organza Sheer (Label-210),73,56.12,4096.76
839,INV-3112,2023-04-04,Client-019: M/s Sunil Collections,Banarasi Zari Border (Label-302),14,132.22,1851.08
840,INV-0904,2024-04-28,Client-020: M/s Jagdish Fabrics,Kutch Embroidery Border (Label-407),181,245.49,44433.69
841,INV-2926,2023-07-23,Client-125: Shri Padma Saree Centre,Polyester Grosgrain (Label-408),7,34.9,244.3
842,INV-0913,2025-01-05,Client-073: M/s Lakshmi Event Planners,Gota Patti (Label-204),196,80.5,15778.0
843,INV-3470,2025-04-03,Client-113: Smt. Kantilal Exports,Satin 1-Inch (Label-101),19,33.02,627.38
844,INV-0728,2023-06-10,Client-074: M/s Amrut Fashion House,Multicolor Taffeta (Label-308),145,90.32,13096.4
845,INV-3756,2023-03-26,Client-074: M/s Amrut Fashion House,Silver Tissue (Label-312),61,184.05,11227.05
846,INV-3080,2025-04-26,Client-023: M/s Navin Embroidery Works,Raw Silk Ribbon (Label-115),27,116.45,3144.15
847,INV-2826,2024-11-22,Client-072: M/s Arun Fashion House,Silver Tissue (Label-312),25,200.15,5003.75
848,INV-2156,2026-07-28,Client-080: Shri Nayna Weavers,Gold Zardozi (Label-501),230,257.75,59282.5
849,INV-0450,2023-09-25,Client-067: M/s Bhavik Traders,Metallic Zari (Label-306),86,173.63,14932.18
850,INV-1396,2024-05-23,Client-057: M/s Drashti Emporium,Raw Silk Ribbon (Label-115),31,118.2,3664.2
851,INV-0377,2024-07-24,Client-017: M/s Rahul Creations,Kutch Embroidery Border (Label-407),92,211.68,19474.56
852,INV-3143,2023-10-10,Client-123: M/s Alka Collections,Jacquard Brocade (Label-315),31,157.54,4883.74
853,INV-1753,2025-08-05,Client-133: Smt. Manisha Designs,Multicolor Taffeta (Label-308),218,93.97,20485.46
854,INV-3967,2025-11-17,Client-135: M/s Anjali Emporium,Organza Sheer (Label-210),46,59.5,2737.0
855,INV-0434,2025-12-08,Client-148: M/s Navin Fabrics,Chanderi Block Print (Label-221),28,123.58,3460.24
856,INV-0953,2023-12-31,Client-126: M/s Mukesh Garments,Silk Printed (Label-112),49,97.1,4757.9
857,INV-0372,2025-07-15,Client-077: Shri Deepak Fashion House,Banarasi Zari Border (Label-302),55,154.0,8470.0
858,INV-3278,2025-12-18,Client-101: Smt. Manju Garments,Silk Printed (Label-112),85,91.78,7801.3
859,INV-2397,2024-04-07,Client-117: Smt. Narottam Emporium,Organza Sheer (Label-210),14,58.68,821.52
860,INV-1422,2023-10-03,Client-047: M/s Harish Creations,Gold Zardozi (Label-501),58,305.12,17696.96
861,INV-0701,2026-02-27,Client-063: Smt. Padma Saree Centre,Metallic Zari (Label-306),67,174.76,11708.92
862,INV-2868,2023-06-17,Client-147: M/s Jagdish Silk House,Metallic Zari (Label-306),84,147.5,12390.0
863,INV-0645,2026-06-16,Client-150: M/s Kantilal Event Planners,Organza Sheer (Label-210),74,55.72,4123.28
864,INV-1458,2025-03-12,Client-136: M/s Anjali Decorators,Polyester Grosgrain (Label-408),130,30.61,3979.3
865,INV-0666,2025-09-07,Client-042: M/s Pooja Traders,Chanderi Block Print (Label-221),23,144.0,3312.0
866,INV-1504,2023-09-13,Client-049: Shri Ketan Industries,Gota Patti (Label-204),77,88.64,6825.28
867,INV-1428,2025-02-08,Client-069: Smt. Mohan Designs,Satin 2-Inch (Label-102),25,49.73,1243.25
868,INV-1633,2023-11-26,Client-112: M/s Indira Traders,Lace Trim Border (Label-217),41,70.36,2884.76
869,INV-2421,2023-02-12,Client-095: M/s Shardaben Handloom,Chanderi Block Print (Label-221),68,136.17,9259.56
870,INV-1481,2023-07-22,Client-012: M/s Nayna Event Planners,Nylon Woven (Label-501),2042,25.41,51887.22
871,INV-1165,2023-12-11,Client-070: M/s Yash Designs,Kutch Embroidery Border (Label-407),91,247.98,22566.18
872,INV-0795,2024-03-21,Client-084: M/s Kantilal Embroidery Works,Satin 2-Inch (Label-102),189,46.73,8831.97
873,INV-3592,2023-06-27,Client-111: Shri Rekha Textiles,Cotton Herringbone (Label-203),203,42.88,8704.64
874,INV-0247,2025-01-19,Client-094: M/s Dilip Weavers,Banarasi Zari Border (Label-302),254,142.12,36098.48
875,INV-3816,2026-05-03,Client-048: M/s Bhavesh Traders,Chanderi Block Print (Label-221),39,128.33,5004.87
876,INV-0735,2025-08-27,Client-007: M/s Hasmukh Collections,Chiffon Pleated (Label-119),130,75.36,9796.8
877,INV-0506,2023-09-04,Client-115: M/s Vijay Fashion House,Jacquard Brocade (Label-315),171,190.72,32613.12
878,INV-2441,2025-08-20,Client-099: M/s Sushila Garments,Kutch Embroidery Border (Label-407),18,238.98,4301.64
879,INV-1190,2025-09-04,Client-104: M/s Nirmala Designs,Patola Woven Border (Label-330),223,273.29,60943.67
880,INV-3373,2025-08-14,Client-105: M/s Anjali Collections,Velvet Roll (Label-405),14,119.06,1666.84
881,INV-3444,2024-11-28,Client-022: Shri Champa Traders,Silver Tissue (Label-312),82,198.68,16291.76
882,INV-1615,2023-05-20,Client-094: M/s Dilip Weavers,Lace Trim Border (Label-217),150,59.66,8949.0
883,INV-0533,2025-02-05,Client-073: M/s Lakshmi Event Planners,Polyester Grosgrain (Label-408),40,33.18,1327.2
884,INV-0933,2023-11-06,Client-095: M/s Shardaben Handloom,Jacquard Brocade (Label-315),125,166.64,20830.0
885,INV-0109,2025-01-17,Client-024: M/s Chirag Industries,Polyester Grosgrain (Label-408),865,30.89,26719.85
886,INV-1868,2026-03-15,Client-114: M/s Padma Enterprises,Gold Zardozi (Label-501),138,259.07,35751.66
887,INV-0950,2025-08-14,Client-020: M/s Jagdish Fabrics,Chanderi Block Print (Label-221),15,133.74,2006.1
888,INV-2414,2023-08-29,Client-126: M/s Mukesh Garments,Jacquard Brocade (Label-315),123,189.08,23256.84
889,INV-2949,2025-07-31,Client-102: M/s Sita Industries,Jacquard Brocade (Label-315),133,167.75,22310.75
890,INV-3206,2023-06-27,Client-043: Smt. Manju Weavers,Banarasi Zari Border (Label-302),102,136.26,13898.52
891,INV-2224,2024-02-16,Client-035: M/s Chandrakant Silk House,Multicolor Taffeta (Label-308),182,92.64,16860.48
892,INV-2975,2024-05-19,Client-098: M/s Bhavna Garments,Banarasi Zari Border (Label-302),293,140.69,41222.17
893,INV-3958,2025-05-25,Client-081: M/s Mahesh Traders,Metallic Zari (Label-306),181,144.45,26145.45
894,INV-0544,2026-07-23,Client-019: M/s Sunil Collections,Satin 2-Inch (Label-102),21,53.89,1131.69
895,INV-1766,2026-03-01,Client-149: Shri Alpesh Saree Centre,Polyester Grosgrain (Label-408),12,29.02,348.24
896,INV-2495,2024-09-03,Client-106: Smt. Kamlesh Designs,Chiffon Pleated (Label-119),158,73.14,11556.12
897,INV-2935,2023-08-18,Client-114: M/s Padma Enterprises,Gota Patti (Label-204),106,88.93,9426.58
898,INV-0260,2023-11-07,Client-053: M/s Malti Enterprises,Embroidered Mirror Work (Label-422),50,210.08,10504.0
899,INV-1515,2024-05-27,Client-102: M/s Sita Industries,Lace Trim Border (Label-217),16,62.39,998.24
900,INV-1779,2023-03-02,Client-083: M/s Vandana Exports,Velvet Roll (Label-405),113,124.77,14099.01
901,INV-1863,2024-12-12,Client-031: M/s Paresh Garments,Polyester Grosgrain (Label-408),210,30.55,6415.5
902,INV-1296,2026-07-06,Client-008: M/s Natubhai Exports,Satin 2-Inch (Label-102),385,49.32,18988.2
903,INV-0928,2024-08-26,Client-010: M/s Pallavi Designs,Raw Silk Ribbon (Label-115),62,115.49,7160.38
904,INV-0613,2024-02-01,Client-046: M/s Bhikhabhai Textiles,Patola Woven Border (Label-330),223,228.72,51004.56
905,INV-2632,2024-03-04,Client-061: M/s Poonam Enterprises,Raw Silk Ribbon (Label-115),51,101.61,5182.11
906,INV-1232,2023-05-03,Client-067: M/s Bhavik Traders,Chanderi Block Print (Label-221),38,135.2,5137.6
907,INV-0220,2026-02-24,Client-067: M/s Bhavik Traders,Multicolor Taffeta (Label-308),35,82.98,2904.3
908,INV-3130,2024-05-07,Client-046: M/s Bhikhabhai Textiles,Gota Patti (Label-204),106,91.54,9703.24
909,INV-0486,2026-08-01,Client-086: M/s Neha Fashion House,Multicolor Taffeta (Label-308),66,79.4,5240.4
910,INV-2317,2024-12-23,Client-119: M/s Bhikhabhai Emporium,Metallic Zari (Label-306),377,173.55,65428.35
911,INV-2165,2026-04-25,Client-069: Smt. Mohan Designs,Velvet Roll (Label-405),152,131.94,20054.88
912,INV-3522,2024-09-19,Client-014: Shri Usha Fabrics,Organza Sheer (Label-210),52,58.58,3046.16
913,INV-2993,2023-07-24,Client-129: M/s Padma Industries,Cotton Herringbone (Label-203),2,42.28,84.56
914,INV-0259,2026-03-18,Client-029: M/s Hitesh Boutique,Silk Printed (Label-112),14,85.86,1202.04
915,INV-3843,2024-02-23,Client-148: M/s Navin Fabrics,Satin 2-Inch (Label-102),81,48.21,3905.01
916,INV-0387,2025-05-01,Client-114: M/s Padma Enterprises,Satin 2-Inch (Label-102),32,46.67,1493.44
917,INV-0848,2023-12-02,Client-032: Shri Lakshmi Event Planners,Satin 1-Inch (Label-101),26,32.3,839.8
918,INV-2574,2025-12-31,Client-090: Shri Prital Handloom,Gota Patti (Label-204),271,82.28,22297.88
919,INV-3234,2025-01-24,Client-069: Smt. Mohan Designs,Satin 1-Inch (Label-101),444,32.04,14225.76
920,INV-3613,2024-11-22,Client-031: M/s Paresh Garments,Gota Patti (Label-204),104,84.53,8791.12
921,INV-3102,2026-04-19,Client-087: M/s Mayur Creations,Banarasi Zari Border (Label-302),721,143.2,103247.2
922,INV-2862,2023-07-21,Client-094: M/s Dilip Weavers,Chiffon Pleated (Label-119),144,78.44,11295.36
923,INV-1624,2025-03-23,Client-052: Smt. Anita Saree Centre,Chiffon Pleated (Label-119),266,72.43,19266.38
924,INV-1002,2025-04-12,Client-034: M/s Mansukhbhai Event Planners,Lace Trim Border (Label-217),85,62.35,5299.75
925,INV-0210,2023-06-19,Client-021: M/s Yash Emporium,Embroidered Mirror Work (Label-422),167,214.3,35788.1
926,INV-3621,2026-01-29,Client-091: M/s Bharat Silk House,Multicolor Taffeta (Label-308),95,94.46,8973.7
927,INV-1949,2023-05-14,Client-129: M/s Padma Industries,Organza Sheer (Label-210),46,57.52,2645.92
928,INV-0911,2023-07-02,Client-131: M/s Geeta Fabrics,Chiffon Pleated (Label-119),366,80.21,29356.86
929,INV-1719,2025-03-15,Client-069: Smt. Mohan Designs,Satin 2-Inch (Label-102),126,47.06,5929.56
930,INV-2553,2026-06-07,Client-011: M/s Kavya Industries,Multicolor Taffeta (Label-308),6,96.17,577.02
931,INV-2985,2024-09-23,Client-057: M/s Drashti Emporium,Silk Printed (Label-112),56,100.34,5619.04
932,INV-2164,2024-12-31,Client-026: Smt. Vivek Fabrics,Satin 2-Inch (Label-102),213,47.43,10102.59
933,INV-0597,2026-03-30,Client-033: M/s Vivek Fabrics,Velvet Roll (Label-405),111,117.3,13020.3
934,INV-1951,2023-01-07,Client-144: M/s Pooja Fashion House,Lace Trim Border (Label-217),42,60.03,2521.26
935,INV-3765,2025-12-28,Client-110: M/s Anita Embroidery Works,Banarasi Zari Border (Label-302),76,139.34,10589.84
936,INV-0297,2023-10-05,Client-108: M/s Shyam Event Planners,Lace Trim Border (Label-217),44,71.41,3142.04
937,INV-3717,2026-04-25,Client-036: M/s Rahul Enterprises,Cotton Herringbone (Label-203),7,41.72,292.04
938,INV-0508,2025-06-10,Client-038: M/s Natubhai Creations,Raw Silk Ribbon (Label-115),71,104.67,7431.57
939,INV-2865,2025-06-16,Client-054: Smt. Subhash Creations,Lace Trim Border (Label-217),248,67.18,16660.64
940,INV-0008,2025-02-15,Client-045: M/s Akash Saree Centre,Raw Silk Ribbon (Label-115),226,111.52,25203.52
941,INV-2253,2025-12-18,Client-042: M/s Pooja Traders,Organza Sheer (Label-210),1118,55.52,62071.36
942,INV-3055,2025-08-02,Client-131: M/s Geeta Fabrics,Metallic Zari (Label-306),330,175.09,57779.7
943,INV-2030,2023-11-27,Client-062: M/s Deepak Creations,Jacquard Brocade (Label-315),325,174.03,56559.75
944,INV-2149,2024-08-30,Client-134: M/s Rakesh Weavers,Embroidered Mirror Work (Label-422),218,226.54,49385.72
945,INV-2087,2024-06-17,Client-075: Smt. Seema Exports,Gota Patti (Label-204),40,78.89,3155.6
946,INV-3118,2025-07-27,Client-041: M/s Varsha Handloom,Metallic Zari (Label-306),19,154.5,2935.5
947,INV-2551,2025-10-23,Client-038: M/s Natubhai Creations,Metallic Zari (Label-306),133,165.77,22047.41
948,INV-0178,2024-09-26,Client-085: M/s Nayna Industries,Organza Sheer (Label-210),242,56.87,13762.54
949,INV-3854,2024-08-17,Client-002: M/s Chandrika Fashion House,Polyester Grosgrain (Label-408),181,30.39,5500.59
950,INV-2779,2023-10-22,Client-044: Shri Meena Silk House,Jacquard Brocade (Label-315),60,165.34,9920.4
951,INV-0791,2024-09-07,Client-055: M/s Balaji Collections,Metallic Zari (Label-306),13,144.69,1880.97
952,INV-1335,2023-06-22,Client-133: Smt. Manisha Designs,Lace Trim Border (Label-217),175,61.49,10760.75
953,INV-0679,2026-03-25,Client-035: M/s Chandrakant Silk House,Cotton Herringbone (Label-203),66,41.81,2759.46
954,INV-3454,2024-02-27,Client-041: M/s Varsha Handloom,Gold Zardozi (Label-501),79,307.72,24309.88
955,INV-3013,2024-11-08,Client-079: M/s Savita Weavers,Gota Patti (Label-204),45,77.11,3469.95
956,INV-1437,2025-02-27,Client-050: Smt. Balaji Boutique,Organza Sheer (Label-210),66,59.07,3898.62
957,INV-0097,2023-07-25,Client-077: Shri Deepak Fashion House,Gota Patti (Label-204),15,77.28,1159.2
958,INV-0044,2024-10-22,Client-023: M/s Navin Embroidery Works,Cotton Herringbone (Label-203),62,45.21,2803.02
959,INV-1815,2024-02-26,Client-111: Shri Rekha Textiles,Silver Tissue (Label-312),224,177.54,39768.96
960,INV-1491,2024-03-31,Client-027: M/s Rajendra Creations,Velvet Roll (Label-405),32,112.22,3591.04
961,INV-1229,2023-09-16,Client-139: M/s Gopal Fashion House,Polyester Grosgrain (Label-408),734,30.17,22144.78
962,INV-0760,2026-01-30,Client-065: Shri Arvind Emporium,Satin 2-Inch (Label-102),37,51.39,1901.43
963,INV-3627,2025-01-16,Client-037: M/s Vinod Fashion House,Satin 1-Inch (Label-101),62,33.75,2092.5
964,INV-2019,2023-07-18,Client-055: M/s Balaji Collections,Velvet Roll (Label-405),282,121.7,34319.4
965,INV-2750,2023-04-25,Client-072: M/s Arun Fashion House,Satin 1-Inch (Label-101),59,33.55,1979.45
966,INV-3067,2024-07-24,Client-121: M/s Harish Traders,Jacquard Brocade (Label-315),380,175.11,66541.8
967,INV-0026,2025-05-08,Client-140: M/s Brijesh Weavers,Raw Silk Ribbon (Label-115),102,118.75,12112.5
968,INV-2303,2023-01-08,Client-060: Smt. Seema Fabrics,Silk Printed (Label-112),49,86.45,4236.05
969,INV-1611,2025-01-07,Client-111: Shri Rekha Textiles,Banarasi Zari Border (Label-302),114,156.33,17821.62
970,INV-1843,2025-12-01,Client-069: Smt. Mohan Designs,Silk Printed (Label-112),107,101.38,10847.66
971,INV-2645,2025-12-23,Client-150: M/s Kantilal Event Planners,Metallic Zari (Label-306),42,172.36,7239.12
972,INV-1223,2023-12-03,Client-101: Smt. Manju Garments,Banarasi Zari Border (Label-302),172,149.65,25739.8
973,INV-0782,2024-03-18,Client-025: M/s Ruchita Exports,Velvet Roll (Label-405),753,125.4,94426.2
974,INV-3668,2025-08-09,Client-126: M/s Mukesh Garments,Embroidered Mirror Work (Label-422),102,214.48,21876.96
975,INV-3814,2024-05-06,Client-117: Smt. Narottam Emporium,Banarasi Zari Border (Label-302),404,148.93,60167.72
976,INV-2339,2024-10-17,Client-081: M/s Mahesh Traders,Raw Silk Ribbon (Label-115),987,118.43,116890.41
977,INV-1357,2025-03-11,Client-029: M/s Hitesh Boutique,Organza Sheer (Label-210),107,55.4,5927.8
978,INV-1616,2025-08-01,Client-122: M/s Bhikhabhai Enterprises,Cotton Herringbone (Label-203),206,44.21,9107.26
979,INV-3128,2026-02-26,Client-140: M/s Brijesh Weavers,Multicolor Taffeta (Label-308),66,84.89,5602.74
980,INV-2383,2025-06-10,Client-126: M/s Mukesh Garments,Nylon Woven (Label-501),206,29.21,6017.26
981,INV-2148,2025-05-18,Client-072: M/s Arun Fashion House,Banarasi Zari Border (Label-302),27,158.31,4274.37
982,INV-0884,2024-11-01,Client-026: Smt. Vivek Fabrics,Gold Zardozi (Label-501),126,289.9,36527.4
983,INV-0383,2023-10-10,Client-109: M/s Padma Silk House,Jacquard Brocade (Label-315),256,174.53,44679.68
984,INV-2836,2025-06-22,Client-075: Smt. Seema Exports,Chanderi Block Print (Label-221),29,132.66,3847.14
985,INV-1338,2023-06-05,Client-022: Shri Champa Traders,Polyester Grosgrain (Label-408),25,34.19,854.75
986,INV-2753,2024-03-27,Client-070: M/s Yash Designs,Gota Patti (Label-204),566,91.73,51919.18
987,INV-0032,2024-05-31,Client-121: M/s Harish Traders,Gota Patti (Label-204),831,89.23,74150.13
988,INV-2182,2025-03-26,Client-020: M/s Jagdish Fabrics,Silk Printed (Label-112),33,87.27,2879.91
989,INV-2035,2025-11-30,Client-099: M/s Sushila Garments,Satin 1-Inch (Label-101),40,36.98,1479.2
990,INV-3608,2025-10-13,Client-120: M/s Usha Enterprises,Chanderi Block Print (Label-221),136,136.48,18561.28
991,INV-0611,2024-10-02,Client-014: Shri Usha Fabrics,Gota Patti (Label-204),52,89.14,4635.28
992,INV-0571,2025-01-02,Client-069: Smt. Mohan Designs,Satin 1-Inch (Label-101),54,34.11,1841.94
993,INV-0344,2026-04-14,Client-022: Shri Champa Traders,Raw Silk Ribbon (Label-115),61,105.5,6435.5
994,INV-1886,2023-03-01,Client-130: M/s Jignesh Creations,Silk Printed (Label-112),271,102.41,27753.11
995,INV-1651,2025-11-05,Client-068: M/s Madhuri Fabrics,Polyester Grosgrain (Label-408),103,34.17,3519.51
996,INV-3039,2023-02-04,Client-104: M/s Nirmala Designs,Jacquard Brocade (Label-315),98,157.62,15446.76
997,INV-2497,2023-10-29,Client-036: M/s Rahul Enterprises,Chanderi Block Print (Label-221),219,142.93,31301.67
998,INV-1048,2023-02-24,Client-040: M/s Drashti Fashion House,Cotton Herringbone (Label-203),26,40.32,1048.32
999,INV-3629,2023-01-20,Client-094: M/s Dilip Weavers,Banarasi Zari Border (Label-302),132,158.9,20974.8
1000,INV-1072,2024-01-28,Client-044: Shri Meena Silk House,Silver Tissue (Label-312),123,175.67,21607.41
1001,INV-3487,2024-03-08,Client-148: M/s Navin Fabrics,Embroidered Mirror Work (Label-422),261,213.16,55634.76
1002,INV-2536,2025-11-20,Client-058: Smt. Deepika Fashion House,Polyester Grosgrain (Label-408),178,29.01,5163.78
1003,INV-0966,2025-10-20,Client-116: Shri Alka Industries,Gota Patti (Label-204),85,77.13,6556.05
1004,INV-0529,2023-12-21,Client-003: M/s Vinod Traders,Nylon Woven (Label-501),101,26.61,2687.61
1005,INV-0177,2024-12-17,Client-101: Smt. Manju Garments,Organza Sheer (Label-210),125,56.05,7006.25
1006,INV-0423,2026-03-10,Client-140: M/s Brijesh Weavers,Patola Woven Border (Label-330),36,233.64,8411.04
1007,INV-3369,2024-01-18,Client-017: M/s Rahul Creations,Gold Zardozi (Label-501),345,278.7,96151.5
1008,INV-3242,2025-05-23,Client-124: M/s Bhavesh Exports,Nylon Woven (Label-501),42,25.65,1077.3
1009,INV-2020,2023-11-22,Client-103: Shri Vijay Fashion House,Silver Tissue (Label-312),166,191.43,31777.38
1010,INV-0573,2025-09-06,Client-043: Smt. Manju Weavers,Velvet Roll (Label-405),1086,111.18,120741.48
1011,INV-3538,2026-03-07,Client-112: M/s Indira Traders,Polyester Grosgrain (Label-408),26,29.08,756.08
1012,INV-0289,2023-06-17,Client-136: M/s Anjali Decorators,Lace Trim Border (Label-217),1164,59.52,69281.28
1013,INV-2659,2023-02-19,Client-008: M/s Natubhai Exports,Satin 1-Inch (Label-101),155,33.76,5232.8
1014,INV-2922,2023-03-19,Client-077: Shri Deepak Fashion House,Chanderi Block Print (Label-221),40,143.91,5756.4
1015,INV-2633,2026-05-10,Client-062: M/s Deepak Creations,Banarasi Zari Border (Label-302),85,144.3,12265.5
1016,INV-1591,2023-10-14,Client-077: Shri Deepak Fashion House,Satin 2-Inch (Label-102),36,49.12,1768.32
1017,INV-3943,2024-03-13,Client-048: M/s Bhavesh Traders,Embroidered Mirror Work (Label-422),281,230.7,64826.7
1018,INV-2100,2024-06-14,Client-150: M/s Kantilal Event Planners,Patola Woven Border (Label-330),44,263.39,11589.16
1019,INV-1392,2023-11-07,Client-010: M/s Pallavi Designs,Nylon Woven (Label-501),74,30.37,2247.38
1020,INV-2855,2025-08-06,Client-127: M/s Nayna Boutique,Nylon Woven (Label-501),41,26.1,1070.1
1021,INV-1740,2023-01-02,Client-036: M/s Rahul Enterprises,Lace Trim Border (Label-217),27,69.92,1887.84
1022,INV-1730,2023-10-30,Client-057: M/s Drashti Emporium,Patola Woven Border (Label-330),111,274.7,30491.7
1023,INV-1919,2025-12-07,Client-096: M/s Kiran Emporium,Gold Zardozi (Label-501),125,285.85,35731.25
1024,INV-3101,2024-03-15,Client-047: M/s Harish Creations,Lace Trim Border (Label-217),35,71.07,2487.45
1025,INV-0371,2024-02-28,Client-090: Shri Prital Handloom,Satin 2-Inch (Label-102),206,45.98,9471.88
1026,INV-3293,2023-11-23,Client-035: M/s Chandrakant Silk House,Gold Zardozi (Label-501),73,307.66,22459.18
1027,INV-3713,2025-12-27,Client-081: M/s Mahesh Traders,Organza Sheer (Label-210),33,52.48,1731.84
1028,INV-2635,2025-04-23,Client-026: Smt. Vivek Fabrics,Satin 1-Inch (Label-101),249,35.03,8722.47
1029,INV-3412,2024-08-26,Client-008: M/s Natubhai Exports,Cotton Herringbone (Label-203),11,41.99,461.89
1030,INV-2070,2026-07-30,Client-047: M/s Harish Creations,Silk Printed (Label-112),2469,100.3,245046.77659999995
1031,INV-0142,2025-05-16,Client-014: Shri Usha Fabrics,Polyester Grosgrain (Label-408),20,32.64,652.8
1032,INV-3356,2025-06-03,Client-006: M/s Naresh Exports,Jacquard Brocade (Label-315),170,182.22,30977.4
1033,INV-0492,2023-07-10,Client-124: M/s Bhavesh Exports,Gota Patti (Label-204),28,83.83,2347.24
1034,INV-0199,2023-06-25,Client-093: Shri Niraj Boutique,Satin 1-Inch (Label-101),142,38.17,5420.14
1035,INV-1789,2025-01-02,Client-041: M/s Varsha Handloom,Polyester Grosgrain (Label-408),623,29.28,18241.44
1036,INV-2527,2024-04-26,Client-043: Smt. Manju Weavers,Metallic Zari (Label-306),39,149.09,5814.51
1037,INV-3925,2023-09-10,Client-050: Smt. Balaji Boutique,Metallic Zari (Label-306),52,166.83,8675.16
1038,INV-1457,2023-02-14,Client-087: M/s Mayur Creations,Embroidered Mirror Work (Label-422),64,217.47,13918.08
1039,INV-0196,2025-05-09,Client-118: M/s Pravin Textiles,Satin 1-Inch (Label-101),116,32.28,3744.48
1040,INV-0875,2023-04-25,Client-077: Shri Deepak Fashion House,Kutch Embroidery Border (Label-407),158,240.35,37975.3
1041,INV-2440,2024-11-30,Client-138: Smt. Natubhai Weavers,Raw Silk Ribbon (Label-115),449,106.2,47683.8
1042,INV-3824,2024-07-24,Client-063: Smt. Padma Saree Centre,Chiffon Pleated (Label-119),88,79.91,7032.08
1043,INV-0841,2023-03-28,Client-063: Smt. Padma Saree Centre,Gold Zardozi (Label-501),514,282.12,145009.68
1044,INV-0582,2025-10-03,Client-085: M/s Nayna Industries,Cotton Herringbone (Label-203),92,38.22,3516.24
1045,INV-3949,2023-03-18,Client-077: Shri Deepak Fashion House,Banarasi Zari Border (Label-302),9,134.34,1209.06
1046,INV-0906,2025-04-11,Client-028: Shri Tarun Industries,Patola Woven Border (Label-330),182,265.7,48357.4
1047,INV-0632,2025-04-08,Client-005: M/s Nayna Garments,Chiffon Pleated (Label-119),117,77.6,9079.2
1048,INV-2577,2025-10-09,Client-118: M/s Pravin Textiles,Chiffon Pleated (Label-119),38,72.33,2748.54
1049,INV-0163,2024-12-16,Client-038: M/s Natubhai Creations,Nylon Woven (Label-501),27,25.78,696.06
1050,INV-2074,2025-11-23,Client-107: M/s Ramniklal Event Planners,Cotton Herringbone (Label-203),10,39.72,397.2
1051,INV-2081,2024-07-15,Client-063: Smt. Padma Saree Centre,Jacquard Brocade (Label-315),90,168.89,15200.1
1052,INV-1761,2024-01-12,Client-140: M/s Brijesh Weavers,Cotton Herringbone (Label-203),68,44.7,3039.6
1053,INV-0926,2024-10-01,Client-088: M/s Pooja Creations,Silver Tissue (Label-312),195,205.86,40142.7
1054,INV-1833,2025-11-04,Client-131: M/s Geeta Fabrics,Satin 1-Inch (Label-101),83,33.16,2752.28
1055,INV-0548,2026-07-23,Client-116: Shri Alka Industries,Cotton Herringbone (Label-203),56,39.56,2215.36
1056,INV-2294,2025-01-21,Client-109: M/s Padma Silk House,Embroidered Mirror Work (Label-422),114,218.71,24932.94
1057,INV-1189,2025-06-07,Client-002: M/s Chandrika Fashion House,Chiffon Pleated (Label-119),250,69.25,17312.5
1058,INV-2000,2024-05-14,Client-135: M/s Anjali Emporium,Kutch Embroidery Border (Label-407),100,228.09,22809.0
1059,INV-2098,2025-12-16,Client-111: Shri Rekha Textiles,Gota Patti (Label-204),79,83.32,6582.28
1060,INV-0612,2025-06-26,Client-095: M/s Shardaben Handloom,Kutch Embroidery Border (Label-407),141,232.14,32731.74
1061,INV-2195,2024-04-11,Client-142: M/s Vandana Boutique,Nylon Woven (Label-501),23,27.81,639.63
1062,INV-3662,2024-06-11,Client-081: M/s Mahesh Traders,Silk Printed (Label-112),34,98.45,3347.3
1063,INV-1508,2023-08-20,Client-064: Smt. Nayna Exports,Silver Tissue (Label-312),214,208.68,44657.52
1064,INV-1870,2023-06-27,Client-072: M/s Arun Fashion House,Patola Woven Border (Label-330),102,230.82,23543.64
1065,INV-3536,2025-07-23,Client-131: M/s Geeta Fabrics,Nylon Woven (Label-501),58,27.65,1603.7
1066,INV-2016,2026-07-03,Client-091: M/s Bharat Silk House,Kutch Embroidery Border (Label-407),17,226.85,3856.45
1067,INV-3762,2023-01-07,Client-059: M/s Sita Fabrics,Gold Zardozi (Label-501),514,300.97,154698.58
1068,INV-1098,2024-12-15,Client-150: M/s Kantilal Event Planners,Gota Patti (Label-204),545,89.51,48782.95
1069,INV-1484,2023-12-01,Client-022: Shri Champa Traders,Cotton Herringbone (Label-203),222,43.48,9652.56
1070,INV-0049,2023-02-05,Client-057: M/s Drashti Emporium,Chiffon Pleated (Label-119),135,77.88,10513.8
1071,INV-1352,2025-12-30,Client-122: M/s Bhikhabhai Enterprises,Velvet Roll (Label-405),184,115.89,21323.76
1072,INV-0922,2023-03-10,Client-146: M/s Yash Fashion House,Satin 2-Inch (Label-102),113,52.05,5881.65
1073,INV-3563,2023-07-07,Client-039: Shri Jignesh Designs,Organza Sheer (Label-210),164,56.68,9295.52
1074,INV-0757,2025-02-27,Client-114: M/s Padma Enterprises,Nylon Woven (Label-501),42,29.33,1231.86
1075,INV-2125,2025-04-30,Client-138: Smt. Natubhai Weavers,Multicolor Taffeta (Label-308),133,81.57,10848.81
1076,INV-2367,2023-04-22,Client-059: M/s Sita Fabrics,Kutch Embroidery Border (Label-407),14,247.95,3471.3
1077,INV-1468,2025-02-21,Client-114: M/s Padma Enterprises,Lace Trim Border (Label-217),199,58.65,11671.35
1078,INV-3643,2026-08-02,Client-119: M/s Bhikhabhai Emporium,Jacquard Brocade (Label-315),39,165.45,6452.55
1079,INV-1695,2024-04-03,Client-003: M/s Vinod Traders,Organza Sheer (Label-210),426,50.66,21581.16
1080,INV-1323,2023-08-16,Client-054: Smt. Subhash Creations,Polyester Grosgrain (Label-408),296,31.72,9389.12
1081,INV-1177,2025-03-05,Client-145: M/s Rahul Decorators,Raw Silk Ribbon (Label-115),1343,108.31,145460.33
1082,INV-1948,2023-01-30,Client-104: M/s Nirmala Designs,Embroidered Mirror Work (Label-422),10,224.18,2241.8
1083,INV-1214,2023-07-28,Client-011: M/s Kavya Industries,Gold Zardozi (Label-501),13,257.9,3352.7
1084,INV-3934,2024-04-29,Client-041: M/s Varsha Handloom,Nylon Woven (Label-501),106,29.24,3099.44
1085,INV-2534,2025-10-01,Client-075: Smt. Seema Exports,Raw Silk Ribbon (Label-115),232,117.41,27239.12
1086,INV-2288,2023-12-13,Client-065: Shri Arvind Emporium,Silk Printed (Label-112),88,95.26,8382.88
1087,INV-2782,2023-11-04,Client-134: M/s Rakesh Weavers,Chanderi Block Print (Label-221),250,142.29,35572.5
1088,INV-2678,2024-02-02,Client-049: Shri Ketan Industries,Gold Zardozi (Label-501),278,288.27,80139.06
1089,INV-1071,2025-10-31,Client-026: Smt. Vivek Fabrics,Kutch Embroidery Border (Label-407),162,242.11,39221.82
1090,INV-3730,2026-02-11,Client-047: M/s Harish Creations,Lace Trim Border (Label-217),309,58.61,18110.49
1091,INV-2831,2024-04-29,Client-030: M/s Shardaben Fashion House,Metallic Zari (Label-306),52,171.79,8933.08
1092,INV-2442,2026-05-24,Client-147: M/s Jagdish Silk House,Organza Sheer (Label-210),243,54.66,13282.38
1093,INV-3604,2025-10-14,Client-130: M/s Jignesh Creations,Chiffon Pleated (Label-119),23,68.29,1570.67
1094,INV-1715,2025-05-15,Client-049: Shri Ketan Industries,Chiffon Pleated (Label-119),21,70.15,1473.15
1095,INV-3022,2025-11-19,Client-016: M/s Padma Garments,Polyester Grosgrain (Label-408),410,35.16,14415.6
1096,INV-1150,2024-05-23,Client-118: M/s Pravin Textiles,Satin 1-Inch (Label-101),132,31.57,4167.24
1097,INV-3087,2024-09-05,Client-129: M/s Padma Industries,Silk Printed (Label-112),187,95.9,17933.3
1098,INV-2229,2023-04-09,Client-013: M/s Gopal Exports,Polyester Grosgrain (Label-408),113,31.26,3532.38
1099,INV-2964,2024-01-31,Client-071: M/s Kavya Fabrics,Gota Patti (Label-204),101,89.89,9078.89
1100,INV-2610,2023-04-11,Client-111: Shri Rekha Textiles,Multicolor Taffeta (Label-308),94,81.99,7707.06
1101,INV-1552,2024-05-24,Client-054: Smt. Subhash Creations,Silver Tissue (Label-312),28,180.03,5040.84
1102,INV-2555,2026-07-08,Client-017: M/s Rahul Creations,Satin 2-Inch (Label-102),68,53.3,3624.4
1103,INV-1289,2024-04-11,Client-071: M/s Kavya Fabrics,Silk Printed (Label-112),37,101.61,3759.57
1104,INV-3862,2025-07-07,Client-001: M/s Geeta Textiles,Cotton Herringbone (Label-203),27,41.94,1132.38
1105,INV-2808,2024-03-31,Client-095: M/s Shardaben Handloom,Velvet Roll (Label-405),240,113.37,27208.8
1106,INV-1642,2025-07-22,Client-091: M/s Bharat Silk House,Lace Trim Border (Label-217),13,69.27,900.51
1107,INV-0868,2025-08-10,Client-031: M/s Paresh Garments,Silk Printed (Label-112),42,100.69,4228.98
1108,INV-0927,2025-11-15,Client-147: M/s Jagdish Silk House,Metallic Zari (Label-306),1207,157.47,190066.29
1109,INV-3211,2025-06-25,Client-049: Shri Ketan Industries,Gold Zardozi (Label-501),51,285.79,14575.29
1110,INV-0998,2023-01-30,Client-064: Smt. Nayna Exports,Nylon Woven (Label-501),231,27.03,6243.93
1111,INV-3021,2025-03-01,Client-146: M/s Yash Fashion House,Kutch Embroidery Border (Label-407),102,226.58,23111.16
1112,INV-1830,2025-11-03,Client-149: Shri Alpesh Saree Centre,Metallic Zari (Label-306),327,145.34,47526.18
1113,INV-1133,2024-04-27,Client-042: M/s Pooja Traders,Multicolor Taffeta (Label-308),163,90.31,14720.53
1114,INV-3675,2025-07-11,Client-005: M/s Nayna Garments,Silk Printed (Label-112),64,100.82,6452.48
1115,INV-0211,2026-01-22,Client-027: M/s Rajendra Creations,Satin 1-Inch (Label-101),166,33.8,5610.8
1116,INV-3980,2023-01-15,Client-135: M/s Anjali Emporium,Multicolor Taffeta (Label-308),32,85.14,2724.48
1117,INV-0060,2026-02-16,Client-058: Smt. Deepika Fashion House,Gold Zardozi (Label-501),290,273.3,79257.0
1118,INV-2620,2026-02-12,Client-148: M/s Navin Fabrics,Gold Zardozi (Label-501),742,303.62,225286.04
1119,INV-3898,2025-03-21,Client-003: M/s Vinod Traders,Lace Trim Border (Label-217),16,59.07,945.12
1120,INV-3947,2023-04-18,Client-009: M/s Narottam Weavers,Metallic Zari (Label-306),129,163.66,21112.14
1121,INV-0766,2023-08-08,Client-060: Smt. Seema Fabrics,Metallic Zari (Label-306),17,175.41,2981.97
1122,INV-2103,2025-12-28,Client-011: M/s Kavya Industries,Organza Sheer (Label-210),496,55.44,27498.24
1123,INV-3230,2023-05-27,Client-099: M/s Sushila Garments,Jacquard Brocade (Label-315),168,171.55,28820.4
1124,INV-2660,2026-07-28,Client-022: Shri Champa Traders,Silk Printed (Label-112),516,94.63,48829.08
1125,INV-3743,2024-10-18,Client-103: Shri Vijay Fashion House,Velvet Roll (Label-405),111,130.16,14447.76
1126,INV-2045,2025-06-19,Client-040: M/s Drashti Fashion House,Organza Sheer (Label-210),13,51.11,664.43
1127,INV-2067,2025-10-27,Client-113: Smt. Kantilal Exports,Velvet Roll (Label-405),159,131.45,20900.55
1128,INV-0583,2025-02-14,Client-061: M/s Poonam Enterprises,Satin 1-Inch (Label-101),672,34.71,23325.12
1129,INV-2124,2024-04-01,Client-017: M/s Rahul Creations,Velvet Roll (Label-405),514,131.25,67462.5
1130,INV-3529,2026-05-19,Client-143: M/s Prakash Silk House,Gota Patti (Label-204),19,93.0,1767.0
1131,INV-3617,2023-11-13,Client-052: Smt. Anita Saree Centre,Patola Woven Border (Label-330),36,254.79,9172.44
1132,INV-0941,2025-12-24,Client-111: Shri Rekha Textiles,Raw Silk Ribbon (Label-115),38,119.2,4529.6
1133,INV-1081,2023-09-02,Client-103: Shri Vijay Fashion House,Kutch Embroidery Border (Label-407),2,251.97,503.94
1134,INV-0188,2025-01-30,Client-027: M/s Rajendra Creations,Gold Zardozi (Label-501),212,299.67,63530.04
1135,INV-3106,2026-06-27,Client-078: M/s Prital Exports,Gota Patti (Label-204),21,79.96,1679.16
1136,INV-2311,2024-05-30,Client-042: M/s Pooja Traders,Satin 1-Inch (Label-101),203,31.93,6481.79
1137,INV-2677,2023-12-30,Client-122: M/s Bhikhabhai Enterprises,Satin 2-Inch (Label-102),113,53.8,6079.4
1138,INV-3095,2025-03-05,Client-005: M/s Nayna Garments,Organza Sheer (Label-210),149,53.11,7913.39
1139,INV-3820,2024-06-29,Client-104: M/s Nirmala Designs,Banarasi Zari Border (Label-302),1043,137.75,143673.25
1140,INV-1601,2024-03-09,Client-080: Shri Nayna Weavers,Silk Printed (Label-112),19,95.98,1823.62
1141,INV-3857,2025-09-30,Client-044: Shri Meena Silk House,Satin 1-Inch (Label-101),67,34.97,2342.99
1142,INV-0227,2024-09-25,Client-123: M/s Alka Collections,Gold Zardozi (Label-501),12,275.0,3300.0
1143,INV-1613,2023-07-19,Client-037: M/s Vinod Fashion House,Polyester Grosgrain (Label-408),26,32.3,839.8
1144,INV-0536,2026-05-13,Client-082: M/s Dhaval Event Planners,Patola Woven Border (Label-330),10,232.0,2320.0
1145,INV-3849,2026-06-28,Client-144: M/s Pooja Fashion House,Raw Silk Ribbon (Label-115),46,107.81,4959.26
1146,INV-3216,2024-02-14,Client-026: Smt. Vivek Fabrics,Gota Patti (Label-204),108,84.85,9163.8
1147,INV-3127,2023-01-14,Client-086: M/s Neha Fashion House,Multicolor Taffeta (Label-308),119,85.08,10124.52
1148,INV-0698,2025-04-07,Client-067: M/s Bhavik Traders,Jacquard Brocade (Label-315),161,171.75,27651.75
1149,INV-3614,2025-12-18,Client-114: M/s Padma Enterprises,Gold Zardozi (Label-501),78,293.7,22908.6
1150,INV-2375,2023-09-03,Client-068: M/s Madhuri Fabrics,Multicolor Taffeta (Label-308),208,95.57,19878.56
1151,INV-1778,2023-03-18,Client-019: M/s Sunil Collections,Multicolor Taffeta (Label-308),164,92.63,15191.32
1152,INV-2805,2023-07-31,Client-043: Smt. Manju Weavers,Cotton Herringbone (Label-203),263,38.47,10117.61
1153,INV-1038,2025-11-13,Client-093: Shri Niraj Boutique,Chiffon Pleated (Label-119),149,69.72,10388.28
1154,INV-0209,2024-01-18,Client-128: M/s Balaji Event Planners,Lace Trim Border (Label-217),29,70.52,2045.08
1155,INV-1847,2025-05-07,Client-033: M/s Vivek Fabrics,Silver Tissue (Label-312),30,185.05,5551.5
1156,INV-0566,2023-07-02,Client-147: M/s Jagdish Silk House,Patola Woven Border (Label-330),134,249.71,33461.14
1157,INV-0314,2024-07-03,Client-011: M/s Kavya Industries,Satin 1-Inch (Label-101),70,32.82,2297.4
1158,INV-0602,2024-08-18,Client-034: M/s Mansukhbhai Event Planners,Chanderi Block Print (Label-221),32,147.83,4730.56
1159,INV-0234,2026-04-04,Client-087: M/s Mayur Creations,Kutch Embroidery Border (Label-407),37,208.89,7728.93
1160,INV-1261,2025-04-14,Client-016: M/s Padma Garments,Raw Silk Ribbon (Label-115),70,120.14,8409.8
1161,INV-3221,2024-03-19,Client-040: M/s Drashti Fashion House,Organza Sheer (Label-210),18,59.98,1079.64
1162,INV-1724,2023-01-20,Client-122: M/s Bhikhabhai Enterprises,Kutch Embroidery Border (Label-407),17,207.05,3519.85
1163,INV-0112,2023-08-24,Client-020: M/s Jagdish Fabrics,Organza Sheer (Label-210),82,57.8,4739.6
1164,INV-2705,2026-05-21,Client-032: Shri Lakshmi Event Planners,Gold Zardozi (Label-501),156,287.8,44896.8
1165,INV-1090,2025-10-16,Client-067: M/s Bhavik Traders,Silver Tissue (Label-312),85,188.9,16056.5
1166,INV-2743,2024-11-20,Client-031: M/s Paresh Garments,Cotton Herringbone (Label-203),333,44.88,14945.04
1167,INV-2029,2026-05-16,Client-100: Smt. Kavita Saree Centre,Silver Tissue (Label-312),137,195.44,26775.28
1168,INV-3945,2023-06-04,Client-130: M/s Jignesh Creations,Banarasi Zari Border (Label-302),14,158.19,2214.66
1169,INV-1744,2025-05-15,Client-026: Smt. Vivek Fabrics,Cotton Herringbone (Label-203),248,45.53,11291.44
1170,INV-0473,2025-01-04,Client-008: M/s Natubhai Exports,Lace Trim Border (Label-217),78,70.82,5523.96
1171,INV-2097,2023-11-08,Client-019: M/s Sunil Collections,Jacquard Brocade (Label-315),143,180.17,25764.31
1172,INV-3733,2024-01-05,Client-024: M/s Chirag Industries,Jacquard Brocade (Label-315),240,185.25,44460.0
1173,INV-1787,2025-11-25,Client-031: M/s Paresh Garments,Satin 2-Inch (Label-102),76,47.31,3595.56
1174,INV-3277,2024-02-22,Client-119: M/s Bhikhabhai Emporium,Metallic Zari (Label-306),229,171.47,39266.63
1175,INV-3704,2026-06-13,Client-015: M/s Savita Decorators,Velvet Roll (Label-405),34,111.42,3788.28
1176,INV-0362,2024-05-10,Client-040: M/s Drashti Fashion House,Embroidered Mirror Work (Label-422),27,222.14,5997.78
1177,INV-0136,2023-07-23,Client-030: M/s Shardaben Fashion House,Chanderi Block Print (Label-221),158,139.07,21973.06
1178,INV-1135,2025-08-22,Client-086: M/s Neha Fashion House,Embroidered Mirror Work (Label-422),139,225.82,31388.98
1179,INV-1152,2025-05-16,Client-066: Smt. Krunal Embroidery Works,Satin 1-Inch (Label-101),624,32.17,20074.08
1180,INV-1054,2023-10-05,Client-014: Shri Usha Fabrics,Cotton Herringbone (Label-203),595,40.83,24293.85
1181,INV-3317,2026-06-18,Client-091: M/s Bharat Silk House,Jacquard Brocade (Label-315),118,178.44,21055.92
1182,INV-0023,2023-05-12,Client-085: M/s Nayna Industries,Silver Tissue (Label-312),97,193.67,18785.99
1183,INV-1973,2023-04-21,Client-080: Shri Nayna Weavers,Organza Sheer (Label-210),101,58.32,5890.32
1184,INV-2953,2023-10-19,Client-092: M/s Pushpa Silk House,Kutch Embroidery Border (Label-407),23,241.96,5565.08
1185,INV-1653,2025-02-05,Client-133: Smt. Manisha Designs,Raw Silk Ribbon (Label-115),271,105.98,28720.58
1186,INV-0696,2023-05-21,Client-141: Shri Brijesh Event Planners,Polyester Grosgrain (Label-408),23,33.45,769.35
1187,INV-0421,2024-05-05,Client-029: M/s Hitesh Boutique,Nylon Woven (Label-501),417,28.0,11676.0
1188,INV-3950,2023-02-07,Client-112: M/s Indira Traders,Satin 2-Inch (Label-102),30,52.82,1584.6
1189,INV-0461,2023-09-21,Client-085: M/s Nayna Industries,Velvet Roll (Label-405),27,109.02,2943.54
1190,INV-1068,2023-07-17,Client-053: M/s Malti Enterprises,Kutch Embroidery Border (Label-407),471,248.45,117019.95
1191,INV-0088,2024-10-21,Client-062: M/s Deepak Creations,Kutch Embroidery Border (Label-407),270,224.62,60647.4
1192,INV-0283,2024-06-18,Client-115: M/s Vijay Fashion House,Cotton Herringbone (Label-203),97,45.81,4443.57
1193,INV-2999,2024-04-13,Client-123: M/s Alka Collections,Metallic Zari (Label-306),558,151.3,84425.4
1194,INV-1314,2025-08-15,Client-085: M/s Nayna Industries,Kutch Embroidery Border (Label-407),89,233.04,20740.56
1195,INV-1408,2025-02-05,Client-107: M/s Ramniklal Event Planners,Chiffon Pleated (Label-119),50,82.06,4103.0
1196,INV-3795,2024-10-31,Client-005: M/s Nayna Garments,Velvet Roll (Label-405),107,114.77,12280.39
1197,INV-2113,2023-07-24,Client-080: Shri Nayna Weavers,Satin 1-Inch (Label-101),76,34.54,2625.04
1198,INV-0860,2026-05-03,Client-144: M/s Pooja Fashion House,Jacquard Brocade (Label-315),142,191.32,27167.44
1199,INV-0534,2024-11-19,Client-084: M/s Kantilal Embroidery Works,Cotton Herringbone (Label-203),178,39.99,7118.22
1200,INV-3510,2023-03-14,Client-098: M/s Bhavna Garments,Gold Zardozi (Label-501),57,276.17,15741.69
1201,INV-3784,2026-07-29,Client-006: M/s Naresh Exports,Patola Woven Border (Label-330),12,256.84,3082.08
1202,INV-3396,2026-06-21,Client-122: M/s Bhikhabhai Enterprises,Cotton Herringbone (Label-203),635,44.8,28448.0
1203,INV-3169,2024-12-04,Client-143: M/s Prakash Silk House,Metallic Zari (Label-306),50,152.53,7626.5
1204,INV-2801,2025-02-06,Client-047: M/s Harish Creations,Gold Zardozi (Label-501),23,274.02,6302.46
1205,INV-3372,2026-01-07,Client-069: Smt. Mohan Designs,Nylon Woven (Label-501),30,29.51,885.3
1206,INV-3939,2025-09-16,Client-083: M/s Vandana Exports,Satin 1-Inch (Label-101),24,33.8,811.2
1207,INV-2899,2024-09-23,Client-095: M/s Shardaben Handloom,Multicolor Taffeta (Label-308),48,89.59,4300.32
1208,INV-1645,2025-06-14,Client-026: Smt. Vivek Fabrics,Satin 1-Inch (Label-101),72,37.14,2674.08
1209,INV-1413,2023-03-12,Client-093: Shri Niraj Boutique,Chanderi Block Print (Label-221),429,140.58,60308.82
1210,INV-2298,2023-06-02,Client-017: M/s Rahul Creations,Organza Sheer (Label-210),24,55.79,1338.96
1211,INV-0943,2024-05-10,Client-050: Smt. Balaji Boutique,Gold Zardozi (Label-501),14,270.89,3792.46
1212,INV-3905,2025-12-28,Client-035: M/s Chandrakant Silk House,Multicolor Taffeta (Label-308),43,85.34,3669.62
1213,INV-1652,2025-04-29,Client-002: M/s Chandrika Fashion House,Embroidered Mirror Work (Label-422),16,190.37,3045.92
1214,INV-2216,2023-03-04,Client-138: Smt. Natubhai Weavers,Velvet Roll (Label-405),58,127.37,7387.46
1215,INV-2247,2024-05-10,Client-095: M/s Shardaben Handloom,Multicolor Taffeta (Label-308),259,92.19,23877.21
1216,INV-0122,2025-06-29,Client-093: Shri Niraj Boutique,Velvet Roll (Label-405),221,131.54,29070.34
1217,INV-0888,2024-02-15,Client-071: M/s Kavya Fabrics,Silver Tissue (Label-312),72,187.95,13532.4
1218,INV-2835,2025-10-01,Client-057: M/s Drashti Emporium,Embroidered Mirror Work (Label-422),54,207.86,11224.44
1219,INV-0686,2025-03-26,Client-031: M/s Paresh Garments,Nylon Woven (Label-501),59,27.7,1634.3
1220,INV-2959,2024-05-23,Client-042: M/s Pooja Traders,Silk Printed (Label-112),223,99.08,22094.84
1221,INV-0414,2023-10-08,Client-035: M/s Chandrakant Silk House,Chanderi Block Print (Label-221),24,148.31,3559.44
1222,INV-0790,2024-08-05,Client-133: Smt. Manisha Designs,Organza Sheer (Label-210),189,60.43,11421.27
1223,INV-2190,2026-04-04,Client-148: M/s Navin Fabrics,Chiffon Pleated (Label-119),42,78.7,3305.4
1224,INV-1570,2026-01-20,Client-131: M/s Geeta Fabrics,Embroidered Mirror Work (Label-422),754,194.96,146999.84
1225,INV-1804,2023-03-31,Client-063: Smt. Padma Saree Centre,Polyester Grosgrain (Label-408),42,29.63,1244.46
1226,INV-3850,2026-03-10,Client-140: M/s Brijesh Weavers,Banarasi Zari Border (Label-302),131,149.32,19560.92
1227,INV-1393,2025-06-27,Client-085: M/s Nayna Industries,Organza Sheer (Label-210),87,52.56,4572.72
1228,INV-2139,2025-09-25,Client-117: Smt. Narottam Emporium,Patola Woven Border (Label-330),21,229.83,4826.43
1229,INV-0273,2023-11-20,Client-122: M/s Bhikhabhai Enterprises,Satin 2-Inch (Label-102),53,51.51,2730.03
1230,INV-2592,2023-03-25,Client-108: M/s Shyam Event Planners,Satin 1-Inch (Label-101),31,36.11,1119.41
1231,INV-0522,2024-02-16,Client-064: Smt. Nayna Exports,Banarasi Zari Border (Label-302),84,143.74,12074.16
1232,INV-0523,2024-02-12,Client-119: M/s Bhikhabhai Emporium,Gold Zardozi (Label-501),67,274.23,18373.41
1233,INV-3237,2025-01-02,Client-016: M/s Padma Garments,Satin 2-Inch (Label-102),262,53.03,13893.86
1234,INV-1913,2025-09-16,Client-021: M/s Yash Emporium,Velvet Roll (Label-405),34,118.22,4019.48
1235,INV-0351,2025-02-18,Client-069: Smt. Mohan Designs,Polyester Grosgrain (Label-408),51,30.52,1556.52
1236,INV-1619,2024-10-04,Client-106: Smt. Kamlesh Designs,Gold Zardozi (Label-501),33,277.21,9147.93
1237,INV-1862,2024-03-07,Client-072: M/s Arun Fashion House,Kutch Embroidery Border (Label-407),92,247.46,22766.32
1238,INV-1962,2023-07-05,Client-054: Smt. Subhash Creations,Cotton Herringbone (Label-203),337,39.63,13355.31
1239,INV-0652,2026-01-10,Client-039: Shri Jignesh Designs,Lace Trim Border (Label-217),19,63.6,1208.4
1240,INV-2412,2023-02-27,Client-114: M/s Padma Enterprises,Satin 1-Inch (Label-101),18,35.01,630.18
1241,INV-3443,2025-09-09,Client-005: M/s Nayna Garments,Silver Tissue (Label-312),82,210.83,17288.06
1242,INV-3701,2026-03-01,Client-138: Smt. Natubhai Weavers,Chanderi Block Print (Label-221),72,127.72,9195.84
1243,INV-1447,2024-01-21,Client-030: M/s Shardaben Fashion House,Kutch Embroidery Border (Label-407),165,223.92,36946.8
1244,INV-1954,2025-02-06,Client-064: Smt. Nayna Exports,Polyester Grosgrain (Label-408),8,34.16,273.28
1245,INV-3735,2026-05-25,Client-107: M/s Ramniklal Event Planners,Chiffon Pleated (Label-119),83,70.05,5814.15
1246,INV-2329,2023-09-20,Client-122: M/s Bhikhabhai Enterprises,Satin 1-Inch (Label-101),33,31.62,1043.46
1247,INV-0169,2023-06-07,Client-024: M/s Chirag Industries,Raw Silk Ribbon (Label-115),241,112.07,27008.87
1248,INV-3707,2024-07-03,Client-145: M/s Rahul Decorators,Silk Printed (Label-112),116,102.63,11905.08
1249,INV-0963,2025-02-25,Client-077: Shri Deepak Fashion House,Chiffon Pleated (Label-119),24,80.95,1942.8
1250,INV-0946,2024-08-03,Client-009: M/s Narottam Weavers,Gota Patti (Label-204),589,87.03,51260.67
1251,INV-0463,2025-05-23,Client-055: M/s Balaji Collections,Jacquard Brocade (Label-315),47,167.12,7854.64
1252,INV-3428,2026-03-15,Client-067: M/s Bhavik Traders,Polyester Grosgrain (Label-408),28,34.22,958.16
1253,INV-1658,2024-06-16,Client-041: M/s Varsha Handloom,Metallic Zari (Label-306),418,150.52,62917.36
1254,INV-2259,2026-06-15,Client-061: M/s Poonam Enterprises,Patola Woven Border (Label-330),41,249.53,10230.73
1255,INV-2692,2024-12-28,Client-135: M/s Anjali Emporium,Cotton Herringbone (Label-203),557,42.73,23800.61
1256,INV-2304,2024-10-18,Client-050: Smt. Balaji Boutique,Satin 2-Inch (Label-102),81,53.18,4307.58
1257,INV-0368,2025-07-01,Client-119: M/s Bhikhabhai Emporium,Patola Woven Border (Label-330),566,254.43,144007.38
1258,INV-3452,2026-05-31,Client-116: Shri Alka Industries,Satin 1-Inch (Label-101),178,34.73,6181.94
1259,INV-3015,2025-08-29,Client-132: M/s Shanta Creations,Satin 1-Inch (Label-101),124,37.4,4637.6
1260,INV-2834,2025-11-30,Client-099: M/s Sushila Garments,Chiffon Pleated (Label-119),46,76.3,3509.8
1261,INV-3126,2023-07-01,Client-114: M/s Padma Enterprises,Nylon Woven (Label-501),174,29.65,5159.1
1262,INV-0773,2026-06-24,Client-017: M/s Rahul Creations,Patola Woven Border (Label-330),32,273.36,8747.52
1263,INV-1285,2023-03-17,Client-054: Smt. Subhash Creations,Gota Patti (Label-204),110,79.83,8781.3
1264,INV-2537,2023-11-30,Client-116: Shri Alka Industries,Lace Trim Border (Label-217),287,70.87,20339.69
1265,INV-3579,2026-07-22,Client-007: M/s Hasmukh Collections,Velvet Roll (Label-405),44,122.93,5408.92
1266,INV-3139,2026-02-12,Client-013: M/s Gopal Exports,Metallic Zari (Label-306),10,173.35,1733.5
1267,INV-0499,2024-06-26,Client-140: M/s Brijesh Weavers,Chiffon Pleated (Label-119),681,70.27,47853.87
1268,INV-1235,2026-03-19,Client-097: M/s Deepika Designs,Gold Zardozi (Label-501),402,293.3,117906.6
1269,INV-1513,2025-04-03,Client-026: Smt. Vivek Fabrics,Embroidered Mirror Work (Label-422),275,209.67,57659.25
1270,INV-1252,2025-06-26,Client-023: M/s Navin Embroidery Works,Jacquard Brocade (Label-315),80,182.25,14580.0
1271,INV-0366,2025-03-29,Client-085: M/s Nayna Industries,Embroidered Mirror Work (Label-422),33,193.45,6383.85
1272,INV-1367,2024-03-20,Client-106: Smt. Kamlesh Designs,Silver Tissue (Label-312),281,180.23,50644.63
1273,INV-0277,2024-08-15,Client-003: M/s Vinod Traders,Polyester Grosgrain (Label-408),363,32.43,11772.09
1274,INV-2640,2025-07-09,Client-035: M/s Chandrakant Silk House,Banarasi Zari Border (Label-302),49,133.92,6562.08
1275,INV-3768,2023-06-18,Client-116: Shri Alka Industries,Chanderi Block Print (Label-221),456,147.5,67260.0
1276,INV-3440,2023-10-07,Client-148: M/s Navin Fabrics,Cotton Herringbone (Label-203),106,45.26,4797.56
1277,INV-0408,2024-09-10,Client-071: M/s Kavya Fabrics,Satin 1-Inch (Label-101),43,36.08,1551.44
1278,INV-1469,2023-09-07,Client-131: M/s Geeta Fabrics,Nylon Woven (Label-501),368,25.33,9321.44
1279,INV-3364,2024-02-22,Client-124: M/s Bhavesh Exports,Embroidered Mirror Work (Label-422),26,226.81,5897.06
1280,INV-3678,2024-06-03,Client-097: M/s Deepika Designs,Kutch Embroidery Border (Label-407),17,217.3,3694.1
1281,INV-0845,2023-07-05,Client-029: M/s Hitesh Boutique,Jacquard Brocade (Label-315),64,184.76,11824.64
1282,INV-1911,2026-05-11,Client-002: M/s Chandrika Fashion House,Cotton Herringbone (Label-203),70,43.6,3052.0
1283,INV-3312,2025-07-13,Client-020: M/s Jagdish Fabrics,Jacquard Brocade (Label-315),367,160.99,59083.33
1284,INV-0087,2026-01-08,Client-086: M/s Neha Fashion House,Silver Tissue (Label-312),49,205.25,10057.25
1285,INV-1544,2025-10-28,Client-043: Smt. Manju Weavers,Raw Silk Ribbon (Label-115),77,105.03,8087.31
1286,INV-2046,2025-02-25,Client-059: M/s Sita Fabrics,Gota Patti (Label-204),36,90.97,3274.92
1287,INV-2072,2024-09-06,Client-054: Smt. Subhash Creations,Kutch Embroidery Border (Label-407),48,237.91,11419.68
1288,INV-2365,2023-08-07,Client-053: M/s Malti Enterprises,Silk Printed (Label-112),63,99.94,6296.22
1289,INV-1850,2024-02-10,Client-117: Smt. Narottam Emporium,Gota Patti (Label-204),69,79.34,5474.46
1290,INV-0856,2023-01-14,Client-141: Shri Brijesh Event Planners,Cotton Herringbone (Label-203),69,43.01,2967.69
1291,INV-3957,2026-01-14,Client-020: M/s Jagdish Fabrics,Cotton Herringbone (Label-203),206,42.83,8822.98
1292,INV-0079,2024-08-12,Client-125: Shri Padma Saree Centre,Velvet Roll (Label-405),62,108.69,6738.78
1293,INV-0945,2025-04-22,Client-027: M/s Rajendra Creations,Patola Woven Border (Label-330),141,247.3,34869.3
1294,INV-0200,2025-11-05,Client-100: Smt. Kavita Saree Centre,Satin 2-Inch (Label-102),31,45.44,1408.64
1295,INV-2064,2026-06-12,Client-001: M/s Geeta Textiles,Cotton Herringbone (Label-203),49,44.14,2162.86
1296,INV-1617,2023-10-15,Client-146: M/s Yash Fashion House,Satin 2-Inch (Label-102),111,45.4,5039.4
1297,INV-0802,2025-03-18,Client-087: M/s Mayur Creations,Satin 1-Inch (Label-101),244,34.83,8498.52
1298,INV-2406,2026-01-08,Client-109: M/s Padma Silk House,Kutch Embroidery Border (Label-407),46,235.53,10834.38
1299,INV-2391,2023-10-25,Client-139: M/s Gopal Fashion House,Chanderi Block Print (Label-221),57,143.96,8205.72
1300,INV-1984,2025-06-10,Client-099: M/s Sushila Garments,Chanderi Block Print (Label-221),10,126.36,1263.6
1301,INV-2913,2024-02-15,Client-041: M/s Varsha Handloom,Multicolor Taffeta (Label-308),171,95.43,16318.53
1302,INV-0232,2024-08-04,Client-065: Shri Arvind Emporium,Silk Printed (Label-112),38,97.57,3707.66
1303,INV-1407,2025-08-19,Client-049: Shri Ketan Industries,Gota Patti (Label-204),203,76.72,15574.16
1304,INV-2005,2024-05-14,Client-013: M/s Gopal Exports,Lace Trim Border (Label-217),183,65.95,12068.85
1305,INV-3347,2024-10-04,Client-100: Smt. Kavita Saree Centre,Chanderi Block Print (Label-221),22,132.35,2911.7
1306,INV-2651,2026-04-04,Client-035: M/s Chandrakant Silk House,Banarasi Zari Border (Label-302),196,145.52,28521.92
1307,INV-2248,2023-03-26,Client-129: M/s Padma Industries,Silk Printed (Label-112),52,100.1,5205.2
1308,INV-2427,2024-09-07,Client-101: Smt. Manju Garments,Gota Patti (Label-204),14,82.82,1159.48
1309,INV-2929,2026-03-10,Client-115: M/s Vijay Fashion House,Gota Patti (Label-204),3,77.64,232.92
1310,INV-1628,2024-03-13,Client-006: M/s Naresh Exports,Patola Woven Border (Label-330),1063,246.15,245046.77659999995
1311,INV-1144,2023-12-12,Client-110: M/s Anita Embroidery Works,Raw Silk Ribbon (Label-115),639,104.72,66916.08
1312,INV-3560,2026-03-23,Client-065: Shri Arvind Emporium,Polyester Grosgrain (Label-408),17,32.52,552.84
1313,INV-0192,2023-07-22,Client-086: M/s Neha Fashion House,Organza Sheer (Label-210),14,51.01,714.14
1314,INV-2952,2023-11-07,Client-003: M/s Vinod Traders,Organza Sheer (Label-210),54,55.67,3006.18
1315,INV-3670,2025-01-31,Client-069: Smt. Mohan Designs,Silver Tissue (Label-312),144,191.26,27541.44
1316,INV-2669,2025-12-21,Client-097: M/s Deepika Designs,Kutch Embroidery Border (Label-407),52,212.66,11058.32
1317,INV-1860,2026-03-01,Client-135: M/s Anjali Emporium,Kutch Embroidery Border (Label-407),489,230.38,112655.82
1318,INV-2475,2025-07-01,Client-023: M/s Navin Embroidery Works,Embroidered Mirror Work (Label-422),13,199.71,2596.23
1319,INV-2228,2023-07-02,Client-147: M/s Jagdish Silk House,Silver Tissue (Label-312),17,182.26,3098.42
1320,INV-3429,2023-03-17,Client-126: M/s Mukesh Garments,Gold Zardozi (Label-501),165,281.92,46516.8
1321,INV-3860,2023-05-26,Client-133: Smt. Manisha Designs,Satin 2-Inch (Label-102),73,46.93,3425.89
1322,INV-3046,2024-08-25,Client-097: M/s Deepika Designs,Silver Tissue (Label-312),74,203.8,15081.2
1323,INV-2408,2023-06-27,Client-140: M/s Brijesh Weavers,Satin 1-Inch (Label-101),164,32.08,5261.12
1324,INV-2006,2025-06-13,Client-048: M/s Bhavesh Traders,Cotton Herringbone (Label-203),2,42.01,84.02
1325,INV-2760,2024-10-05,Client-044: Shri Meena Silk House,Silk Printed (Label-112),44,92.05,4050.2
1326,INV-3829,2025-02-02,Client-146: M/s Yash Fashion House,Satin 2-Inch (Label-102),27,54.68,1476.36
1327,INV-1916,2026-07-06,Client-125: Shri Padma Saree Centre,Organza Sheer (Label-210),20,57.74,1154.8
1328,INV-3902,2023-02-17,Client-087: M/s Mayur Creations,Jacquard Brocade (Label-315),141,181.6,25605.6
1329,INV-3057,2025-02-27,Client-020: M/s Jagdish Fabrics,Velvet Roll (Label-405),80,121.0,9680.0
1330,INV-3399,2024-12-07,Client-104: M/s Nirmala Designs,Velvet Roll (Label-405),203,122.21,24808.63
1331,INV-0995,2024-12-04,Client-076: Smt. Ashok Designs,Raw Silk Ribbon (Label-115),4,102.45,409.8
1332,INV-0465,2026-02-01,Client-023: M/s Navin Embroidery Works,Cotton Herringbone (Label-203),79,41.02,3240.58
1333,INV-1500,2024-09-17,Client-081: M/s Mahesh Traders,Satin 1-Inch (Label-101),76,35.94,2731.44
1334,INV-3790,2026-06-14,Client-146: M/s Yash Fashion House,Silver Tissue (Label-312),21,211.79,4447.59
1335,INV-2160,2023-12-11,Client-125: Shri Padma Saree Centre,Polyester Grosgrain (Label-408),173,30.24,5231.52
1336,INV-1237,2025-04-23,Client-016: M/s Padma Garments,Embroidered Mirror Work (Label-422),125,226.32,28290.0
1337,INV-2413,2026-03-03,Client-138: Smt. Natubhai Weavers,Chanderi Block Print (Label-221),54,141.06,7617.24
1338,INV-3523,2024-08-23,Client-034: M/s Mansukhbhai Event Planners,Jacquard Brocade (Label-315),69,170.12,11738.28
1339,INV-0213,2023-03-28,Client-091: M/s Bharat Silk House,Raw Silk Ribbon (Label-115),5000,120.96,245046.77659999995
1340,INV-1037,2023-06-28,Client-101: Smt. Manju Garments,Silk Printed (Label-112),61,94.82,5784.02
1341,INV-3869,2024-12-06,Client-021: M/s Yash Emporium,Velvet Roll (Label-405),166,115.7,19206.2
1342,INV-0901,2023-08-08,Client-019: M/s Sunil Collections,Polyester Grosgrain (Label-408),315,32.21,10146.15
1343,INV-1838,2023-02-22,Client-055: M/s Balaji Collections,Metallic Zari (Label-306),124,160.35,19883.4
1344,INV-2816,2024-11-02,Client-056: M/s Shyamlal Textiles,Jacquard Brocade (Label-315),14,170.31,2384.34
1345,INV-0742,2024-04-10,Client-114: M/s Padma Enterprises,Polyester Grosgrain (Label-408),136,31.14,4235.04
1346,INV-3706,2023-11-24,Client-004: Smt. Narottam Fabrics,Chiffon Pleated (Label-119),122,70.23,8568.06
1347,INV-3090,2024-07-20,Client-101: Smt. Manju Garments,Lace Trim Border (Label-217),117,64.34,7527.78
1348,INV-2668,2024-05-18,Client-088: M/s Pooja Creations,Satin 1-Inch (Label-101),207,34.03,7044.21
1349,INV-1207,2023-11-17,Client-026: Smt. Vivek Fabrics,Embroidered Mirror Work (Label-422),68,228.61,15545.48
1350,INV-0510,2025-11-30,Client-004: Smt. Narottam Fabrics,Raw Silk Ribbon (Label-115),17,111.93,1902.81
1351,INV-0598,2024-10-21,Client-099: M/s Sushila Garments,Embroidered Mirror Work (Label-422),121,230.14,27846.94
1352,INV-2997,2024-07-13,Client-105: M/s Anjali Collections,Cotton Herringbone (Label-203),228,44.96,10250.88
1353,INV-0982,2024-09-08,Client-002: M/s Chandrika Fashion House,Silver Tissue (Label-312),80,184.69,14775.2
1354,INV-2795,2025-06-12,Client-040: M/s Drashti Fashion House,Organza Sheer (Label-210),51,53.02,2704.02
1355,INV-3517,2024-01-24,Client-009: M/s Narottam Weavers,Chanderi Block Print (Label-221),111,133.69,14839.59
1356,INV-0519,2023-07-02,Client-055: M/s Balaji Collections,Embroidered Mirror Work (Label-422),95,220.12,20911.4
1357,INV-1507,2023-10-01,Client-014: Shri Usha Fabrics,Embroidered Mirror Work (Label-422),53,209.81,11119.93
1358,INV-0768,2023-10-03,Client-011: M/s Kavya Industries,Satin 2-Inch (Label-102),318,52.07,16558.26
1359,INV-2637,2026-02-13,Client-007: M/s Hasmukh Collections,Velvet Roll (Label-405),43,131.54,5656.22
1360,INV-2744,2025-03-27,Client-062: M/s Deepak Creations,Kutch Embroidery Border (Label-407),1006,243.63,245046.77659999995
1361,INV-0422,2025-12-17,Client-004: Smt. Narottam Fabrics,Lace Trim Border (Label-217),134,70.64,9465.76
1362,INV-0124,2025-07-20,Client-055: M/s Balaji Collections,Chanderi Block Print (Label-221),30,138.77,4163.1
1363,INV-2742,2023-07-21,Client-038: M/s Natubhai Creations,Silk Printed (Label-112),143,100.84,14420.12
1364,INV-3755,2025-10-09,Client-145: M/s Rahul Decorators,Silk Printed (Label-112),256,88.78,22727.68
1365,INV-1809,2026-06-27,Client-021: M/s Yash Emporium,Silk Printed (Label-112),86,102.83,8843.38
1366,INV-0820,2024-11-14,Client-041: M/s Varsha Handloom,Gota Patti (Label-204),53,82.4,4367.2
1367,INV-1404,2023-02-10,Client-110: M/s Anita Embroidery Works,Satin 1-Inch (Label-101),313,36.81,11521.53
1368,INV-0101,2025-07-30,Client-003: M/s Vinod Traders,Multicolor Taffeta (Label-308),67,95.06,6369.02
1369,INV-3514,2025-04-18,Client-150: M/s Kantilal Event Planners,Gota Patti (Label-204),877,76.67,67239.59
1370,INV-1284,2024-09-12,Client-057: M/s Drashti Emporium,Nylon Woven (Label-501),29,30.69,890.01
1371,INV-3037,2026-02-01,Client-050: Smt. Balaji Boutique,Metallic Zari (Label-306),555,153.9,85414.5
1372,INV-3491,2023-10-06,Client-032: Shri Lakshmi Event Planners,Multicolor Taffeta (Label-308),127,83.88,10652.76
1373,INV-1104,2025-09-27,Client-053: M/s Malti Enterprises,Metallic Zari (Label-306),142,159.9,22705.8
1374,INV-2921,2023-05-15,Client-045: M/s Akash Saree Centre,Banarasi Zari Border (Label-302),29,137.91,3999.39
1375,INV-3170,2025-11-20,Client-011: M/s Kavya Industries,Silver Tissue (Label-312),43,204.16,8778.88
1376,INV-3187,2023-10-07,Client-031: M/s Paresh Garments,Cotton Herringbone (Label-203),158,39.33,6214.14
1377,INV-2861,2025-11-28,Client-039: Shri Jignesh Designs,Gota Patti (Label-204),140,90.31,12643.4
1378,INV-1353,2026-08-01,Client-024: M/s Chirag Industries,Jacquard Brocade (Label-315),565,161.15,91049.75
1379,INV-1565,2023-08-14,Client-012: M/s Nayna Event Planners,Organza Sheer (Label-210),166,52.23,8670.18
1380,INV-3307,2024-06-17,Client-047: M/s Harish Creations,Cotton Herringbone (Label-203),373,38.22,14256.06
1381,INV-3077,2024-11-01,Client-059: M/s Sita Fabrics,Chanderi Block Print (Label-221),4,125.3,501.2
1382,INV-0983,2025-12-21,Client-093: Shri Niraj Boutique,Silver Tissue (Label-312),506,195.29,98816.74
1383,INV-0457,2026-02-12,Client-064: Smt. Nayna Exports,Velvet Roll (Label-405),48,119.09,5716.32
1384,INV-3612,2023-01-20,Client-020: M/s Jagdish Fabrics,Silk Printed (Label-112),194,103.71,20119.74
1385,INV-2950,2026-05-23,Client-073: M/s Lakshmi Event Planners,Raw Silk Ribbon (Label-115),14,107.28,1501.92
1386,INV-2821,2026-05-24,Client-034: M/s Mansukhbhai Event Planners,Satin 2-Inch (Label-102),83,45.07,3740.81
1387,INV-0382,2024-09-17,Client-096: M/s Kiran Emporium,Organza Sheer (Label-210),35,55.12,1929.2
1388,INV-3724,2024-08-16,Client-071: M/s Kavya Fabrics,Banarasi Zari Border (Label-302),376,156.12,58701.12
1389,INV-1883,2024-08-11,Client-115: M/s Vijay Fashion House,Metallic Zari (Label-306),41,151.92,6228.72
1390,INV-3340,2023-06-21,Client-039: Shri Jignesh Designs,Velvet Roll (Label-405),4,130.79,523.16
1391,INV-1011,2023-10-11,Client-062: M/s Deepak Creations,Silver Tissue (Label-312),66,179.93,11875.38
1392,INV-1593,2023-12-22,Client-003: M/s Vinod Traders,Chiffon Pleated (Label-119),260,79.99,20797.4
1393,INV-3990,2023-01-25,Client-111: Shri Rekha Textiles,Chanderi Block Print (Label-221),13,123.29,1602.77
1394,INV-2629,2023-05-29,Client-141: Shri Brijesh Event Planners,Multicolor Taffeta (Label-308),34,91.84,3122.56
1395,INV-3652,2025-12-17,Client-038: M/s Natubhai Creations,Multicolor Taffeta (Label-308),356,82.47,29359.32
1396,INV-3620,2023-08-06,Client-002: M/s Chandrika Fashion House,Jacquard Brocade (Label-315),284,185.44,52664.96
1397,INV-1790,2025-11-26,Client-129: M/s Padma Industries,Polyester Grosgrain (Label-408),436,31.36,13672.96
1398,INV-2988,2023-08-11,Client-086: M/s Neha Fashion House,Raw Silk Ribbon (Label-115),194,112.38,21801.72
1399,INV-3122,2023-11-03,Client-057: M/s Drashti Emporium,Polyester Grosgrain (Label-408),37,30.92,1144.04
1400,INV-3028,2026-01-30,Client-101: Smt. Manju Garments,Jacquard Brocade (Label-315),216,190.53,41154.48
1401,INV-3576,2025-12-26,Client-003: M/s Vinod Traders,Satin 2-Inch (Label-102),4,52.35,209.4
1402,INV-0846,2026-01-24,Client-106: Smt. Kamlesh Designs,Metallic Zari (Label-306),17,158.43,2693.31
1403,INV-0543,2025-01-31,Client-076: Smt. Ashok Designs,Multicolor Taffeta (Label-308),83,94.18,7816.94
1404,INV-0092,2023-10-23,Client-040: M/s Drashti Fashion House,Satin 1-Inch (Label-101),101,34.79,3513.79
1405,INV-3123,2023-02-01,Client-009: M/s Narottam Weavers,Kutch Embroidery Border (Label-407),797,208.83,166437.51
1406,INV-1197,2024-02-17,Client-101: Smt. Manju Garments,Banarasi Zari Border (Label-302),79,140.18,11074.22
1407,INV-1103,2023-02-15,Client-097: M/s Deepika Designs,Kutch Embroidery Border (Label-407),1088,224.95,244745.6
1408,INV-2671,2023-12-15,Client-097: M/s Deepika Designs,Banarasi Zari Border (Label-302),128,146.52,18754.56
1409,INV-1792,2024-06-18,Client-016: M/s Padma Garments,Organza Sheer (Label-210),219,51.75,11333.25
1410,INV-2250,2023-12-26,Client-052: Smt. Anita Saree Centre,Chanderi Block Print (Label-221),123,123.02,15131.46
1411,INV-1827,2026-06-03,Client-017: M/s Rahul Creations,Multicolor Taffeta (Label-308),36,82.36,2964.96
1412,INV-2150,2023-10-06,Client-077: Shri Deepak Fashion House,Gota Patti (Label-204),48,77.77,3732.96
1413,INV-3578,2024-09-17,Client-037: M/s Vinod Fashion House,Multicolor Taffeta (Label-308),635,86.57,54971.95
1414,INV-1776,2024-04-19,Client-061: M/s Poonam Enterprises,Velvet Roll (Label-405),119,129.6,15422.4
1415,INV-1049,2026-07-27,Client-074: M/s Amrut Fashion House,Embroidered Mirror Work (Label-422),66,196.53,12970.98
1416,INV-2822,2024-04-26,Client-135: M/s Anjali Emporium,Silver Tissue (Label-312),160,208.9,33424.0
1417,INV-1832,2024-12-24,Client-012: M/s Nayna Event Planners,Raw Silk Ribbon (Label-115),881,104.16,91764.96
1418,INV-0899,2025-08-31,Client-123: M/s Alka Collections,Multicolor Taffeta (Label-308),47,94.09,4422.23
1419,INV-1460,2023-04-21,Client-078: M/s Prital Exports,Multicolor Taffeta (Label-308),252,90.72,22861.44
1420,INV-1612,2025-03-04,Client-020: M/s Jagdish Fabrics,Organza Sheer (Label-210),357,55.74,19899.18
1421,INV-0238,2023-11-20,Client-124: M/s Bhavesh Exports,Multicolor Taffeta (Label-308),1179,82.79,97609.41
1422,INV-1502,2026-02-08,Client-003: M/s Vinod Traders,Embroidered Mirror Work (Label-422),35,217.44,7610.4
1423,INV-2341,2024-02-04,Client-130: M/s Jignesh Creations,Polyester Grosgrain (Label-408),186,30.39,5652.54
1424,INV-1134,2025-04-12,Client-071: M/s Kavya Fabrics,Satin 1-Inch (Label-101),107,37.26,3986.82
1425,INV-2882,2023-07-25,Client-006: M/s Naresh Exports,Silver Tissue (Label-312),1290,202.14,245046.77659999995
1426,INV-2719,2026-02-23,Client-037: M/s Vinod Fashion House,Raw Silk Ribbon (Label-115),100,103.64,10364.0
1427,INV-0164,2023-12-22,Client-020: M/s Jagdish Fabrics,Jacquard Brocade (Label-315),231,190.8,44074.8
1428,INV-2289,2023-02-18,Client-043: Smt. Manju Weavers,Banarasi Zari Border (Label-302),20,149.33,2986.6
1429,INV-1836,2025-04-15,Client-096: M/s Kiran Emporium,Satin 2-Inch (Label-102),10,54.42,544.2
1430,INV-0253,2023-11-29,Client-077: Shri Deepak Fashion House,Kutch Embroidery Border (Label-407),146,222.47,32480.62
1431,INV-2290,2024-06-22,Client-111: Shri Rekha Textiles,Metallic Zari (Label-306),139,145.29,20195.31
1432,INV-3384,2024-09-20,Client-128: M/s Balaji Event Planners,Cotton Herringbone (Label-203),179,42.5,7607.5
1433,INV-2806,2024-11-02,Client-087: M/s Mayur Creations,Satin 2-Inch (Label-102),42,46.78,1964.76
1434,INV-1539,2023-03-26,Client-049: Shri Ketan Industries,Silk Printed (Label-112),22,98.89,2175.58
1435,INV-0931,2023-06-07,Client-072: M/s Arun Fashion House,Cotton Herringbone (Label-203),597,38.91,23229.27
1436,INV-2026,2025-05-06,Client-008: M/s Natubhai Exports,Raw Silk Ribbon (Label-115),222,103.93,23072.46
1437,INV-1698,2023-04-09,Client-020: M/s Jagdish Fabrics,Cotton Herringbone (Label-203),49,40.57,1987.93
1438,INV-3908,2026-05-23,Client-074: M/s Amrut Fashion House,Metallic Zari (Label-306),17,151.2,2570.4
1439,INV-2979,2025-02-15,Client-013: M/s Gopal Exports,Gota Patti (Label-204),283,86.6,24507.8
1440,INV-3393,2025-12-30,Client-092: M/s Pushpa Silk House,Gold Zardozi (Label-501),26,257.84,6703.84
1441,INV-2403,2025-03-05,Client-078: M/s Prital Exports,Embroidered Mirror Work (Label-422),23,215.01,4945.23
1442,INV-2227,2024-08-11,Client-015: M/s Savita Decorators,Gold Zardozi (Label-501),1021,298.55,245046.77659999995
1443,INV-2226,2023-08-02,Client-124: M/s Bhavesh Exports,Raw Silk Ribbon (Label-115),156,107.55,16777.8
1444,INV-3179,2025-07-17,Client-069: Smt. Mohan Designs,Chanderi Block Print (Label-221),80,130.56,10444.8
1445,INV-3827,2023-11-08,Client-033: M/s Vivek Fabrics,Nylon Woven (Label-501),118,27.6,3256.8
1446,INV-1938,2024-01-27,Client-046: M/s Bhikhabhai Textiles,Gota Patti (Label-204),79,79.83,6306.57
1447,INV-1182,2025-12-07,Client-146: M/s Yash Fashion House,Banarasi Zari Border (Label-302),16,146.48,2343.68
1448,INV-1453,2023-09-10,Client-147: M/s Jagdish Silk House,Satin 2-Inch (Label-102),8,51.31,410.48
1449,INV-0594,2026-04-20,Client-116: Shri Alka Industries,Multicolor Taffeta (Label-308),54,90.79,4902.66
1450,INV-0678,2025-09-14,Client-098: M/s Bhavna Garments,Lace Trim Border (Label-217),102,66.16,6748.32
1451,INV-0042,2023-11-10,Client-134: M/s Rakesh Weavers,Chanderi Block Print (Label-221),110,128.79,14166.9
1452,INV-1834,2025-01-30,Client-107: M/s Ramniklal Event Planners,Satin 1-Inch (Label-101),38,35.99,1367.62
1453,INV-2390,2023-12-03,Client-088: M/s Pooja Creations,Gold Zardozi (Label-501),123,303.42,37320.66
1454,INV-2155,2023-11-07,Client-037: M/s Vinod Fashion House,Patola Woven Border (Label-330),1628,238.77,245046.77659999995
1455,INV-1942,2023-03-04,Client-121: M/s Harish Traders,Raw Silk Ribbon (Label-115),21,112.91,2371.11
1456,INV-1125,2024-05-02,Client-081: M/s Mahesh Traders,Metallic Zari (Label-306),25,170.63,4265.75
1457,INV-1340,2026-01-23,Client-051: M/s Brijesh Saree Centre,Patola Woven Border (Label-330),43,241.46,10382.78
1458,INV-1867,2025-09-27,Client-007: M/s Hasmukh Collections,Lace Trim Border (Label-217),43,61.14,2629.02
1459,INV-3215,2024-01-19,Client-128: M/s Balaji Event Planners,Velvet Roll (Label-405),56,126.35,7075.6
1460,INV-3168,2024-06-07,Client-106: Smt. Kamlesh Designs,Patola Woven Border (Label-330),656,231.87,152106.72
1461,INV-1443,2023-09-10,Client-137: M/s Vandana Traders,Chanderi Block Print (Label-221),274,141.09,38658.66
1462,INV-0262,2025-09-06,Client-081: M/s Mahesh Traders,Jacquard Brocade (Label-315),38,173.59,6596.42
1463,INV-3722,2024-03-03,Client-044: Shri Meena Silk House,Kutch Embroidery Border (Label-407),140,234.12,32776.8
1464,INV-3255,2025-04-12,Client-081: M/s Mahesh Traders,Nylon Woven (Label-501),35,27.83,974.05
1465,INV-2243,2024-08-06,Client-073: M/s Lakshmi Event Planners,Kutch Embroidery Border (Label-407),61,219.03,13360.83
1466,INV-2689,2026-02-12,Client-133: Smt. Manisha Designs,Jacquard Brocade (Label-315),91,186.56,16976.96
1467,INV-2655,2025-10-01,Client-053: M/s Malti Enterprises,Organza Sheer (Label-210),184,58.33,10732.72
1468,INV-0835,2025-10-03,Client-042: M/s Pooja Traders,Silk Printed (Label-112),323,89.8,29005.4
1469,INV-3566,2024-10-27,Client-120: M/s Usha Enterprises,Nylon Woven (Label-501),31,29.62,918.22
1470,INV-3666,2024-03-06,Client-034: M/s Mansukhbhai Event Planners,Multicolor Taffeta (Label-308),54,92.02,4969.08
1471,INV-3001,2026-07-25,Client-068: M/s Madhuri Fabrics,Gold Zardozi (Label-501),732,261.79,191630.28
1472,INV-2803,2023-09-30,Client-148: M/s Navin Fabrics,Cotton Herringbone (Label-203),191,44.43,8486.13
1473,INV-0341,2023-07-20,Client-020: M/s Jagdish Fabrics,Metallic Zari (Label-306),290,163.37,47377.3
1474,INV-1873,2024-10-06,Client-010: M/s Pallavi Designs,Embroidered Mirror Work (Label-422),77,193.22,14877.94
1475,INV-0749,2024-07-04,Client-018: Smt. Foram Fabrics,Jacquard Brocade (Label-315),309,162.28,50144.52
1476,INV-1892,2024-11-13,Client-142: M/s Vandana Boutique,Satin 1-Inch (Label-101),123,36.08,4437.84
1477,INV-0481,2026-02-24,Client-092: M/s Pushpa Silk House,Nylon Woven (Label-501),5,28.93,144.65
1478,INV-1865,2024-07-24,Client-053: M/s Malti Enterprises,Silver Tissue (Label-312),282,208.21,58715.22
1479,INV-2219,2026-01-27,Client-115: M/s Vijay Fashion House,Velvet Roll (Label-405),6,124.05,744.3
1480,INV-2616,2025-02-26,Client-142: M/s Vandana Boutique,Gold Zardozi (Label-501),23,287.95,6622.85
1481,INV-2269,2025-07-15,Client-106: Smt. Kamlesh Designs,Banarasi Zari Border (Label-302),21,136.28,2861.88
1482,INV-0784,2026-02-17,Client-028: Shri Tarun Industries,Chanderi Block Print (Label-221),792,137.07,108559.44
1483,INV-3425,2025-07-06,Client-069: Smt. Mohan Designs,Satin 2-Inch (Label-102),11,47.3,520.3
1484,INV-3301,2023-12-16,Client-056: M/s Shyamlal Textiles,Cotton Herringbone (Label-203),193,43.82,8457.26
1485,INV-2607,2023-09-10,Client-084: M/s Kantilal Embroidery Works,Embroidered Mirror Work (Label-422),196,204.91,40162.36
1486,INV-3196,2025-10-17,Client-128: M/s Balaji Event Planners,Silk Printed (Label-112),38,97.71,3712.98
1487,INV-2494,2023-09-16,Client-053: M/s Malti Enterprises,Satin 1-Inch (Label-101),163,35.7,5819.1
1488,INV-1726,2024-04-12,Client-043: Smt. Manju Weavers,Organza Sheer (Label-210),922,58.03,53503.66
1489,INV-1845,2023-08-25,Client-114: M/s Padma Enterprises,Embroidered Mirror Work (Label-422),264,204.2,53908.8
1490,INV-2811,2025-09-25,Client-074: M/s Amrut Fashion House,Cotton Herringbone (Label-203),48,39.68,1904.64
1491,INV-1785,2025-08-28,Client-092: M/s Pushpa Silk House,Raw Silk Ribbon (Label-115),166,118.79,19719.14
1492,INV-1272,2025-02-17,Client-055: M/s Balaji Collections,Kutch Embroidery Border (Label-407),8,245.67,1965.36
1493,INV-3229,2024-09-16,Client-144: M/s Pooja Fashion House,Metallic Zari (Label-306),291,148.75,43286.25
1494,INV-2003,2024-06-10,Client-021: M/s Yash Emporium,Embroidered Mirror Work (Label-422),71,229.54,16297.34
1495,INV-1128,2023-08-20,Client-109: M/s Padma Silk House,Satin 2-Inch (Label-102),42,51.83,2176.86
1496,INV-0627,2026-01-06,Client-017: M/s Rahul Creations,Silk Printed (Label-112),1694,98.24,166418.56
1497,INV-0348,2026-02-14,Client-105: M/s Anjali Collections,Velvet Roll (Label-405),120,108.63,13035.6
1498,INV-3503,2026-03-03,Client-070: M/s Yash Designs,Lace Trim Border (Label-217),19,71.47,1357.93
1499,INV-2542,2023-09-09,Client-142: M/s Vandana Boutique,Kutch Embroidery Border (Label-407),3099,220.92,245046.77659999995
1500,INV-1566,2023-10-20,Client-004: Smt. Narottam Fabrics,Gota Patti (Label-204),47,92.78,4360.66
1501,INV-2099,2026-07-01,Client-005: M/s Nayna Garments,Gota Patti (Label-204),123,80.33,9880.59
1502,INV-0980,2026-08-03,Client-116: Shri Alka Industries,Embroidered Mirror Work (Label-422),113,199.05,22492.65
1503,INV-1424,2025-04-17,Client-028: Shri Tarun Industries,Chanderi Block Print (Label-221),17,125.99,2141.83
1504,INV-3438,2025-10-13,Client-123: M/s Alka Collections,Multicolor Taffeta (Label-308),98,92.26,9041.48
1505,INV-3366,2024-05-22,Client-079: M/s Savita Weavers,Velvet Roll (Label-405),148,108.02,15986.96
1506,INV-0912,2023-05-08,Client-141: Shri Brijesh Event Planners,Banarasi Zari Border (Label-302),472,130.52,61605.44
1507,INV-2496,2024-10-06,Client-005: M/s Nayna Garments,Silk Printed (Label-112),98,93.78,9190.44
1508,INV-0633,2026-06-20,Client-150: M/s Kantilal Event Planners,Banarasi Zari Border (Label-302),34,150.83,5128.22
1509,INV-1750,2023-02-26,Client-007: M/s Hasmukh Collections,Embroidered Mirror Work (Label-422),53,192.71,10213.63
1510,INV-0446,2024-09-21,Client-136: M/s Anjali Decorators,Nylon Woven (Label-501),17,27.55,468.35
1511,INV-0618,2023-05-30,Client-082: M/s Dhaval Event Planners,Gold Zardozi (Label-501),855,264.32,225993.6
1512,INV-2104,2024-11-01,Client-059: M/s Sita Fabrics,Patola Woven Border (Label-330),273,235.44,64275.12
1513,INV-1897,2024-04-16,Client-064: Smt. Nayna Exports,Banarasi Zari Border (Label-302),430,138.4,59512.0
1514,INV-2171,2026-07-10,Client-111: Shri Rekha Textiles,Patola Woven Border (Label-330),101,270.4,27310.4
1515,INV-2595,2026-04-25,Client-064: Smt. Nayna Exports,Satin 1-Inch (Label-101),90,33.84,3045.6
1516,INV-2844,2024-10-19,Client-093: Shri Niraj Boutique,Silver Tissue (Label-312),112,199.98,22397.76
1517,INV-2432,2023-10-25,Client-018: Smt. Foram Fabrics,Satin 2-Inch (Label-102),26,50.13,1303.38
1518,INV-3390,2025-03-18,Client-084: M/s Kantilal Embroidery Works,Jacquard Brocade (Label-315),777,161.64,125594.28
1519,INV-3375,2026-01-13,Client-090: Shri Prital Handloom,Patola Woven Border (Label-330),338,249.87,84456.06
1520,INV-1466,2023-03-11,Client-102: M/s Sita Industries,Satin 2-Inch (Label-102),162,48.03,7780.86
1521,INV-1673,2023-10-11,Client-033: M/s Vivek Fabrics,Cotton Herringbone (Label-203),81,40.1,3248.1
1522,INV-2114,2024-09-07,Client-022: Shri Champa Traders,Chanderi Block Print (Label-221),52,138.88,7221.76
1523,INV-0116,2026-06-22,Client-144: M/s Pooja Fashion House,Metallic Zari (Label-306),1730,173.29,245046.77659999995
1524,INV-1495,2025-09-03,Client-067: M/s Bhavik Traders,Gota Patti (Label-204),144,88.17,12696.48
1525,INV-0354,2023-10-05,Client-102: M/s Sita Industries,Metallic Zari (Label-306),16,170.93,2734.88
1526,INV-1233,2023-09-13,Client-147: M/s Jagdish Silk House,Gota Patti (Label-204),263,84.2,22144.6
1527,INV-0614,2025-11-18,Client-011: M/s Kavya Industries,Embroidered Mirror Work (Label-422),29,200.72,5820.88
1528,INV-3507,2024-06-07,Client-148: M/s Navin Fabrics,Embroidered Mirror Work (Label-422),1057,197.6,208863.2
1529,INV-3791,2026-02-24,Client-083: M/s Vandana Exports,Silk Printed (Label-112),5,100.18,500.9
1530,INV-2345,2024-02-10,Client-117: Smt. Narottam Emporium,Polyester Grosgrain (Label-408),61,29.84,1820.24
1531,INV-3715,2024-07-08,Client-036: M/s Rahul Enterprises,Velvet Roll (Label-405),139,121.97,16953.83
1532,INV-2638,2024-07-17,Client-041: M/s Varsha Handloom,Nylon Woven (Label-501),115,29.33,3372.95
1533,INV-3759,2023-01-23,Client-076: Smt. Ashok Designs,Silver Tissue (Label-312),275,189.92,52228.0
1534,INV-0058,2025-09-05,Client-017: M/s Rahul Creations,Chiffon Pleated (Label-119),62,74.88,4642.56
1535,INV-3991,2026-05-06,Client-148: M/s Navin Fabrics,Satin 2-Inch (Label-102),65,46.35,3012.75
1536,INV-2906,2024-12-02,Client-119: M/s Bhikhabhai Emporium,Satin 1-Inch (Label-101),160,32.87,5259.2
1537,INV-3912,2025-01-29,Client-127: M/s Nayna Boutique,Raw Silk Ribbon (Label-115),51,109.89,5604.39
1538,INV-1254,2026-06-21,Client-014: Shri Usha Fabrics,Kutch Embroidery Border (Label-407),34,231.0,7854.0
1539,INV-3330,2023-02-05,Client-103: Shri Vijay Fashion House,Lace Trim Border (Label-217),93,65.56,6097.08
1540,INV-2504,2025-11-03,Client-026: Smt. Vivek Fabrics,Organza Sheer (Label-210),204,57.69,11768.76
1541,INV-2334,2023-02-09,Client-025: M/s Ruchita Exports,Chiffon Pleated (Label-119),14,78.75,1102.5
1542,INV-3528,2023-07-13,Client-034: M/s Mansukhbhai Event Planners,Satin 2-Inch (Label-102),38,49.09,1865.42
1543,INV-3813,2025-03-13,Client-143: M/s Prakash Silk House,Banarasi Zari Border (Label-302),133,145.88,19402.04
1544,INV-1903,2025-02-10,Client-024: M/s Chirag Industries,Nylon Woven (Label-501),23,30.61,704.03
1545,INV-2260,2026-07-27,Client-040: M/s Drashti Fashion House,Multicolor Taffeta (Label-308),439,88.64,38912.96
1546,INV-1899,2025-10-30,Client-107: M/s Ramniklal Event Planners,Gota Patti (Label-204),310,76.75,23792.5
1547,INV-0708,2024-05-10,Client-053: M/s Malti Enterprises,Nylon Woven (Label-501),188,26.34,4951.92
1548,INV-1648,2024-08-16,Client-055: M/s Balaji Collections,Nylon Woven (Label-501),36,29.55,1063.8
1549,INV-0425,2023-05-04,Client-102: M/s Sita Industries,Gold Zardozi (Label-501),103,268.04,27608.12
1550,INV-1094,2025-03-07,Client-029: M/s Hitesh Boutique,Kutch Embroidery Border (Label-407),297,238.05,70700.85
1551,INV-0648,2025-09-09,Client-092: M/s Pushpa Silk House,Polyester Grosgrain (Label-408),12,31.92,383.04
1552,INV-0073,2026-07-24,Client-024: M/s Chirag Industries,Satin 2-Inch (Label-102),86,48.48,4169.28
1553,INV-2523,2026-03-06,Client-021: M/s Yash Emporium,Nylon Woven (Label-501),85,26.11,2219.35
1554,INV-1887,2023-05-05,Client-083: M/s Vandana Exports,Cotton Herringbone (Label-203),299,43.47,12997.53
1555,INV-1727,2024-11-18,Client-090: Shri Prital Handloom,Silver Tissue (Label-312),27,185.54,5009.58
1556,INV-1006,2026-07-08,Client-086: M/s Neha Fashion House,Gold Zardozi (Label-501),257,253.83,65234.31
1557,INV-0621,2024-03-23,Client-136: M/s Anjali Decorators,Satin 2-Inch (Label-102),10,54.97,549.7
1558,INV-3320,2023-02-13,Client-075: Smt. Seema Exports,Organza Sheer (Label-210),31,51.09,1583.79
1559,INV-0288,2025-08-22,Client-056: M/s Shyamlal Textiles,Nylon Woven (Label-501),20,29.01,580.2
1560,INV-0554,2024-08-18,Client-134: M/s Rakesh Weavers,Raw Silk Ribbon (Label-115),507,110.53,56038.71
1561,INV-2382,2024-04-25,Client-001: M/s Geeta Textiles,Chanderi Block Print (Label-221),31,122.69,3803.39
1562,INV-1895,2024-05-24,Client-010: M/s Pallavi Designs,Gota Patti (Label-204),233,89.34,20816.22
1563,INV-2145,2025-12-12,Client-039: Shri Jignesh Designs,Kutch Embroidery Border (Label-407),46,246.56,11341.76
1564,INV-1555,2023-04-28,Client-003: M/s Vinod Traders,Lace Trim Border (Label-217),863,61.35,52945.05
1565,INV-3546,2024-05-24,Client-104: M/s Nirmala Designs,Multicolor Taffeta (Label-308),163,83.41,13595.83
1566,INV-2258,2023-02-10,Client-122: M/s Bhikhabhai Enterprises,Kutch Embroidery Border (Label-407),72,236.66,17039.52
1567,INV-2548,2024-05-06,Client-127: M/s Nayna Boutique,Cotton Herringbone (Label-203),173,45.42,7857.66
1568,INV-0999,2026-04-26,Client-147: M/s Jagdish Silk House,Gota Patti (Label-204),149,83.6,12456.4
1569,INV-3178,2025-03-10,Client-145: M/s Rahul Decorators,Patola Woven Border (Label-330),54,238.43,12875.22
1570,INV-1690,2023-01-10,Client-073: M/s Lakshmi Event Planners,Organza Sheer (Label-210),353,58.76,20742.28
1571,INV-1398,2024-01-30,Client-037: M/s Vinod Fashion House,Silk Printed (Label-112),702,87.89,61698.78
1572,INV-1578,2023-11-01,Client-038: M/s Natubhai Creations,Metallic Zari (Label-306),392,148.73,58302.16
1573,INV-1621,2023-11-13,Client-075: Smt. Seema Exports,Chiffon Pleated (Label-119),24,69.87,1676.88
1574,INV-3654,2025-07-01,Client-097: M/s Deepika Designs,Patola Woven Border (Label-330),301,235.34,70837.34
1575,INV-3726,2026-01-13,Client-083: M/s Vandana Exports,Embroidered Mirror Work (Label-422),216,218.85,47271.6
1576,INV-3978,2025-12-06,Client-083: M/s Vandana Exports,Metallic Zari (Label-306),117,168.05,19661.85
1577,INV-2322,2023-11-03,Client-051: M/s Brijesh Saree Centre,Gota Patti (Label-204),66,84.95,5606.7
1578,INV-3590,2023-10-26,Client-081: M/s Mahesh Traders,Cotton Herringbone (Label-203),1113,44.62,49662.06
1579,INV-0441,2025-08-10,Client-080: Shri Nayna Weavers,Metallic Zari (Label-306),65,146.76,9539.4
1580,INV-0509,2023-05-18,Client-143: M/s Prakash Silk House,Chiffon Pleated (Label-119),31,75.78,2349.18
1581,INV-1101,2024-09-16,Client-044: Shri Meena Silk House,Gota Patti (Label-204),59,85.65,5053.35
1582,INV-0590,2024-08-20,Client-096: M/s Kiran Emporium,Velvet Roll (Label-405),227,109.1,24765.7
1583,INV-1961,2024-08-14,Client-129: M/s Padma Industries,Silver Tissue (Label-312),63,207.86,13095.18
1584,INV-0650,2026-07-07,Client-020: M/s Jagdish Fabrics,Gota Patti (Label-204),98,90.94,8912.12
1585,INV-1547,2025-11-09,Client-100: Smt. Kavita Saree Centre,Chiffon Pleated (Label-119),26,76.61,1991.86
1586,INV-3640,2024-10-19,Client-029: M/s Hitesh Boutique,Organza Sheer (Label-210),20,55.51,1110.2
1587,INV-3920,2024-03-04,Client-084: M/s Kantilal Embroidery Works,Polyester Grosgrain (Label-408),75,31.63,2372.25
1588,INV-2324,2025-06-10,Client-041: M/s Varsha Handloom,Satin 2-Inch (Label-102),496,54.69,27126.24
1589,INV-3856,2024-02-02,Client-081: M/s Mahesh Traders,Chiffon Pleated (Label-119),122,68.95,8411.9
1590,INV-2535,2026-06-08,Client-017: M/s Rahul Creations,Multicolor Taffeta (Label-308),135,89.87,12132.45
1591,INV-1456,2025-09-25,Client-077: Shri Deepak Fashion House,Patola Woven Border (Label-330),69,270.62,18672.78
1592,INV-2246,2023-03-19,Client-048: M/s Bhavesh Traders,Satin 1-Inch (Label-101),185,36.84,6815.4
1593,INV-0661,2025-02-14,Client-020: M/s Jagdish Fabrics,Gold Zardozi (Label-501),68,266.09,18094.12
1594,INV-0631,2023-05-25,Client-059: M/s Sita Fabrics,Cotton Herringbone (Label-203),160,41.22,6595.2
1595,INV-0673,2025-07-17,Client-018: Smt. Foram Fabrics,Nylon Woven (Label-501),45,27.32,1229.4
1596,INV-1250,2025-07-10,Client-039: Shri Jignesh Designs,Metallic Zari (Label-306),46,146.86,6755.56
1597,INV-1739,2026-04-29,Client-126: M/s Mukesh Garments,Polyester Grosgrain (Label-408),76,28.83,2191.08
1598,INV-0483,2026-03-19,Client-146: M/s Yash Fashion House,Banarasi Zari Border (Label-302),14,135.78,1900.92
1599,INV-1585,2025-01-12,Client-035: M/s Chandrakant Silk House,Velvet Roll (Label-405),139,109.43,15210.77
1600,INV-1980,2025-05-19,Client-137: M/s Vandana Traders,Satin 1-Inch (Label-101),141,33.93,4784.13
1601,INV-3409,2023-08-28,Client-089: M/s Naresh Fashion House,Raw Silk Ribbon (Label-115),155,112.14,17381.7
1602,INV-1463,2023-10-30,Client-110: M/s Anita Embroidery Works,Patola Woven Border (Label-330),126,267.08,33652.08
1603,INV-2765,2025-07-05,Client-140: M/s Brijesh Weavers,Polyester Grosgrain (Label-408),532,30.77,16369.64
1604,INV-2571,2023-06-20,Client-024: M/s Chirag Industries,Lace Trim Border (Label-217),54,60.79,3282.66
1605,INV-2380,2026-03-27,Client-017: M/s Rahul Creations,Cotton Herringbone (Label-203),335,43.76,14659.6
1606,INV-0857,2024-03-01,Client-038: M/s Natubhai Creations,Banarasi Zari Border (Label-302),84,149.45,12553.8
1607,INV-1226,2025-12-16,Client-038: M/s Natubhai Creations,Chiffon Pleated (Label-119),38,74.19,2819.22
1608,INV-1191,2025-09-23,Client-093: Shri Niraj Boutique,Patola Woven Border (Label-330),126,273.16,34418.16
1609,INV-2766,2023-12-12,Client-083: M/s Vandana Exports,Banarasi Zari Border (Label-302),948,134.58,127581.84
1610,INV-3282,2024-04-01,Client-141: Shri Brijesh Event Planners,Lace Trim Border (Label-217),892,59.12,52735.04
1611,INV-0531,2025-07-29,Client-120: M/s Usha Enterprises,Polyester Grosgrain (Label-408),12,33.13,397.56
1612,INV-0050,2026-04-06,Client-142: M/s Vandana Boutique,Gold Zardozi (Label-501),10,271.25,2712.5
1613,INV-3695,2024-05-16,Client-011: M/s Kavya Industries,Organza Sheer (Label-210),123,58.41,7184.43
1614,INV-3683,2026-05-23,Client-119: M/s Bhikhabhai Emporium,Jacquard Brocade (Label-315),28,192.2,5381.6
1615,INV-0859,2025-05-03,Client-042: M/s Pooja Traders,Patola Woven Border (Label-330),23,239.22,5502.06
1616,INV-2923,2025-03-19,Client-136: M/s Anjali Decorators,Satin 2-Inch (Label-102),127,51.39,6526.53
1617,INV-1073,2024-03-14,Client-122: M/s Bhikhabhai Enterprises,Lace Trim Border (Label-217),46,67.58,3108.68
1618,INV-0720,2025-02-19,Client-039: Shri Jignesh Designs,Satin 2-Inch (Label-102),186,53.06,9869.16
1619,INV-0152,2024-03-17,Client-030: M/s Shardaben Fashion House,Lace Trim Border (Label-217),128,64.09,8203.52
1620,INV-2167,2025-02-22,Client-028: Shri Tarun Industries,Kutch Embroidery Border (Label-407),201,245.56,49357.56
1621,INV-2981,2023-04-07,Client-097: M/s Deepika Designs,Chiffon Pleated (Label-119),527,77.74,40968.98
1622,INV-1661,2023-09-25,Client-092: M/s Pushpa Silk House,Jacquard Brocade (Label-315),161,165.89,26708.29
1623,INV-1657,2023-09-16,Client-148: M/s Navin Fabrics,Chiffon Pleated (Label-119),52,80.15,4167.8
1624,INV-2178,2023-07-05,Client-081: M/s Mahesh Traders,Raw Silk Ribbon (Label-115),120,109.94,13192.8
1625,INV-3082,2023-05-25,Client-086: M/s Neha Fashion House,Banarasi Zari Border (Label-302),153,134.96,20648.88
1626,INV-2173,2023-02-28,Client-065: Shri Arvind Emporium,Lace Trim Border (Label-217),20,69.14,1382.8
1627,INV-2956,2023-03-26,Client-036: M/s Rahul Enterprises,Cotton Herringbone (Label-203),47,41.12,1932.64
1628,INV-2858,2026-04-07,Client-048: M/s Bhavesh Traders,Kutch Embroidery Border (Label-407),811,215.02,174381.22
1629,INV-2944,2025-10-30,Client-101: Smt. Manju Garments,Kutch Embroidery Border (Label-407),63,250.39,15774.57
1630,INV-3600,2023-02-07,Client-026: Smt. Vivek Fabrics,Velvet Roll (Label-405),469,131.83,61828.27
1631,INV-2729,2026-01-01,Client-149: Shri Alpesh Saree Centre,Chiffon Pleated (Label-119),14,77.05,1078.7
1632,INV-2223,2026-02-27,Client-137: M/s Vandana Traders,Gold Zardozi (Label-501),53,274.07,14525.71
1633,INV-1784,2023-05-28,Client-136: M/s Anjali Decorators,Satin 2-Inch (Label-102),10,46.9,469.0
1634,INV-3012,2024-10-27,Client-129: M/s Padma Industries,Organza Sheer (Label-210),137,52.43,7182.91
1635,INV-1386,2026-03-11,Client-025: M/s Ruchita Exports,Raw Silk Ribbon (Label-115),112,106.14,11887.68
1636,INV-2514,2025-09-15,Client-057: M/s Drashti Emporium,Multicolor Taffeta (Label-308),18,95.31,1715.58
1637,INV-1400,2025-08-14,Client-051: M/s Brijesh Saree Centre,Nylon Woven (Label-501),12,27.57,330.84
1638,INV-1196,2025-06-30,Client-121: M/s Harish Traders,Gota Patti (Label-204),11,91.12,1002.32
1639,INV-3766,2026-07-24,Client-025: M/s Ruchita Exports,Polyester Grosgrain (Label-408),130,30.22,3928.6
1640,INV-1476,2023-03-22,Client-053: M/s Malti Enterprises,Chanderi Block Print (Label-221),397,125.85,49962.45
1641,INV-2487,2025-10-30,Client-101: Smt. Manju Garments,Organza Sheer (Label-210),33,51.34,1694.22
1642,INV-3496,2025-04-08,Client-122: M/s Bhikhabhai Enterprises,Multicolor Taffeta (Label-308),207,79.45,16446.15
1643,INV-2881,2024-09-09,Client-027: M/s Rajendra Creations,Organza Sheer (Label-210),633,57.91,36657.03
1644,INV-0298,2025-02-12,Client-139: M/s Gopal Fashion House,Organza Sheer (Label-210),249,56.69,14115.81
1645,INV-2078,2025-07-24,Client-005: M/s Nayna Garments,Silk Printed (Label-112),108,89.46,9661.68
1646,INV-1265,2023-05-05,Client-142: M/s Vandana Boutique,Embroidered Mirror Work (Label-422),20,191.75,3835.0
1647,INV-3334,2026-04-06,Client-112: M/s Indira Traders,Nylon Woven (Label-501),546,27.79,15173.34
1648,INV-0959,2023-05-24,Client-001: M/s Geeta Textiles,Chiffon Pleated (Label-119),256,81.81,20943.36
1649,INV-1607,2026-04-15,Client-010: M/s Pallavi Designs,Polyester Grosgrain (Label-408),12,29.83,357.96
1650,INV-2708,2024-03-17,Client-130: M/s Jignesh Creations,Organza Sheer (Label-210),20,50.31,1006.2
1651,INV-0909,2024-08-19,Client-148: M/s Navin Fabrics,Multicolor Taffeta (Label-308),165,82.64,13635.6
1652,INV-1930,2024-03-19,Client-038: M/s Natubhai Creations,Organza Sheer (Label-210),65,51.31,3335.15
1653,INV-1610,2025-12-07,Client-088: M/s Pooja Creations,Multicolor Taffeta (Label-308),34,93.02,3162.68
1654,INV-2928,2024-03-07,Client-132: M/s Shanta Creations,Patola Woven Border (Label-330),155,254.55,39455.25
1655,INV-1375,2023-11-11,Client-046: M/s Bhikhabhai Textiles,Silk Printed (Label-112),22,99.07,2179.54
1656,INV-1287,2024-02-01,Client-145: M/s Rahul Decorators,Patola Woven Border (Label-330),78,259.12,20211.36
1657,INV-3987,2025-04-16,Client-077: Shri Deepak Fashion House,Cotton Herringbone (Label-203),834,39.09,32601.06
1658,INV-0350,2023-06-23,Client-144: M/s Pooja Fashion House,Nylon Woven (Label-501),48,28.4,1363.2
1659,INV-1369,2025-11-02,Client-007: M/s Hasmukh Collections,Satin 1-Inch (Label-101),4,35.97,143.88
1660,INV-2131,2024-11-04,Client-119: M/s Bhikhabhai Emporium,Patola Woven Border (Label-330),201,254.54,51162.54
1661,INV-0644,2024-04-25,Client-018: Smt. Foram Fabrics,Silk Printed (Label-112),564,91.54,51628.56
1662,INV-2866,2024-04-29,Client-101: Smt. Manju Garments,Banarasi Zari Border (Label-302),84,153.66,12907.44
1663,INV-2043,2023-10-14,Client-074: M/s Amrut Fashion House,Gota Patti (Label-204),198,80.26,15891.48
1664,INV-1682,2024-01-16,Client-019: M/s Sunil Collections,Silk Printed (Label-112),133,97.98,13031.34
1665,INV-0670,2024-08-03,Client-056: M/s Shyamlal Textiles,Multicolor Taffeta (Label-308),87,89.87,7818.69
1666,INV-3623,2023-10-04,Client-102: M/s Sita Industries,Jacquard Brocade (Label-315),326,163.18,53196.68
1667,INV-2128,2023-07-17,Client-147: M/s Jagdish Silk House,Silk Printed (Label-112),22,87.89,1933.58
1668,INV-3261,2024-10-05,Client-135: M/s Anjali Emporium,Raw Silk Ribbon (Label-115),665,117.7,78270.5
1669,INV-2769,2023-10-18,Client-128: M/s Balaji Event Planners,Patola Woven Border (Label-330),450,250.67,112801.5
1670,INV-1819,2024-08-11,Client-137: M/s Vandana Traders,Multicolor Taffeta (Label-308),36,86.66,3119.76
1671,INV-1180,2025-10-11,Client-135: M/s Anjali Emporium,Satin 1-Inch (Label-101),4,33.53,134.12
1672,INV-3368,2023-11-09,Client-139: M/s Gopal Fashion House,Gold Zardozi (Label-501),27,292.94,7909.38
1673,INV-3955,2025-07-06,Client-125: Shri Padma Saree Centre,Chanderi Block Print (Label-221),106,137.33,14556.98
1674,INV-2209,2024-04-09,Client-021: M/s Yash Emporium,Metallic Zari (Label-306),33,158.46,5229.18
1675,INV-1851,2026-02-09,Client-121: M/s Harish Traders,Velvet Roll (Label-405),27,111.03,2997.81
1676,INV-1588,2023-10-21,Client-007: M/s Hasmukh Collections,Embroidered Mirror Work (Label-422),539,204.61,110284.79
1677,INV-3796,2026-06-04,Client-116: Shri Alka Industries,Gota Patti (Label-204),233,93.4,21762.2
1678,INV-2255,2023-12-14,Client-083: M/s Vandana Exports,Lace Trim Border (Label-217),58,59.0,3422.0
1679,INV-2373,2023-11-23,Client-095: M/s Shardaben Handloom,Silk Printed (Label-112),90,97.77,8799.3
1680,INV-1358,2023-05-21,Client-053: M/s Malti Enterprises,Organza Sheer (Label-210),60,59.07,3544.2
1681,INV-0787,2024-10-26,Client-106: Smt. Kamlesh Designs,Chanderi Block Print (Label-221),192,133.13,25560.96
1682,INV-3587,2024-07-06,Client-076: Smt. Ashok Designs,Satin 2-Inch (Label-102),836,49.67,41524.12
1683,INV-0141,2026-02-24,Client-032: Shri Lakshmi Event Planners,Embroidered Mirror Work (Label-422),238,203.85,48516.3
1684,INV-0324,2024-12-22,Client-140: M/s Brijesh Weavers,Satin 2-Inch (Label-102),77,46.84,3606.68
1685,INV-2690,2023-10-02,Client-016: M/s Padma Garments,Patola Woven Border (Label-330),265,259.41,68743.65
1686,INV-0715,2023-01-25,Client-098: M/s Bhavna Garments,Kutch Embroidery Border (Label-407),48,211.63,10158.24
1687,INV-2196,2023-04-19,Client-113: Smt. Kantilal Exports,Satin 2-Inch (Label-102),121,50.91,6160.11
1688,INV-3310,2026-04-12,Client-088: M/s Pooja Creations,Chiffon Pleated (Label-119),95,73.41,6973.95
1689,INV-3180,2024-05-06,Client-145: M/s Rahul Decorators,Satin 2-Inch (Label-102),86,54.91,4722.26
1690,INV-1908,2025-09-30,Client-022: Shri Champa Traders,Organza Sheer (Label-210),433,53.94,23356.02
1691,INV-0619,2023-05-20,Client-041: M/s Varsha Handloom,Embroidered Mirror Work (Label-422),35,211.81,7413.35
1692,INV-0407,2025-06-22,Client-110: M/s Anita Embroidery Works,Silk Printed (Label-112),13,104.42,1357.46
1693,INV-2207,2025-08-29,Client-088: M/s Pooja Creations,Jacquard Brocade (Label-315),61,160.86,9812.46
1694,INV-2038,2025-11-13,Client-113: Smt. Kantilal Exports,Embroidered Mirror Work (Label-422),62,222.07,13768.34
1695,INV-3083,2026-06-04,Client-047: M/s Harish Creations,Satin 1-Inch (Label-101),59,34.78,2052.02
1696,INV-2853,2023-12-08,Client-094: M/s Dilip Weavers,Nylon Woven (Label-501),46,29.62,1362.52
1697,INV-2418,2026-04-10,Client-059: M/s Sita Fabrics,Multicolor Taffeta (Label-308),84,93.43,7848.12
1698,INV-0498,2023-06-17,Client-030: M/s Shardaben Fashion House,Polyester Grosgrain (Label-408),24,33.82,811.68
1699,INV-3915,2026-08-04,Client-108: M/s Shyam Event Planners,Chiffon Pleated (Label-119),47,67.74,3183.78
1700,INV-0343,2025-07-11,Client-092: M/s Pushpa Silk House,Silver Tissue (Label-312),33,212.2,7002.6
1701,INV-3921,2025-02-07,Client-094: M/s Dilip Weavers,Silk Printed (Label-112),16,87.34,1397.44
1702,INV-0783,2024-01-24,Client-064: Smt. Nayna Exports,Kutch Embroidery Border (Label-407),42,235.76,9901.92
1703,INV-3005,2023-10-14,Client-040: M/s Drashti Fashion House,Multicolor Taffeta (Label-308),23,84.22,1937.06
1704,INV-1324,2025-02-01,Client-135: M/s Anjali Emporium,Raw Silk Ribbon (Label-115),72,118.4,8524.8
1705,INV-3461,2024-03-28,Client-096: M/s Kiran Emporium,Satin 1-Inch (Label-101),40,35.9,1436.0
1706,INV-3778,2023-09-04,Client-035: M/s Chandrakant Silk House,Jacquard Brocade (Label-315),4410,183.22,245046.77659999995
1707,INV-0304,2023-04-10,Client-012: M/s Nayna Event Planners,Chiffon Pleated (Label-119),191,74.08,14149.28
1708,INV-3371,2025-05-15,Client-095: M/s Shardaben Handloom,Kutch Embroidery Border (Label-407),113,214.68,24258.84
1709,INV-2460,2026-05-21,Client-069: Smt. Mohan Designs,Silver Tissue (Label-312),14,189.29,2650.06
1710,INV-0665,2023-08-31,Client-107: M/s Ramniklal Event Planners,Metallic Zari (Label-306),65,167.05,10858.25
1711,INV-1178,2025-01-24,Client-112: M/s Indira Traders,Chanderi Block Print (Label-221),292,133.0,38836.0
1712,INV-2437,2025-04-12,Client-041: M/s Varsha Handloom,Nylon Woven (Label-501),46,28.55,1313.3
1713,INV-3358,2024-01-22,Client-001: M/s Geeta Textiles,Metallic Zari (Label-306),745,164.22,122343.9
1714,INV-3132,2023-02-20,Client-033: M/s Vivek Fabrics,Gota Patti (Label-204),23,91.92,2114.16
1715,INV-3565,2023-10-16,Client-089: M/s Naresh Fashion House,Gold Zardozi (Label-501),389,301.69,117357.41
1716,INV-2869,2023-11-30,Client-147: M/s Jagdish Silk House,Satin 1-Inch (Label-101),695,31.66,22003.7
1717,INV-0085,2025-04-29,Client-130: M/s Jignesh Creations,Cotton Herringbone (Label-203),48,44.69,2145.12
1718,INV-3451,2026-07-16,Client-036: M/s Rahul Enterprises,Polyester Grosgrain (Label-408),162,32.18,5213.16
1719,INV-1801,2024-02-01,Client-015: M/s Savita Decorators,Nylon Woven (Label-501),174,26.5,4611.0
1720,INV-0942,2024-11-17,Client-026: Smt. Vivek Fabrics,Cotton Herringbone (Label-203),377,43.3,16324.1
1721,INV-0962,2023-06-14,Client-075: Smt. Seema Exports,Chanderi Block Print (Label-221),825,126.98,104758.5
1722,INV-0842,2023-03-22,Client-133: Smt. Manisha Designs,Chanderi Block Print (Label-221),599,147.49,88346.51
1723,INV-2603,2026-04-03,Client-064: Smt. Nayna Exports,Organza Sheer (Label-210),122,57.32,6993.04
1724,INV-2686,2024-01-28,Client-006: M/s Naresh Exports,Patola Woven Border (Label-330),35,229.23,8023.05
1725,INV-3150,2025-06-17,Client-033: M/s Vivek Fabrics,Velvet Roll (Label-405),251,113.85,28576.35
1726,INV-3719,2026-01-21,Client-066: Smt. Krunal Embroidery Works,Chanderi Block Print (Label-221),1280,143.04,183091.2
1727,INV-3050,2025-05-28,Client-117: Smt. Narottam Emporium,Satin 1-Inch (Label-101),867,35.49,30769.83
1728,INV-0291,2024-11-02,Client-114: M/s Padma Enterprises,Velvet Roll (Label-405),75,124.33,9324.75
1729,INV-2012,2025-06-29,Client-128: M/s Balaji Event Planners,Silk Printed (Label-112),280,95.61,26770.8
1730,INV-2544,2023-04-11,Client-065: Shri Arvind Emporium,Chiffon Pleated (Label-119),17,70.3,1195.1
1731,INV-2203,2025-01-03,Client-019: M/s Sunil Collections,Raw Silk Ribbon (Label-115),67,100.4,6726.8
1732,INV-3413,2025-03-07,Client-074: M/s Amrut Fashion House,Patola Woven Border (Label-330),10,264.27,2642.7
1733,INV-3616,2023-08-05,Client-142: M/s Vandana Boutique,Gold Zardozi (Label-501),119,258.22,30728.18
1734,INV-0605,2024-08-08,Client-109: M/s Padma Silk House,Gota Patti (Label-204),159,85.39,13577.01
1735,INV-2698,2024-11-01,Client-025: M/s Ruchita Exports,Multicolor Taffeta (Label-308),261,96.11,25084.71
1736,INV-0917,2023-10-22,Client-125: Shri Padma Saree Centre,Patola Woven Border (Label-330),33,246.84,8145.72
1737,INV-3155,2023-02-16,Client-023: M/s Navin Embroidery Works,Embroidered Mirror Work (Label-422),19,217.67,4135.73
1738,INV-2443,2025-09-29,Client-137: M/s Vandana Traders,Gold Zardozi (Label-501),238,286.52,68191.76
1739,INV-1100,2024-05-15,Client-080: Shri Nayna Weavers,Kutch Embroidery Border (Label-407),59,210.91,12443.69
1740,INV-1089,2023-06-06,Client-134: M/s Rakesh Weavers,Satin 2-Inch (Label-102),136,52.93,7198.48
1741,INV-3884,2026-07-12,Client-073: M/s Lakshmi Event Planners,Nylon Woven (Label-501),55,25.64,1410.2
1742,INV-3152,2023-04-07,Client-102: M/s Sita Industries,Silk Printed (Label-112),325,85.55,27803.75
1743,INV-1625,2026-05-22,Client-122: M/s Bhikhabhai Enterprises,Velvet Roll (Label-405),5,114.68,573.4
1744,INV-2515,2025-10-07,Client-118: M/s Pravin Textiles,Metallic Zari (Label-306),206,163.74,33730.44
1745,INV-0822,2025-03-03,Client-008: M/s Natubhai Exports,Silver Tissue (Label-312),117,212.52,24864.84
1746,INV-2168,2023-07-21,Client-031: M/s Paresh Garments,Nylon Woven (Label-501),183,27.22,4981.26
1747,INV-2479,2026-06-14,Client-013: M/s Gopal Exports,Cotton Herringbone (Label-203),205,38.47,7886.35
1748,INV-3775,2023-03-10,Client-010: M/s Pallavi Designs,Nylon Woven (Label-501),6,29.15,174.9
1749,INV-3224,2026-07-16,Client-046: M/s Bhikhabhai Textiles,Lace Trim Border (Label-217),36,63.77,2295.72
1750,INV-3689,2025-06-09,Client-001: M/s Geeta Textiles,Embroidered Mirror Work (Label-422),184,220.42,40557.28
1751,INV-1303,2025-04-02,Client-106: Smt. Kamlesh Designs,Nylon Woven (Label-501),74,30.04,2222.96
1752,INV-3286,2026-04-01,Client-102: M/s Sita Industries,Silver Tissue (Label-312),19,207.92,3950.48
1753,INV-3561,2025-04-08,Client-038: M/s Natubhai Creations,Banarasi Zari Border (Label-302),132,133.27,17591.64
1754,INV-1506,2023-12-12,Client-135: M/s Anjali Emporium,Nylon Woven (Label-501),31,26.18,811.58
1755,INV-1478,2023-12-18,Client-001: M/s Geeta Textiles,Nylon Woven (Label-501),130,26.88,3494.4
1756,INV-0019,2023-11-22,Client-122: M/s Bhikhabhai Enterprises,Multicolor Taffeta (Label-308),30,83.76,2512.8
1757,INV-1638,2026-07-23,Client-149: Shri Alpesh Saree Centre,Velvet Roll (Label-405),632,108.88,68812.16
1758,INV-1668,2025-07-12,Client-047: M/s Harish Creations,Polyester Grosgrain (Label-408),149,28.86,4300.14
1759,INV-0494,2024-01-25,Client-142: M/s Vandana Boutique,Silver Tissue (Label-312),114,185.85,21186.9
1760,INV-1126,2024-04-28,Client-056: M/s Shyamlal Textiles,Organza Sheer (Label-210),187,50.67,9475.29
1761,INV-1405,2026-05-03,Client-142: M/s Vandana Boutique,Jacquard Brocade (Label-315),43,166.51,7159.93
1762,INV-3094,2024-04-23,Client-022: Shri Champa Traders,Velvet Roll (Label-405),60,119.1,7146.0
1763,INV-3864,2023-01-11,Client-121: M/s Harish Traders,Embroidered Mirror Work (Label-422),17,202.5,3442.5
1764,INV-2722,2026-01-31,Client-136: M/s Anjali Decorators,Organza Sheer (Label-210),62,53.98,3346.76
1765,INV-2448,2026-01-16,Client-053: M/s Malti Enterprises,Multicolor Taffeta (Label-308),29,89.44,2593.76
1766,INV-2270,2023-11-17,Client-133: Smt. Manisha Designs,Embroidered Mirror Work (Label-422),216,196.57,42459.12
1767,INV-2133,2026-04-01,Client-009: M/s Narottam Weavers,Chiffon Pleated (Label-119),13,76.98,1000.74
1768,INV-2624,2024-02-13,Client-145: M/s Rahul Decorators,Kutch Embroidery Border (Label-407),390,223.42,87133.8
1769,INV-0688,2026-06-11,Client-014: Shri Usha Fabrics,Jacquard Brocade (Label-315),16,171.12,2737.92
1770,INV-3333,2025-04-20,Client-039: Shri Jignesh Designs,Kutch Embroidery Border (Label-407),13,221.62,2881.06
1771,INV-2285,2023-10-04,Client-101: Smt. Manju Garments,Organza Sheer (Label-210),77,50.72,3905.44
1772,INV-3134,2023-12-11,Client-044: Shri Meena Silk House,Satin 1-Inch (Label-101),130,33.97,4416.1
1773,INV-1609,2023-10-16,Client-042: M/s Pooja Traders,Gold Zardozi (Label-501),37,280.91,10393.67
1774,INV-2673,2026-02-17,Client-091: M/s Bharat Silk House,Gota Patti (Label-204),114,89.63,10217.82
1775,INV-1010,2025-01-18,Client-144: M/s Pooja Fashion House,Satin 1-Inch (Label-101),7,35.43,248.01
1776,INV-3200,2023-05-07,Client-012: M/s Nayna Event Planners,Chanderi Block Print (Label-221),57,140.41,8003.37
1777,INV-2308,2023-06-05,Client-083: M/s Vandana Exports,Nylon Woven (Label-501),93,26.11,2428.23
1778,INV-0361,2023-05-22,Client-105: M/s Anjali Collections,Patola Woven Border (Label-330),87,249.97,21747.39
1779,INV-3397,2023-08-06,Client-107: M/s Ramniklal Event Planners,Nylon Woven (Label-501),63,25.28,1592.64
1780,INV-3648,2024-04-15,Client-016: M/s Padma Garments,Silk Printed (Label-112),185,87.36,16161.6
1781,INV-2925,2026-05-19,Client-075: Smt. Seema Exports,Velvet Roll (Label-405),6,117.86,707.16
1782,INV-1678,2024-07-10,Client-028: Shri Tarun Industries,Raw Silk Ribbon (Label-115),293,107.43,31476.99
1783,INV-1311,2024-12-03,Client-003: M/s Vinod Traders,Gold Zardozi (Label-501),6,284.84,1709.04
1784,INV-1171,2023-03-31,Client-116: Shri Alka Industries,Metallic Zari (Label-306),6,174.32,1045.92
1785,INV-1955,2024-01-27,Client-034: M/s Mansukhbhai Event Planners,Polyester Grosgrain (Label-408),220,29.14,6410.8
1786,INV-0801,2025-03-15,Client-148: M/s Navin Fabrics,Gold Zardozi (Label-501),329,257.04,84566.16
1787,INV-2401,2024-02-29,Client-019: M/s Sunil Collections,Satin 1-Inch (Label-101),47,33.27,1563.69
1788,INV-0345,2023-05-31,Client-040: M/s Drashti Fashion House,Chiffon Pleated (Label-119),147,78.18,11492.46
1789,INV-2695,2024-02-11,Client-024: M/s Chirag Industries,Chanderi Block Print (Label-221),40,139.83,5593.2
1790,INV-0987,2025-07-17,Client-014: Shri Usha Fabrics,Silver Tissue (Label-312),16,182.36,2917.76
1791,INV-2526,2024-04-27,Client-126: M/s Mukesh Garments,Chiffon Pleated (Label-119),88,76.33,6717.04
1792,INV-0744,2024-12-05,Client-137: M/s Vandana Traders,Gota Patti (Label-204),35,88.19,3086.65
1793,INV-2947,2023-04-01,Client-142: M/s Vandana Boutique,Chanderi Block Print (Label-221),54,128.2,6922.8
1794,INV-1672,2023-11-09,Client-094: M/s Dilip Weavers,Velvet Roll (Label-405),490,129.57,63489.3
1795,INV-2447,2024-01-21,Client-036: M/s Rahul Enterprises,Polyester Grosgrain (Label-408),23,30.02,690.46
1796,INV-2023,2025-04-07,Client-119: M/s Bhikhabhai Emporium,Polyester Grosgrain (Label-408),41,34.09,1397.69
1797,INV-0114,2024-06-25,Client-117: Smt. Narottam Emporium,Lace Trim Border (Label-217),87,67.25,5850.75
1798,INV-1438,2025-10-30,Client-128: M/s Balaji Event Planners,Satin 1-Inch (Label-101),443,33.61,14889.23
1799,INV-2972,2026-03-07,Client-024: M/s Chirag Industries,Metallic Zari (Label-306),78,154.89,12081.42
1800,INV-1242,2025-08-27,Client-041: M/s Varsha Handloom,Silver Tissue (Label-312),192,189.9,36460.8
1801,INV-1143,2026-02-17,Client-059: M/s Sita Fabrics,Satin 1-Inch (Label-101),22,38.32,843.04
1802,INV-2410,2025-08-19,Client-080: Shri Nayna Weavers,Silver Tissue (Label-312),511,205.81,105168.91
1803,INV-1217,2023-10-10,Client-052: Smt. Anita Saree Centre,Multicolor Taffeta (Label-308),174,96.27,16750.98
1804,INV-1826,2026-02-13,Client-015: M/s Savita Decorators,Kutch Embroidery Border (Label-407),116,250.19,29022.04
1805,INV-1199,2024-08-18,Client-103: Shri Vijay Fashion House,Satin 2-Inch (Label-102),23,50.13,1152.99
1806,INV-0086,2024-09-03,Client-149: Shri Alpesh Saree Centre,Patola Woven Border (Label-330),34,249.48,8482.32
1807,INV-1519,2024-11-09,Client-042: M/s Pooja Traders,Patola Woven Border (Label-330),46,234.95,10807.7
1808,INV-3834,2026-01-27,Client-083: M/s Vandana Exports,Silver Tissue (Label-312),299,204.16,61043.84
1809,INV-1382,2024-02-29,Client-102: M/s Sita Industries,Embroidered Mirror Work (Label-422),46,194.07,8927.22
1810,INV-1376,2025-12-26,Client-013: M/s Gopal Exports,Chanderi Block Print (Label-221),10,143.41,1434.1
1811,INV-0669,2025-04-10,Client-145: M/s Rahul Decorators,Chanderi Block Print (Label-221),91,122.0,11102.0
1812,INV-2656,2026-07-27,Client-038: M/s Natubhai Creations,Raw Silk Ribbon (Label-115),200,108.73,21746.0
1813,INV-1015,2025-12-27,Client-116: Shri Alka Industries,Raw Silk Ribbon (Label-115),778,107.1,83323.8
1814,INV-0129,2024-05-02,Client-005: M/s Nayna Garments,Jacquard Brocade (Label-315),27,166.79,4503.33
1815,INV-1365,2024-01-11,Client-025: M/s Ruchita Exports,Chiffon Pleated (Label-119),152,77.98,11852.96
1816,INV-3145,2024-04-13,Client-040: M/s Drashti Fashion House,Banarasi Zari Border (Label-302),314,137.81,43272.34
1817,INV-2371,2024-05-23,Client-028: Shri Tarun Industries,Gota Patti (Label-204),164,91.0,14924.0
1818,INV-0892,2026-06-09,Client-139: M/s Gopal Fashion House,Multicolor Taffeta (Label-308),86,80.09,6887.74
1819,INV-3499,2023-09-30,Client-043: Smt. Manju Weavers,Banarasi Zari Border (Label-302),34,157.29,5347.86
1820,INV-1360,2025-07-28,Client-002: M/s Chandrika Fashion House,Organza Sheer (Label-210),62,54.4,3372.8
1821,INV-0308,2023-12-25,Client-110: M/s Anita Embroidery Works,Silver Tissue (Label-312),187,194.83,36433.21
1822,INV-2969,2026-06-28,Client-101: Smt. Manju Garments,Chanderi Block Print (Label-221),83,131.67,10928.61
1823,INV-3716,2024-05-01,Client-013: M/s Gopal Exports,Gold Zardozi (Label-501),90,299.68,26971.2
1824,INV-0384,2023-12-21,Client-126: M/s Mukesh Garments,Polyester Grosgrain (Label-408),112,29.7,3326.4
1825,INV-0151,2023-06-17,Client-109: M/s Padma Silk House,Satin 2-Inch (Label-102),168,51.07,8579.76
1826,INV-2175,2024-06-22,Client-042: M/s Pooja Traders,Silk Printed (Label-112),109,96.11,10475.99
1827,INV-1318,2025-03-30,Client-002: M/s Chandrika Fashion House,Lace Trim Border (Label-217),271,58.63,15888.73
1828,INV-1452,2026-05-16,Client-009: M/s Narottam Weavers,Raw Silk Ribbon (Label-115),25,106.04,2651.0
1829,INV-3865,2026-05-30,Client-121: M/s Harish Traders,Chanderi Block Print (Label-221),13,122.42,1591.46
1830,INV-3665,2023-02-26,Client-135: M/s Anjali Emporium,Cotton Herringbone (Label-203),17,39.04,663.68
1831,INV-0427,2023-11-09,Client-080: Shri Nayna Weavers,Satin 1-Inch (Label-101),97,35.08,3402.76
1832,INV-0495,2024-05-01,Client-101: Smt. Manju Garments,Kutch Embroidery Border (Label-407),36,232.28,8362.08
1833,INV-1208,2024-04-25,Client-013: M/s Gopal Exports,Gota Patti (Label-204),174,82.6,14372.4
1834,INV-3634,2023-10-29,Client-019: M/s Sunil Collections,Chiffon Pleated (Label-119),41,74.64,3060.24
1835,INV-2472,2024-07-15,Client-075: Smt. Seema Exports,Nylon Woven (Label-501),76,27.32,2076.32
1836,INV-1209,2023-11-21,Client-129: M/s Padma Industries,Banarasi Zari Border (Label-302),28,153.9,4309.2
1837,INV-1821,2023-09-28,Client-072: M/s Arun Fashion House,Patola Woven Border (Label-330),449,272.55,122374.95
1838,INV-3034,2024-08-28,Client-099: M/s Sushila Garments,Satin 1-Inch (Label-101),100,33.52,3352.0
1839,INV-3218,2026-02-21,Client-047: M/s Harish Creations,Satin 1-Inch (Label-101),54,38.25,2065.5
1840,INV-3672,2024-01-02,Client-047: M/s Harish Creations,Embroidered Mirror Work (Label-422),206,230.79,47542.74
1841,INV-2715,2023-07-01,Client-007: M/s Hasmukh Collections,Chiffon Pleated (Label-119),26,69.81,1815.06
1842,INV-1967,2023-02-14,Client-117: Smt. Narottam Emporium,Kutch Embroidery Border (Label-407),79,233.49,18445.71
1843,INV-1240,2025-09-29,Client-107: M/s Ramniklal Event Planners,Jacquard Brocade (Label-315),21,162.55,3413.55
1844,INV-2776,2026-04-20,Client-110: M/s Anita Embroidery Works,Chiffon Pleated (Label-119),976,77.71,75844.96
1845,INV-2180,2025-01-10,Client-044: Shri Meena Silk House,Metallic Zari (Label-306),537,144.51,77601.87
1846,INV-0276,2023-03-16,Client-102: M/s Sita Industries,Satin 2-Inch (Label-102),16,46.86,749.76
1847,INV-0490,2023-11-30,Client-009: M/s Narottam Weavers,Polyester Grosgrain (Label-408),344,28.93,9951.92
1848,INV-3154,2026-04-12,Client-138: Smt. Natubhai Weavers,Nylon Woven (Label-501),138,25.94,3579.72
1849,INV-1230,2024-10-01,Client-041: M/s Varsha Handloom,Gota Patti (Label-204),20,76.97,1539.4
1850,INV-0691,2025-12-03,Client-015: M/s Savita Decorators,Jacquard Brocade (Label-315),737,179.91,132593.67
1851,INV-3304,2023-12-01,Client-034: M/s Mansukhbhai Event Planners,Polyester Grosgrain (Label-408),107,29.13,3116.91
1852,INV-2652,2024-04-19,Client-062: M/s Deepak Creations,Banarasi Zari Border (Label-302),22,145.24,3195.28
1853,INV-2820,2025-02-23,Client-032: Shri Lakshmi Event Planners,Kutch Embroidery Border (Label-407),67,231.09,15483.03
1854,INV-2529,2023-11-04,Client-127: M/s Nayna Boutique,Satin 1-Inch (Label-101),508,38.04,19324.32
1855,INV-1781,2024-08-08,Client-042: M/s Pooja Traders,Embroidered Mirror Work (Label-422),3,223.18,669.54
1856,INV-3663,2025-04-22,Client-122: M/s Bhikhabhai Enterprises,Gold Zardozi (Label-501),35,285.34,9986.9
1857,INV-2756,2023-02-09,Client-024: M/s Chirag Industries,Satin 2-Inch (Label-102),139,52.25,7262.75
1858,INV-1059,2025-02-02,Client-106: Smt. Kamlesh Designs,Metallic Zari (Label-306),679,173.47,117786.13
1859,INV-0119,2026-01-05,Client-117: Smt. Narottam Emporium,Lace Trim Border (Label-217),86,67.22,5780.92
1860,INV-1025,2023-12-07,Client-042: M/s Pooja Traders,Silver Tissue (Label-312),263,186.62,49081.06
1861,INV-3017,2025-05-25,Client-137: M/s Vandana Traders,Silk Printed (Label-112),82,101.07,8287.74
1862,INV-0282,2023-07-15,Client-036: M/s Rahul Enterprises,Satin 2-Inch (Label-102),43,48.24,2074.32
1863,INV-2343,2025-05-13,Client-120: M/s Usha Enterprises,Organza Sheer (Label-210),170,54.41,9249.7
1864,INV-1317,2026-07-01,Client-124: M/s Bhavesh Exports,Metallic Zari (Label-306),79,169.83,13416.57
1865,INV-3092,2023-01-20,Client-139: M/s Gopal Fashion House,Metallic Zari (Label-306),7,172.87,1210.09
1866,INV-0969,2023-10-17,Client-005: M/s Nayna Garments,Satin 2-Inch (Label-102),137,54.07,7407.59
1867,INV-1666,2023-07-26,Client-006: M/s Naresh Exports,Embroidered Mirror Work (Label-422),55,192.09,10564.95
1868,INV-3986,2024-10-13,Client-011: M/s Kavya Industries,Satin 1-Inch (Label-101),83,34.67,2877.61
1869,INV-1906,2023-02-20,Client-060: Smt. Seema Fabrics,Multicolor Taffeta (Label-308),62,85.71,5314.02
1870,INV-2565,2024-06-12,Client-075: Smt. Seema Exports,Patola Woven Border (Label-330),1061,237.85,245046.77659999995
1871,INV-2310,2024-05-28,Client-062: M/s Deepak Creations,Gold Zardozi (Label-501),24,252.39,6057.36
1872,INV-0620,2024-12-16,Client-055: M/s Balaji Collections,Patola Woven Border (Label-330),20,241.59,4831.8
1873,INV-2119,2025-11-28,Client-047: M/s Harish Creations,Lace Trim Border (Label-217),46,69.93,3216.78
1874,INV-1743,2024-03-24,Client-091: M/s Bharat Silk House,Nylon Woven (Label-501),6,29.75,178.5
1875,INV-3272,2025-11-28,Client-074: M/s Amrut Fashion House,Chanderi Block Print (Label-221),207,140.66,29116.62
1876,INV-0156,2023-09-22,Client-059: M/s Sita Fabrics,Gold Zardozi (Label-501),118,283.29,33428.22
1877,INV-1848,2026-04-12,Client-067: M/s Bhavik Traders,Polyester Grosgrain (Label-408),6,30.99,185.94
1878,INV-3899,2026-08-05,Client-110: M/s Anita Embroidery Works,Cotton Herringbone (Label-203),28,44.83,1255.24
1879,INV-1656,2023-12-22,Client-082: M/s Dhaval Event Planners,Gold Zardozi (Label-501),328,260.87,85565.36
1880,INV-2461,2023-02-17,Client-082: M/s Dhaval Event Planners,Nylon Woven (Label-501),166,26.16,4342.56
1881,INV-0305,2023-04-26,Client-075: Smt. Seema Exports,Nylon Woven (Label-501),33,29.77,982.41
1882,INV-2583,2025-05-21,Client-028: Shri Tarun Industries,Banarasi Zari Border (Label-302),151,157.73,23817.23
1883,INV-3389,2024-06-27,Client-003: M/s Vinod Traders,Raw Silk Ribbon (Label-115),164,102.67,16837.88
1884,INV-3014,2026-07-23,Client-132: M/s Shanta Creations,Satin 1-Inch (Label-101),10,36.51,365.1
1885,INV-1957,2024-07-12,Client-046: M/s Bhikhabhai Textiles,Polyester Grosgrain (Label-408),119,30.46,3624.74
1886,INV-3996,2024-05-29,Client-087: M/s Mayur Creations,Kutch Embroidery Border (Label-407),110,245.11,26962.1
1887,INV-2965,2023-05-10,Client-124: M/s Bhavesh Exports,Satin 1-Inch (Label-101),426,36.91,15723.66
1888,INV-1308,2024-12-28,Client-114: M/s Padma Enterprises,Jacquard Brocade (Label-315),9,166.01,1494.09
1889,INV-2423,2025-01-02,Client-130: M/s Jignesh Creations,Nylon Woven (Label-501),261,30.28,7903.08
1890,INV-0576,2023-09-25,Client-125: Shri Padma Saree Centre,Velvet Roll (Label-405),380,129.3,49134.0
1891,INV-3956,2024-03-21,Client-147: M/s Jagdish Silk House,Patola Woven Border (Label-330),249,249.22,62055.78
1892,INV-3489,2024-07-23,Client-131: M/s Geeta Fabrics,Multicolor Taffeta (Label-308),19,92.67,1760.73
1893,INV-1707,2025-07-18,Client-130: M/s Jignesh Creations,Velvet Roll (Label-405),387,129.94,50286.78
1894,INV-3501,2024-12-30,Client-035: M/s Chandrakant Silk House,Gota Patti (Label-204),54,81.07,4377.78
1895,INV-1300,2023-05-05,Client-097: M/s Deepika Designs,Metallic Zari (Label-306),113,172.48,19490.24
1896,INV-0133,2025-05-23,Client-126: M/s Mukesh Garments,Multicolor Taffeta (Label-308),14,80.49,1126.86
1897,INV-2954,2025-04-12,Client-140: M/s Brijesh Weavers,Organza Sheer (Label-210),52,49.5,2574.0
1898,INV-3193,2023-09-04,Client-141: Shri Brijesh Event Planners,Multicolor Taffeta (Label-308),151,80.83,12205.33
1899,INV-0862,2023-05-19,Client-141: Shri Brijesh Event Planners,Satin 1-Inch (Label-101),162,33.55,5435.1
1900,INV-0844,2026-06-09,Client-133: Smt. Manisha Designs,Organza Sheer (Label-210),54,54.6,2948.4
1901,INV-1802,2024-04-10,Client-138: Smt. Natubhai Weavers,Kutch Embroidery Border (Label-407),94,209.11,19656.34
1902,INV-1629,2023-12-27,Client-018: Smt. Foram Fabrics,Cotton Herringbone (Label-203),92,41.2,3790.4
1903,INV-1994,2023-04-10,Client-011: M/s Kavya Industries,Velvet Roll (Label-405),84,128.83,10821.72
1904,INV-2589,2023-06-11,Client-071: M/s Kavya Fabrics,Polyester Grosgrain (Label-408),9,34.19,307.71
1905,INV-0270,2026-06-14,Client-062: M/s Deepak Creations,Nylon Woven (Label-501),20,25.48,509.6
1906,INV-0630,2024-11-10,Client-019: M/s Sunil Collections,Banarasi Zari Border (Label-302),215,135.66,29166.9
1907,INV-1731,2023-03-05,Client-111: Shri Rekha Textiles,Lace Trim Border (Label-217),137,61.18,8381.66
1908,INV-1034,2025-04-02,Client-057: M/s Drashti Emporium,Multicolor Taffeta (Label-308),114,85.49,9745.86
1909,INV-2315,2025-07-12,Client-123: M/s Alka Collections,Lace Trim Border (Label-217),11,65.0,715.0
1910,INV-0287,2023-10-01,Client-117: Smt. Narottam Emporium,Raw Silk Ribbon (Label-115),603,107.22,64653.66
1911,INV-1327,2026-06-15,Client-138: Smt. Natubhai Weavers,Polyester Grosgrain (Label-408),30,33.85,1015.5
1912,INV-2930,2024-06-24,Client-111: Shri Rekha Textiles,Patola Woven Border (Label-330),49,231.98,11367.02
1913,INV-0301,2025-12-25,Client-059: M/s Sita Fabrics,Nylon Woven (Label-501),264,27.78,7333.92
1914,INV-3166,2024-09-11,Client-097: M/s Deepika Designs,Jacquard Brocade (Label-315),36,173.38,6241.68
1915,INV-2888,2024-04-13,Client-031: M/s Paresh Garments,Organza Sheer (Label-210),116,52.53,6093.48
1916,INV-3589,2023-08-11,Client-078: M/s Prital Exports,Gold Zardozi (Label-501),20,283.68,5673.6
1917,INV-1448,2025-02-17,Client-001: M/s Geeta Textiles,Polyester Grosgrain (Label-408),171,29.2,4993.2
1918,INV-1473,2025-12-21,Client-133: Smt. Manisha Designs,Kutch Embroidery Border (Label-407),41,231.79,9503.39
1919,INV-2818,2024-10-11,Client-069: Smt. Mohan Designs,Organza Sheer (Label-210),63,57.17,3601.71
1920,INV-1187,2025-07-10,Client-068: M/s Madhuri Fabrics,Metallic Zari (Label-306),177,174.94,30964.38
1921,INV-0066,2024-02-10,Client-140: M/s Brijesh Weavers,Nylon Woven (Label-501),458,28.83,13204.14
1922,INV-2941,2025-08-27,Client-047: M/s Harish Creations,Silk Printed (Label-112),5000,92.72,245046.77659999995
1923,INV-1881,2024-04-19,Client-125: Shri Padma Saree Centre,Satin 2-Inch (Label-102),288,52.97,15255.36
1924,INV-0891,2023-10-17,Client-073: M/s Lakshmi Event Planners,Kutch Embroidery Border (Label-407),37,218.26,8075.62
1925,INV-3076,2024-06-09,Client-023: M/s Navin Embroidery Works,Gold Zardozi (Label-501),93,284.14,26425.02
1926,INV-3467,2025-12-23,Client-137: M/s Vandana Traders,Velvet Roll (Label-405),75,128.53,9639.75
1927,INV-1767,2026-06-23,Client-091: M/s Bharat Silk House,Organza Sheer (Label-210),25,54.65,1366.25
1928,INV-2511,2025-03-18,Client-012: M/s Nayna Event Planners,Polyester Grosgrain (Label-408),213,28.88,6151.44
1929,INV-2105,2025-05-18,Client-060: Smt. Seema Fabrics,Silk Printed (Label-112),286,100.17,28648.62
1930,INV-2009,2026-07-24,Client-057: M/s Drashti Emporium,Nylon Woven (Label-501),88,25.3,2226.4
1931,INV-0231,2023-11-28,Client-058: Smt. Deepika Fashion House,Lace Trim Border (Label-217),24,70.82,1699.68
1932,INV-0504,2024-04-27,Client-021: M/s Yash Emporium,Chiffon Pleated (Label-119),32,81.04,2593.28
1933,INV-2096,2023-05-30,Client-111: Shri Rekha Textiles,Cotton Herringbone (Label-203),76,41.71,3169.96
1934,INV-2749,2024-11-16,Client-007: M/s Hasmukh Collections,Banarasi Zari Border (Label-302),92,157.91,14527.72
1935,INV-0381,2024-09-01,Client-022: Shri Champa Traders,Patola Woven Border (Label-330),1192,231.7,245046.77659999995
1936,INV-3036,2023-06-24,Client-013: M/s Gopal Exports,Satin 2-Inch (Label-102),1626,47.76,77657.76
1937,INV-1526,2023-08-24,Client-064: Smt. Nayna Exports,Patola Woven Border (Label-330),383,266.03,101889.49
1938,INV-3044,2026-06-11,Client-069: Smt. Mohan Designs,Raw Silk Ribbon (Label-115),20,109.33,2186.6
1939,INV-2116,2023-04-03,Client-064: Smt. Nayna Exports,Jacquard Brocade (Label-315),185,177.26,32793.1
1940,INV-1005,2025-04-10,Client-095: M/s Shardaben Handloom,Chanderi Block Print (Label-221),546,134.04,73185.84
1941,INV-1958,2023-07-09,Client-149: Shri Alpesh Saree Centre,Lace Trim Border (Label-217),1084,63.04,68335.36
1942,INV-0837,2024-02-23,Client-113: Smt. Kantilal Exports,Raw Silk Ribbon (Label-115),488,109.78,53572.64
1943,INV-2378,2026-02-27,Client-040: M/s Drashti Fashion House,Silk Printed (Label-112),47,86.74,4076.78
1944,INV-0375,2024-01-17,Client-111: Shri Rekha Textiles,Chiffon Pleated (Label-119),101,67.94,6861.94
1945,INV-2751,2024-10-20,Client-105: M/s Anjali Collections,Jacquard Brocade (Label-315),587,187.7,110179.9
1946,INV-2799,2025-03-10,Client-085: M/s Nayna Industries,Patola Woven Border (Label-330),113,247.83,28004.79
1947,INV-2937,2023-05-25,Client-103: Shri Vijay Fashion House,Cotton Herringbone (Label-203),226,40.35,9119.1
1948,INV-0940,2025-07-08,Client-081: M/s Mahesh Traders,Gold Zardozi (Label-501),105,290.24,30475.2
1949,INV-1322,2023-12-27,Client-026: Smt. Vivek Fabrics,Gota Patti (Label-204),40,90.63,3625.2
1950,INV-3556,2023-07-09,Client-143: M/s Prakash Silk House,Chanderi Block Print (Label-221),95,131.47,12489.65
1951,INV-3400,2026-05-06,Client-053: M/s Malti Enterprises,Gota Patti (Label-204),76,91.99,6991.24
1952,INV-2506,2025-07-07,Client-118: M/s Pravin Textiles,Lace Trim Border (Label-217),326,66.58,21705.08
1953,INV-0530,2024-09-17,Client-071: M/s Kavya Fabrics,Embroidered Mirror Work (Label-422),221,226.61,50080.81
1954,INV-3047,2025-04-09,Client-118: M/s Pravin Textiles,Gota Patti (Label-204),9,85.48,769.32
1955,INV-0637,2025-02-03,Client-003: M/s Vinod Traders,Silver Tissue (Label-312),609,209.62,127658.58
1956,INV-1270,2026-02-10,Client-001: M/s Geeta Textiles,Multicolor Taffeta (Label-308),133,96.12,12783.96
1957,INV-0186,2025-06-21,Client-073: M/s Lakshmi Event Planners,Chiffon Pleated (Label-119),160,75.04,12006.4
1958,INV-2507,2023-04-15,Client-150: M/s Kantilal Event Planners,Velvet Roll (Label-405),1535,129.2,198322.0
1959,INV-2625,2026-07-03,Client-063: Smt. Padma Saree Centre,Metallic Zari (Label-306),335,145.47,48732.45
1960,INV-2267,2026-06-21,Client-119: M/s Bhikhabhai Emporium,Silver Tissue (Label-312),8,209.14,1673.12
1961,INV-1442,2025-02-24,Client-057: M/s Drashti Emporium,Cotton Herringbone (Label-203),41,43.39,1778.99
1962,INV-1536,2023-01-28,Client-034: M/s Mansukhbhai Event Planners,Metallic Zari (Label-306),283,155.54,44017.82
1963,INV-1274,2023-09-09,Client-143: M/s Prakash Silk House,Cotton Herringbone (Label-203),392,45.18,17710.56
1964,INV-0608,2026-01-13,Client-116: Shri Alka Industries,Velvet Roll (Label-405),48,122.79,5893.92
1965,INV-1713,2025-06-02,Client-102: M/s Sita Industries,Gold Zardozi (Label-501),30,276.13,8283.9
1966,INV-3971,2024-09-18,Client-148: M/s Navin Fabrics,Raw Silk Ribbon (Label-115),624,110.8,69139.2
1967,INV-2549,2025-05-05,Client-003: M/s Vinod Traders,Chanderi Block Print (Label-221),66,131.24,8661.84
1968,INV-3251,2023-01-03,Client-144: M/s Pooja Fashion House,Multicolor Taffeta (Label-308),117,86.16,10080.72
1969,INV-3631,2023-08-19,Client-057: M/s Drashti Emporium,Kutch Embroidery Border (Label-407),19,213.3,4052.7
1970,INV-3348,2025-03-28,Client-031: M/s Paresh Garments,Raw Silk Ribbon (Label-115),352,108.58,38220.16
1971,INV-1978,2025-08-07,Client-025: M/s Ruchita Exports,Chiffon Pleated (Label-119),189,69.43,13122.27
1972,INV-0159,2023-08-24,Client-084: M/s Kantilal Embroidery Works,Jacquard Brocade (Label-315),844,185.55,156604.2
1973,INV-1749,2025-01-02,Client-110: M/s Anita Embroidery Works,Multicolor Taffeta (Label-308),210,86.6,18186.0
1974,INV-2321,2023-12-20,Client-048: M/s Bhavesh Traders,Silk Printed (Label-112),230,87.3,20079.0
1975,INV-0903,2023-05-16,Client-111: Shri Rekha Textiles,Embroidered Mirror Work (Label-422),825,212.82,175576.5
1976,INV-0353,2024-05-30,Client-127: M/s Nayna Boutique,Raw Silk Ribbon (Label-115),15,112.57,1688.55
1977,INV-1231,2026-04-28,Client-078: M/s Prital Exports,Embroidered Mirror Work (Label-422),39,230.45,8987.55
1978,INV-3480,2023-06-06,Client-027: M/s Rajendra Creations,Raw Silk Ribbon (Label-115),153,120.98,18509.94
1979,INV-0445,2023-01-20,Client-001: M/s Geeta Textiles,Patola Woven Border (Label-330),635,243.81,154819.35
1980,INV-3916,2023-05-09,Client-094: M/s Dilip Weavers,Gota Patti (Label-204),162,77.71,12589.02
1981,INV-0755,2023-10-27,Client-101: Smt. Manju Garments,Satin 1-Inch (Label-101),9,35.3,317.7
1982,INV-1738,2025-09-24,Client-076: Smt. Ashok Designs,Gota Patti (Label-204),879,84.22,74029.38
1983,INV-3960,2024-03-31,Client-066: Smt. Krunal Embroidery Works,Chiffon Pleated (Label-119),9,69.02,621.18
1984,INV-0312,2025-12-21,Client-063: Smt. Padma Saree Centre,Cotton Herringbone (Label-203),44,39.51,1738.44
1985,INV-0549,2026-03-26,Client-126: M/s Mukesh Garments,Satin 1-Inch (Label-101),301,32.41,9755.41
1986,INV-2647,2026-06-05,Client-114: M/s Padma Enterprises,Cotton Herringbone (Label-203),43,40.45,1739.35
1987,INV-2885,2024-02-01,Client-094: M/s Dilip Weavers,Lace Trim Border (Label-217),14,67.88,950.32
1988,INV-0307,2025-12-03,Client-077: Shri Deepak Fashion House,Cotton Herringbone (Label-203),220,38.31,8428.2
1989,INV-1928,2023-09-17,Client-099: M/s Sushila Garments,Metallic Zari (Label-306),80,162.42,12993.6
1990,INV-3071,2024-12-20,Client-016: M/s Padma Garments,Satin 1-Inch (Label-101),9,32.31,290.79
1991,INV-0750,2025-07-21,Client-070: M/s Yash Designs,Raw Silk Ribbon (Label-115),158,109.82,17351.56
1992,INV-1267,2023-07-27,Client-143: M/s Prakash Silk House,Chanderi Block Print (Label-221),35,142.7,4994.5
1993,INV-2154,2024-07-19,Client-103: Shri Vijay Fashion House,Velvet Roll (Label-405),71,125.42,8904.82
1994,INV-2518,2026-04-22,Client-072: M/s Arun Fashion House,Raw Silk Ribbon (Label-115),983,116.12,114145.96
1995,INV-0971,2024-09-21,Client-025: M/s Ruchita Exports,Multicolor Taffeta (Label-308),509,89.96,45789.64
1996,INV-0014,2023-05-30,Client-148: M/s Navin Fabrics,Silk Printed (Label-112),9,99.15,892.35
1997,INV-0874,2025-08-01,Client-138: Smt. Natubhai Weavers,Metallic Zari (Label-306),33,158.8,5240.4
1998,INV-0809,2026-06-30,Client-012: M/s Nayna Event Planners,Nylon Woven (Label-501),19,26.32,500.08
1999,INV-0515,2025-04-02,Client-085: M/s Nayna Industries,Nylon Woven (Label-501),41,25.48,1044.68
2000,INV-3194,2024-07-29,Client-054: Smt. Subhash Creations,Lace Trim Border (Label-217),158,69.1,10917.8
2001,INV-0410,2024-04-24,Client-024: M/s Chirag Industries,Velvet Roll (Label-405),95,108.03,10262.85
2002,INV-2381,2024-02-20,Client-007: M/s Hasmukh Collections,Patola Woven Border (Label-330),50,238.6,11930.0
2003,INV-3265,2026-05-20,Client-063: Smt. Padma Saree Centre,Cotton Herringbone (Label-203),12,40.12,481.44
2004,INV-0208,2025-01-23,Client-103: Shri Vijay Fashion House,Multicolor Taffeta (Label-308),17,94.95,1614.15
2005,INV-2111,2023-07-05,Client-093: Shri Niraj Boutique,Satin 2-Inch (Label-102),188,47.55,8939.4
2006,INV-0459,2025-02-01,Client-022: Shri Champa Traders,Kutch Embroidery Border (Label-407),83,233.96,19418.68
2007,INV-3581,2024-04-26,Client-108: M/s Shyam Event Planners,Satin 1-Inch (Label-101),70,34.94,2445.8
2008,INV-2407,2025-10-01,Client-098: M/s Bhavna Garments,Banarasi Zari Border (Label-302),109,158.42,17267.78
2009,INV-2900,2024-12-13,Client-109: M/s Padma Silk House,Jacquard Brocade (Label-315),38,190.6,7242.8
2010,INV-2459,2026-07-02,Client-073: M/s Lakshmi Event Planners,Embroidered Mirror Work (Label-422),85,199.11,16924.35
2011,INV-2642,2023-11-22,Client-002: M/s Chandrika Fashion House,Jacquard Brocade (Label-315),189,170.61,32245.29
2012,INV-1884,2023-12-27,Client-082: M/s Dhaval Event Planners,Patola Woven Border (Label-330),757,230.68,174624.76
2013,INV-1714,2025-06-22,Client-026: Smt. Vivek Fabrics,Banarasi Zari Border (Label-302),132,149.31,19708.92
2014,INV-2590,2026-01-13,Client-021: M/s Yash Emporium,Silver Tissue (Label-312),849,211.97,179962.53
2015,INV-2230,2026-01-06,Client-112: M/s Indira Traders,Gold Zardozi (Label-501),40,281.34,11253.6
2016,INV-0553,2025-10-27,Client-043: Smt. Manju Weavers,Satin 1-Inch (Label-101),169,37.27,6298.63
2017,INV-3709,2023-07-24,Client-060: Smt. Seema Fabrics,Chiffon Pleated (Label-119),53,69.42,3679.26
2018,INV-3638,2025-10-18,Client-040: M/s Drashti Fashion House,Satin 2-Inch (Label-102),444,50.06,22226.64
2019,INV-1926,2025-04-05,Client-144: M/s Pooja Fashion House,Silver Tissue (Label-312),53,200.52,10627.56
2020,INV-0635,2025-06-15,Client-008: M/s Natubhai Exports,Satin 2-Inch (Label-102),861,46.56,40088.16
2021,INV-3676,2024-02-02,Client-011: M/s Kavya Industries,Metallic Zari (Label-306),377,165.93,62555.61
2022,INV-0317,2024-02-23,Client-062: M/s Deepak Creations,Silver Tissue (Label-312),242,188.04,45505.68
2023,INV-1329,2025-09-28,Client-021: M/s Yash Emporium,Satin 2-Inch (Label-102),89,52.91,4708.99
2024,INV-0428,2023-11-15,Client-101: Smt. Manju Garments,Kutch Embroidery Border (Label-407),1067,236.18,245046.77659999995
2025,INV-3209,2024-05-19,Client-096: M/s Kiran Emporium,Raw Silk Ribbon (Label-115),43,106.75,4590.25
2026,INV-0106,2023-04-11,Client-128: M/s Balaji Event Planners,Polyester Grosgrain (Label-408),34,33.76,1147.84
2027,INV-0143,2026-03-29,Client-040: M/s Drashti Fashion House,Patola Woven Border (Label-330),118,249.11,29394.98
2028,INV-2185,2024-04-05,Client-011: M/s Kavya Industries,Nylon Woven (Label-501),72,28.27,2035.44
2029,INV-3269,2025-12-27,Client-134: M/s Rakesh Weavers,Kutch Embroidery Border (Label-407),25,246.47,6161.75
2030,INV-2237,2025-05-15,Client-080: Shri Nayna Weavers,Silk Printed (Label-112),213,103.37,22017.81
2031,INV-1950,2025-06-27,Client-051: M/s Brijesh Saree Centre,Gold Zardozi (Label-501),34,274.92,9347.28
2032,INV-3551,2025-07-30,Client-012: M/s Nayna Event Planners,Chiffon Pleated (Label-119),84,67.63,5680.92
2033,INV-3725,2025-10-28,Client-092: M/s Pushpa Silk House,Gold Zardozi (Label-501),19,281.7,5352.3
2034,INV-3930,2024-05-10,Client-037: M/s Vinod Fashion House,Raw Silk Ribbon (Label-115),57,114.37,6519.09
2035,INV-1952,2023-06-26,Client-119: M/s Bhikhabhai Emporium,Satin 1-Inch (Label-101),73,32.31,2358.63
2036,INV-2680,2024-08-27,Client-134: M/s Rakesh Weavers,Kutch Embroidery Border (Label-407),145,236.68,34318.6
2037,INV-2918,2025-08-15,Client-065: Shri Arvind Emporium,Banarasi Zari Border (Label-302),44,131.07,5767.08
2038,INV-2286,2024-02-08,Client-083: M/s Vandana Exports,Polyester Grosgrain (Label-408),551,33.35,18375.85
2039,INV-1110,2024-09-06,Client-139: M/s Gopal Fashion House,Metallic Zari (Label-306),82,150.4,12332.8
2040,INV-2356,2023-03-28,Client-060: Smt. Seema Fabrics,Organza Sheer (Label-210),229,60.0,13740.0
2041,INV-0592,2023-09-05,Client-101: Smt. Manju Garments,Silk Printed (Label-112),355,94.18,33433.9
2042,INV-3711,2025-03-27,Client-027: M/s Rajendra Creations,Organza Sheer (Label-210),174,57.21,9954.54
2043,INV-1577,2025-10-19,Client-068: M/s Madhuri Fabrics,Satin 1-Inch (Label-101),225,37.02,8329.5
2044,INV-2588,2024-11-14,Client-032: Shri Lakshmi Event Planners,Jacquard Brocade (Label-315),13,177.67,2309.71
2045,INV-0214,2023-04-28,Client-104: M/s Nirmala Designs,Lace Trim Border (Label-217),178,65.17,11600.26
2046,INV-0779,2024-03-03,Client-021: M/s Yash Emporium,Multicolor Taffeta (Label-308),357,93.3,33308.1
2047,INV-3032,2025-06-07,Client-012: M/s Nayna Event Planners,Gota Patti (Label-204),28,85.13,2383.64
2048,INV-2466,2025-03-02,Client-060: Smt. Seema Fabrics,Velvet Roll (Label-405),177,128.33,22714.41
2049,INV-2044,2025-01-12,Client-079: M/s Savita Weavers,Jacquard Brocade (Label-315),277,177.37,49131.49
2050,INV-3288,2026-04-08,Client-040: M/s Drashti Fashion House,Chanderi Block Print (Label-221),277,123.92,34325.84
2051,INV-2299,2023-06-28,Client-003: M/s Vinod Traders,Gota Patti (Label-204),203,89.02,18071.06
2052,INV-2502,2025-06-06,Client-076: Smt. Ashok Designs,Lace Trim Border (Label-217),36,69.17,2490.12
2053,INV-1568,2025-06-28,Client-079: M/s Savita Weavers,Metallic Zari (Label-306),2,159.33,318.66
2054,INV-3024,2023-10-09,Client-060: Smt. Seema Fabrics,Banarasi Zari Border (Label-302),172,154.0,26488.0
2055,INV-3544,2023-10-31,Client-092: M/s Pushpa Silk House,Metallic Zari (Label-306),60,144.05,8643.0
2056,INV-2354,2023-08-25,Client-067: M/s Bhavik Traders,Nylon Woven (Label-501),24,26.54,636.96
2057,INV-3609,2023-08-03,Client-100: Smt. Kavita Saree Centre,Organza Sheer (Label-210),1833,57.87,106075.71
2058,INV-1344,2024-03-05,Client-133: Smt. Manisha Designs,Kutch Embroidery Border (Label-407),169,243.15,41092.35
2059,INV-2014,2026-07-17,Client-089: M/s Naresh Fashion House,Satin 1-Inch (Label-101),146,32.95,4810.7
2060,INV-0274,2024-08-11,Client-016: M/s Padma Garments,Satin 1-Inch (Label-101),105,36.07,3787.35
2061,INV-0072,2023-12-25,Client-114: M/s Padma Enterprises,Cotton Herringbone (Label-203),570,39.32,22412.4
2062,INV-1088,2025-02-22,Client-084: M/s Kantilal Embroidery Works,Organza Sheer (Label-210),51,52.83,2694.33
2063,INV-0395,2024-02-28,Client-146: M/s Yash Fashion House,Lace Trim Border (Label-217),281,65.42,18383.02
2064,INV-0584,2025-07-06,Client-128: M/s Balaji Event Planners,Multicolor Taffeta (Label-308),133,84.76,11273.08
2065,INV-3867,2023-12-07,Client-089: M/s Naresh Fashion House,Satin 1-Inch (Label-101),109,33.38,3638.42
2066,INV-2718,2024-01-11,Client-028: Shri Tarun Industries,Satin 2-Inch (Label-102),13,51.26,666.38
2067,INV-3826,2025-10-17,Client-095: M/s Shardaben Handloom,Cotton Herringbone (Label-203),241,45.69,11011.29
2068,INV-3649,2024-04-12,Client-048: M/s Bhavesh Traders,Multicolor Taffeta (Label-308),1428,84.42,120551.76
2069,INV-2319,2025-02-28,Client-007: M/s Hasmukh Collections,Organza Sheer (Label-210),51,58.17,2966.67
2070,INV-1764,2023-07-24,Client-127: M/s Nayna Boutique,Lace Trim Border (Label-217),62,67.18,4165.16
2071,INV-3011,2026-07-25,Client-099: M/s Sushila Garments,Raw Silk Ribbon (Label-115),65,120.88,7857.2
2072,INV-1260,2023-12-11,Client-047: M/s Harish Creations,Cotton Herringbone (Label-203),57,44.25,2522.25
2073,INV-0527,2024-03-14,Client-058: Smt. Deepika Fashion House,Patola Woven Border (Label-330),164,235.34,38595.76
2074,INV-0378,2024-01-18,Client-051: M/s Brijesh Saree Centre,Multicolor Taffeta (Label-308),163,81.21,13237.23
2075,INV-1560,2025-06-07,Client-123: M/s Alka Collections,Satin 1-Inch (Label-101),10,34.97,349.7
2076,INV-2508,2025-06-06,Client-010: M/s Pallavi Designs,Patola Woven Border (Label-330),35,263.97,9238.95
2077,INV-1964,2025-02-01,Client-009: M/s Narottam Weavers,Metallic Zari (Label-306),20,166.44,3328.8
2078,INV-3569,2023-10-13,Client-085: M/s Nayna Industries,Velvet Roll (Label-405),151,121.17,18296.67
2079,INV-0349,2023-07-10,Client-084: M/s Kantilal Embroidery Works,Chiffon Pleated (Label-119),120,67.69,8122.8
2080,INV-3140,2026-05-21,Client-018: Smt. Foram Fabrics,Silver Tissue (Label-312),224,213.68,47864.32
2081,INV-1710,2026-03-28,Client-038: M/s Natubhai Creations,Multicolor Taffeta (Label-308),53,94.62,5014.86
2082,INV-1051,2026-05-11,Client-149: Shri Alpesh Saree Centre,Satin 2-Inch (Label-102),145,50.66,7345.7
2083,INV-0591,2023-10-15,Client-105: M/s Anjali Collections,Velvet Roll (Label-405),15,114.1,1711.5
2084,INV-0520,2025-02-04,Client-132: M/s Shanta Creations,Jacquard Brocade (Label-315),33,159.8,5273.4
2085,INV-2700,2023-02-24,Client-008: M/s Natubhai Exports,Kutch Embroidery Border (Label-407),174,211.91,36872.34
2086,INV-1084,2026-04-06,Client-103: Shri Vijay Fashion House,Lace Trim Border (Label-217),58,64.69,3752.02
2087,INV-2357,2024-10-16,Client-102: M/s Sita Industries,Gota Patti (Label-204),155,85.17,13201.35
2088,INV-3997,2023-04-03,Client-111: Shri Rekha Textiles,Gota Patti (Label-204),201,79.37,15953.37
2089,INV-1810,2025-12-02,Client-142: M/s Vandana Boutique,Silk Printed (Label-112),53,87.83,4654.99
2090,INV-3878,2024-11-23,Client-098: M/s Bhavna Garments,Polyester Grosgrain (Label-408),19,33.23,631.37
2091,INV-0793,2023-07-13,Client-092: M/s Pushpa Silk House,Organza Sheer (Label-210),66,51.02,3367.32
2092,INV-3808,2025-04-29,Client-076: Smt. Ashok Designs,Polyester Grosgrain (Label-408),6,34.19,205.14
2093,INV-2556,2025-08-07,Client-147: M/s Jagdish Silk House,Nylon Woven (Label-501),32,30.37,971.84
2094,INV-2222,2023-07-22,Client-024: M/s Chirag Industries,Patola Woven Border (Label-330),65,257.74,16753.1
2095,INV-1531,2024-03-30,Client-123: M/s Alka Collections,Banarasi Zari Border (Label-302),33,145.29,4794.57
2096,INV-1411,2024-06-06,Client-090: Shri Prital Handloom,Gold Zardozi (Label-501),219,291.71,63884.49
2097,INV-2916,2025-04-05,Client-026: Smt. Vivek Fabrics,Polyester Grosgrain (Label-408),156,34.98,5456.88
2098,INV-3164,2024-06-05,Client-010: M/s Pallavi Designs,Multicolor Taffeta (Label-308),121,96.19,11638.99
2099,INV-0084,2026-05-12,Client-035: M/s Chandrakant Silk House,Satin 1-Inch (Label-101),530,33.43,17717.9
2100,INV-3137,2024-11-11,Client-021: M/s Yash Emporium,Kutch Embroidery Border (Label-407),8,247.51,1980.08
2101,INV-0021,2023-06-08,Client-061: M/s Poonam Enterprises,Cotton Herringbone (Label-203),522,40.62,21203.64
2102,INV-2245,2023-09-18,Client-010: M/s Pallavi Designs,Satin 2-Inch (Label-102),20,49.79,995.8
2103,INV-1563,2023-05-28,Client-117: Smt. Narottam Emporium,Chanderi Block Print (Label-221),51,147.7,7532.7
2104,INV-0974,2025-04-03,Client-148: M/s Navin Fabrics,Silver Tissue (Label-312),135,180.86,24416.1
2105,INV-2600,2023-10-06,Client-106: Smt. Kamlesh Designs,Kutch Embroidery Border (Label-407),99,220.23,21802.77
2106,INV-1099,2025-02-18,Client-089: M/s Naresh Fashion House,Lace Trim Border (Label-217),249,63.86,15901.14
2107,INV-2741,2026-07-14,Client-056: M/s Shyamlal Textiles,Gota Patti (Label-204),443,86.05,38120.15
2108,INV-2417,2023-12-28,Client-012: M/s Nayna Event Planners,Polyester Grosgrain (Label-408),135,29.97,4045.95
2109,INV-3086,2025-05-29,Client-141: Shri Brijesh Event Planners,Nylon Woven (Label-501),70,30.74,2151.8
2110,INV-3363,2024-02-28,Client-129: M/s Padma Industries,Raw Silk Ribbon (Label-115),1100,118.65,130515.0
2111,INV-1454,2024-08-19,Client-097: M/s Deepika Designs,Banarasi Zari Border (Label-302),1061,158.95,168645.95
2112,INV-2973,2024-10-04,Client-013: M/s Gopal Exports,Velvet Roll (Label-405),116,110.98,12873.68
2113,INV-3526,2024-09-16,Client-115: M/s Vijay Fashion House,Satin 2-Inch (Label-102),95,53.83,5113.85
2114,INV-2127,2023-09-20,Client-139: M/s Gopal Fashion House,Lace Trim Border (Label-217),189,70.94,13407.66
2115,INV-0907,2025-02-15,Client-016: M/s Padma Garments,Satin 1-Inch (Label-101),340,33.02,11226.8
2116,INV-2400,2023-07-17,Client-049: Shri Ketan Industries,Gota Patti (Label-204),567,76.78,43534.26
2117,INV-2933,2023-07-14,Client-140: M/s Brijesh Weavers,Satin 1-Inch (Label-101),56,33.15,1856.4
2118,INV-0948,2023-09-03,Client-034: M/s Mansukhbhai Event Planners,Chiffon Pleated (Label-119),46,77.35,3558.1
2119,INV-2499,2025-03-28,Client-120: M/s Usha Enterprises,Lace Trim Border (Label-217),20,69.97,1399.4
2120,INV-2893,2023-12-07,Client-016: M/s Padma Garments,Multicolor Taffeta (Label-308),47,91.85,4316.95
2121,INV-0716,2024-06-15,Client-068: M/s Madhuri Fabrics,Nylon Woven (Label-501),316,26.71,8440.36
2122,INV-2650,2025-12-28,Client-029: M/s Hitesh Boutique,Silver Tissue (Label-312),415,194.19,80588.85
2123,INV-0687,2023-11-28,Client-131: M/s Geeta Fabrics,Chiffon Pleated (Label-119),57,79.29,4519.53
2124,INV-3411,2023-09-13,Client-085: M/s Nayna Industries,Nylon Woven (Label-501),22,26.41,581.02
2125,INV-2942,2026-05-04,Client-022: Shri Champa Traders,Jacquard Brocade (Label-315),7,175.38,1227.66
2126,INV-3966,2023-11-27,Client-119: M/s Bhikhabhai Emporium,Gold Zardozi (Label-501),141,290.98,41028.18
2127,INV-0886,2026-05-02,Client-086: M/s Neha Fashion House,Multicolor Taffeta (Label-308),198,94.85,18780.3
2128,INV-0918,2023-06-23,Client-107: M/s Ramniklal Event Planners,Multicolor Taffeta (Label-308),140,94.93,13290.2
2129,INV-2463,2024-07-06,Client-032: Shri Lakshmi Event Planners,Velvet Roll (Label-405),83,113.91,9454.53
2130,INV-3660,2024-12-11,Client-135: M/s Anjali Emporium,Raw Silk Ribbon (Label-115),90,115.98,10438.2
2131,INV-1266,2026-07-21,Client-005: M/s Nayna Garments,Cotton Herringbone (Label-203),93,42.45,3947.85
2132,INV-0484,2026-06-06,Client-145: M/s Rahul Decorators,Velvet Roll (Label-405),464,130.48,60542.72
2133,INV-2991,2025-05-26,Client-123: M/s Alka Collections,Patola Woven Border (Label-330),22,248.7,5471.4
2134,INV-3455,2023-08-03,Client-056: M/s Shyamlal Textiles,Chanderi Block Print (Label-221),151,122.3,18467.3
2135,INV-0278,2024-11-17,Client-140: M/s Brijesh Weavers,Gold Zardozi (Label-501),91,279.66,25449.06
2136,INV-0989,2024-10-29,Client-084: M/s Kantilal Embroidery Works,Nylon Woven (Label-501),39,29.56,1152.84
2137,INV-2085,2023-06-01,Client-106: Smt. Kamlesh Designs,Organza Sheer (Label-210),242,59.11,14304.62
2138,INV-1246,2023-04-10,Client-079: M/s Savita Weavers,Polyester Grosgrain (Label-408),94,30.18,2836.92
2139,INV-0572,2023-08-22,Client-117: Smt. Narottam Emporium,Cotton Herringbone (Label-203),127,44.82,5692.14
2140,INV-1436,2023-06-16,Client-122: M/s Bhikhabhai Enterprises,Patola Woven Border (Label-330),61,267.86,16339.46
2141,INV-0994,2023-05-03,Client-029: M/s Hitesh Boutique,Multicolor Taffeta (Label-308),52,87.27,4538.04
2142,INV-3296,2025-04-16,Client-018: Smt. Foram Fabrics,Velvet Roll (Label-405),37,124.09,4591.33
2143,INV-2261,2023-10-23,Client-045: M/s Akash Saree Centre,Chiffon Pleated (Label-119),494,82.49,40750.06
2144,INV-0586,2026-05-22,Client-078: M/s Prital Exports,Gold Zardozi (Label-501),69,283.49,19560.81
2145,INV-1350,2023-11-11,Client-085: M/s Nayna Industries,Kutch Embroidery Border (Label-407),75,235.97,17697.75
2146,INV-1008,2023-06-15,Client-086: M/s Neha Fashion House,Banarasi Zari Border (Label-302),92,145.43,13379.56
2147,INV-0675,2023-07-17,Client-010: M/s Pallavi Designs,Silver Tissue (Label-312),86,195.13,16781.18
2148,INV-0448,2025-11-30,Client-096: M/s Kiran Emporium,Multicolor Taffeta (Label-308),84,96.35,8093.4
2149,INV-3889,2025-08-21,Client-122: M/s Bhikhabhai Enterprises,Satin 2-Inch (Label-102),367,54.52,20008.84
2150,INV-2995,2025-11-23,Client-124: M/s Bhavesh Exports,Satin 2-Inch (Label-102),12,54.92,659.04
2151,INV-2065,2025-10-05,Client-085: M/s Nayna Industries,Gold Zardozi (Label-501),237,279.06,66137.22
2152,INV-3161,2025-05-05,Client-101: Smt. Manju Garments,Multicolor Taffeta (Label-308),62,95.99,5951.38
2153,INV-2501,2024-08-28,Client-090: Shri Prital Handloom,Multicolor Taffeta (Label-308),261,95.21,24849.81
2154,INV-1691,2025-12-28,Client-011: M/s Kavya Industries,Metallic Zari (Label-306),437,164.63,71943.31
2155,INV-3298,2025-09-06,Client-089: M/s Naresh Fashion House,Metallic Zari (Label-306),9,151.97,1367.73
2156,INV-1248,2025-05-05,Client-080: Shri Nayna Weavers,Kutch Embroidery Border (Label-407),286,227.81,65153.66
2157,INV-1986,2024-01-03,Client-133: Smt. Manisha Designs,Velvet Roll (Label-405),30,119.16,3574.8
2158,INV-0295,2026-03-30,Client-109: M/s Padma Silk House,Lace Trim Border (Label-217),70,67.61,4732.7
2159,INV-1548,2023-01-08,Client-056: M/s Shyamlal Textiles,Kutch Embroidery Border (Label-407),832,239.05,198889.6
2160,INV-2013,2025-03-09,Client-009: M/s Narottam Weavers,Patola Woven Border (Label-330),35,267.61,9366.35
2161,INV-0589,2023-07-19,Client-057: M/s Drashti Emporium,Gota Patti (Label-204),119,82.3,9793.7
2162,INV-2130,2026-06-13,Client-058: Smt. Deepika Fashion House,Cotton Herringbone (Label-203),82,39.35,3226.7
2163,INV-3062,2026-02-07,Client-076: Smt. Ashok Designs,Lace Trim Border (Label-217),312,64.82,20223.84
2164,INV-0426,2025-04-30,Client-103: Shri Vijay Fashion House,Satin 1-Inch (Label-101),370,35.98,13312.6
2165,INV-1055,2024-12-30,Client-075: Smt. Seema Exports,Gold Zardozi (Label-501),20,287.78,5755.6
2166,INV-3321,2025-02-10,Client-067: M/s Bhavik Traders,Kutch Embroidery Border (Label-407),259,247.44,64086.96
2167,INV-0557,2023-02-14,Client-044: Shri Meena Silk House,Velvet Roll (Label-405),179,116.8,20907.2
2168,INV-3533,2025-04-08,Client-074: M/s Amrut Fashion House,Raw Silk Ribbon (Label-115),475,116.65,55408.75
2169,INV-2576,2026-07-29,Client-018: Smt. Foram Fabrics,Nylon Woven (Label-501),96,29.87,2867.52
2170,INV-3542,2025-12-16,Client-071: M/s Kavya Fabrics,Embroidered Mirror Work (Label-422),29,196.87,5709.23
2171,INV-3539,2025-12-19,Client-052: Smt. Anita Saree Centre,Chiffon Pleated (Label-119),48,76.62,3677.76
2172,INV-2697,2023-03-13,Client-022: Shri Champa Traders,Raw Silk Ribbon (Label-115),24,115.75,2778.0
2173,INV-1194,2025-06-11,Client-138: Smt. Natubhai Weavers,Silk Printed (Label-112),36,87.14,3137.04
2174,INV-1717,2023-08-16,Client-014: Shri Usha Fabrics,Banarasi Zari Border (Label-302),51,147.18,7506.18
2175,INV-3157,2026-04-07,Client-136: M/s Anjali Decorators,Silk Printed (Label-112),154,87.77,13516.58
2176,INV-3605,2023-12-01,Client-052: Smt. Anita Saree Centre,Velvet Roll (Label-405),86,122.27,10515.22
2177,INV-3923,2023-06-13,Client-135: M/s Anjali Emporium,Chanderi Block Print (Label-221),37,137.04,5070.48
2178,INV-2458,2024-02-24,Client-146: M/s Yash Fashion House,Banarasi Zari Border (Label-302),68,130.79,8893.72
2179,INV-1286,2025-03-22,Client-072: M/s Arun Fashion House,Kutch Embroidery Border (Label-407),16,230.01,3680.16
2180,INV-3464,2026-03-24,Client-150: M/s Kantilal Event Planners,Satin 1-Inch (Label-101),982,31.57,31001.74
2181,INV-2581,2026-04-29,Client-127: M/s Nayna Boutique,Silver Tissue (Label-312),62,214.35,13289.7
2182,INV-3189,2023-11-19,Client-030: M/s Shardaben Fashion House,Polyester Grosgrain (Label-408),248,33.77,8374.96
2183,INV-2088,2024-10-04,Client-093: Shri Niraj Boutique,Multicolor Taffeta (Label-308),62,92.35,5725.7
2184,INV-1890,2023-12-08,Client-029: M/s Hitesh Boutique,Raw Silk Ribbon (Label-115),66,112.44,7421.04
2185,INV-1592,2023-01-28,Client-040: M/s Drashti Fashion House,Banarasi Zari Border (Label-302),4,156.05,624.2
2186,INV-3525,2024-07-06,Client-037: M/s Vinod Fashion House,Patola Woven Border (Label-330),81,261.52,21183.12
2187,INV-2163,2024-05-30,Client-085: M/s Nayna Industries,Embroidered Mirror Work (Label-422),212,217.01,46006.12
2188,INV-3188,2024-08-08,Client-068: M/s Madhuri Fabrics,Chanderi Block Print (Label-221),65,136.2,8853.0
2189,INV-2272,2023-11-16,Client-148: M/s Navin Fabrics,Silk Printed (Label-112),28,88.36,2474.08
2190,INV-3217,2023-07-24,Client-142: M/s Vandana Boutique,Nylon Woven (Label-501),80,30.2,2416.0
2191,INV-1138,2024-01-12,Client-035: M/s Chandrakant Silk House,Gota Patti (Label-204),114,83.31,9497.34
2192,INV-3336,2024-01-04,Client-097: M/s Deepika Designs,Satin 1-Inch (Label-101),69,33.85,2335.65
2193,INV-3761,2024-02-10,Client-069: Smt. Mohan Designs,Satin 1-Inch (Label-101),323,36.07,11650.61
2194,INV-3781,2024-11-05,Client-012: M/s Nayna Event Planners,Chiffon Pleated (Label-119),79,74.56,5890.24
2195,INV-1712,2025-12-23,Client-068: M/s Madhuri Fabrics,Velvet Roll (Label-405),87,130.25,11331.75
2196,INV-3619,2024-02-10,Client-059: M/s Sita Fabrics,Banarasi Zari Border (Label-302),377,143.47,54088.19
2197,INV-0454,2023-09-03,Client-078: M/s Prital Exports,Raw Silk Ribbon (Label-115),201,99.89,20077.89
2198,INV-0914,2025-03-18,Client-098: M/s Bhavna Garments,Chiffon Pleated (Label-119),73,73.22,5345.06
2199,INV-2670,2024-07-05,Client-083: M/s Vandana Exports,Lace Trim Border (Label-217),50,67.1,3355.0
2200,INV-1200,2025-09-26,Client-016: M/s Padma Garments,Gold Zardozi (Label-501),111,253.07,28090.77
2201,INV-1275,2025-10-30,Client-082: M/s Dhaval Event Planners,Patola Woven Border (Label-330),21,272.27,5717.67
2202,INV-0038,2024-02-11,Client-063: Smt. Padma Saree Centre,Velvet Roll (Label-405),8,124.73,997.84
2203,INV-0975,2024-03-12,Client-045: M/s Akash Saree Centre,Metallic Zari (Label-306),155,146.02,22633.1
2204,INV-0984,2026-07-06,Client-071: M/s Kavya Fabrics,Banarasi Zari Border (Label-302),39,136.12,5308.68
2205,INV-2663,2023-08-24,Client-130: M/s Jignesh Creations,Chanderi Block Print (Label-221),99,129.33,12803.67
2206,INV-1419,2024-12-06,Client-069: Smt. Mohan Designs,Silk Printed (Label-112),1008,103.17,103995.36
2207,INV-1561,2023-12-27,Client-126: M/s Mukesh Garments,Jacquard Brocade (Label-315),132,180.16,23781.12
2208,INV-0040,2025-01-28,Client-088: M/s Pooja Creations,Gota Patti (Label-204),114,90.94,10367.16
2209,INV-1487,2023-12-02,Client-040: M/s Drashti Fashion House,Metallic Zari (Label-306),201,175.76,35327.76
2210,INV-2543,2025-08-27,Client-094: M/s Dilip Weavers,Jacquard Brocade (Label-315),400,171.18,68472.0
2211,INV-0170,2026-04-03,Client-011: M/s Kavya Industries,Multicolor Taffeta (Label-308),876,95.2,83395.2
2212,INV-1356,2023-04-28,Client-003: M/s Vinod Traders,Jacquard Brocade (Label-315),538,168.94,90889.72
2213,INV-2388,2026-01-15,Client-111: Shri Rekha Textiles,Satin 1-Inch (Label-101),17,35.72,607.24
2214,INV-3594,2024-07-20,Client-023: M/s Navin Embroidery Works,Velvet Roll (Label-405),84,110.43,9276.12
2215,INV-2615,2025-09-10,Client-035: M/s Chandrakant Silk House,Gota Patti (Label-204),2090,89.78,187640.2
2216,INV-2754,2026-05-11,Client-042: M/s Pooja Traders,Banarasi Zari Border (Label-302),163,151.22,24648.86
2217,INV-1641,2024-09-10,Client-129: M/s Padma Industries,Velvet Roll (Label-405),63,124.78,7861.14
2218,INV-1291,2023-04-17,Client-083: M/s Vandana Exports,Embroidered Mirror Work (Label-422),333,224.46,74745.18
2219,INV-1381,2025-05-01,Client-084: M/s Kantilal Embroidery Works,Metallic Zari (Label-306),4,161.99,647.96
2220,INV-1934,2023-06-10,Client-055: M/s Balaji Collections,Jacquard Brocade (Label-315),207,190.59,39452.13
2221,INV-0580,2025-02-27,Client-143: M/s Prakash Silk House,Raw Silk Ribbon (Label-115),9,100.2,901.8
2222,INV-2031,2024-02-14,Client-076: Smt. Ashok Designs,Satin 1-Inch (Label-101),87,37.76,3285.12
2223,INV-0893,2023-04-14,Client-014: Shri Usha Fabrics,Satin 1-Inch (Label-101),775,34.49,26729.75
2224,INV-0781,2026-06-17,Client-011: M/s Kavya Industries,Satin 1-Inch (Label-101),86,37.34,3211.24
2225,INV-0160,2025-01-11,Client-028: Shri Tarun Industries,Nylon Woven (Label-501),158,27.64,4367.12
2226,INV-0003,2026-05-26,Client-030: M/s Shardaben Fashion House,Chiffon Pleated (Label-119),195,80.99,15793.05
2227,INV-3214,2025-03-24,Client-013: M/s Gopal Exports,Silver Tissue (Label-312),10,213.57,2135.7
2228,INV-3291,2025-01-20,Client-042: M/s Pooja Traders,Jacquard Brocade (Label-315),12,186.03,2232.36
2229,INV-0850,2026-02-01,Client-044: Shri Meena Silk House,Metallic Zari (Label-306),86,162.1,13940.6
2230,INV-2402,2025-05-14,Client-104: M/s Nirmala Designs,Gota Patti (Label-204),11,88.36,971.96
2231,INV-1597,2026-02-19,Client-020: M/s Jagdish Fabrics,Multicolor Taffeta (Label-308),167,87.6,14629.2
2232,INV-1777,2025-02-25,Client-108: M/s Shyam Event Planners,Satin 1-Inch (Label-101),290,31.93,9259.7
2233,INV-1914,2023-09-18,Client-042: M/s Pooja Traders,Gold Zardozi (Label-501),286,293.9,84055.4
2234,INV-1044,2026-04-24,Client-023: M/s Navin Embroidery Works,Gota Patti (Label-204),151,83.46,12602.46
2235,INV-1545,2024-08-16,Client-145: M/s Rahul Decorators,Banarasi Zari Border (Label-302),553,153.54,84907.62
2236,INV-3718,2025-02-05,Client-065: Shri Arvind Emporium,Organza Sheer (Label-210),109,51.19,5579.71
2237,INV-0054,2024-02-02,Client-093: Shri Niraj Boutique,Jacquard Brocade (Label-315),187,168.08,31430.96
2238,INV-3853,2025-12-13,Client-086: M/s Neha Fashion House,Satin 2-Inch (Label-102),430,46.53,20007.9
2239,INV-1912,2025-09-27,Client-081: M/s Mahesh Traders,Chanderi Block Print (Label-221),11,127.86,1406.46
2240,INV-2823,2023-11-30,Client-085: M/s Nayna Industries,Silver Tissue (Label-312),257,207.05,53211.85
2241,INV-2674,2025-12-12,Client-017: M/s Rahul Creations,Banarasi Zari Border (Label-302),130,138.27,17975.1
2242,INV-3490,2024-12-19,Client-061: M/s Poonam Enterprises,Metallic Zari (Label-306),19,161.2,3062.8
2243,INV-0825,2024-10-01,Client-085: M/s Nayna Industries,Multicolor Taffeta (Label-308),30,88.74,2662.2
2244,INV-3574,2023-12-26,Client-033: M/s Vivek Fabrics,Kutch Embroidery Border (Label-407),6,240.81,1444.86
2245,INV-1390,2023-01-28,Client-032: Shri Lakshmi Event Planners,Polyester Grosgrain (Label-408),28,30.31,848.68
2246,INV-3270,2024-05-25,Client-003: M/s Vinod Traders,Kutch Embroidery Border (Label-407),223,227.49,50730.27
2247,INV-3115,2023-04-01,Client-062: M/s Deepak Creations,Satin 2-Inch (Label-102),92,50.01,4600.92
2248,INV-1608,2023-06-11,Client-024: M/s Chirag Industries,Nylon Woven (Label-501),364,30.15,10974.6
2249,INV-1595,2025-05-17,Client-070: M/s Yash Designs,Satin 1-Inch (Label-101),64,35.15,2249.6
2250,INV-0772,2025-11-02,Client-048: M/s Bhavesh Traders,Gota Patti (Label-204),112,87.04,9748.48
2251,INV-2274,2026-06-08,Client-010: M/s Pallavi Designs,Patola Woven Border (Label-330),205,229.85,47119.25
2252,INV-1869,2023-08-13,Client-031: M/s Paresh Garments,Multicolor Taffeta (Label-308),22,94.84,2086.48
2253,INV-1086,2023-09-08,Client-128: M/s Balaji Event Planners,Nylon Woven (Label-501),19,28.72,545.68
2254,INV-2712,2025-06-10,Client-012: M/s Nayna Event Planners,Gold Zardozi (Label-501),180,290.85,52353.0
2255,INV-1326,2025-02-05,Client-110: M/s Anita Embroidery Works,Chanderi Block Print (Label-221),171,128.1,21905.1
2256,INV-1464,2023-07-16,Client-122: M/s Bhikhabhai Enterprises,Jacquard Brocade (Label-315),66,190.58,12578.28
2257,INV-0807,2025-01-18,Client-083: M/s Vandana Exports,Lace Trim Border (Label-217),115,66.22,7615.3
2258,INV-2476,2025-01-20,Client-067: M/s Bhavik Traders,Satin 2-Inch (Label-102),734,46.58,34189.72
2259,INV-2109,2026-03-30,Client-032: Shri Lakshmi Event Planners,Jacquard Brocade (Label-315),42,183.98,7727.16
2260,INV-2827,2025-05-14,Client-082: M/s Dhaval Event Planners,Raw Silk Ribbon (Label-115),50,105.34,5267.0
2261,INV-3929,2023-07-25,Client-042: M/s Pooja Traders,Gota Patti (Label-204),69,86.76,5986.44
2262,INV-2235,2024-11-08,Client-100: Smt. Kavita Saree Centre,Nylon Woven (Label-501),784,27.28,21387.52
2263,INV-0964,2025-01-05,Client-113: Smt. Kantilal Exports,Silk Printed (Label-112),14,88.16,1234.24
2264,INV-0399,2024-05-21,Client-101: Smt. Manju Garments,Satin 2-Inch (Label-102),18,46.42,835.56
2265,INV-3747,2023-10-28,Client-029: M/s Hitesh Boutique,Silk Printed (Label-112),1776,104.18,185023.68
2266,INV-0705,2024-05-23,Client-103: Shri Vijay Fashion House,Patola Woven Border (Label-330),58,262.44,15221.52
2267,INV-0432,2025-12-07,Client-067: M/s Bhavik Traders,Jacquard Brocade (Label-315),195,170.52,33251.4
2268,INV-0293,2025-11-17,Client-145: M/s Rahul Decorators,Banarasi Zari Border (Label-302),126,146.71,18485.46
2269,INV-3776,2025-05-20,Client-063: Smt. Padma Saree Centre,Silk Printed (Label-112),303,86.01,26061.03
2270,INV-2721,2023-01-11,Client-115: M/s Vijay Fashion House,Silk Printed (Label-112),203,92.01,18678.03
2271,INV-3798,2026-05-28,Client-070: M/s Yash Designs,Nylon Woven (Label-501),51,28.34,1445.34
2272,INV-1166,2026-04-10,Client-002: M/s Chandrika Fashion House,Gold Zardozi (Label-501),24,294.94,7078.56
2273,INV-2051,2023-05-13,Client-080: Shri Nayna Weavers,Silk Printed (Label-112),65,89.76,5834.4
2274,INV-3512,2023-12-14,Client-039: Shri Jignesh Designs,Banarasi Zari Border (Label-302),22,131.42,2891.24
2275,INV-0340,2023-10-14,Client-021: M/s Yash Emporium,Gold Zardozi (Label-501),39,293.75,11456.25
2276,INV-2415,2023-11-30,Client-085: M/s Nayna Industries,Embroidered Mirror Work (Label-422),28,193.61,5421.08
2277,INV-0266,2024-07-14,Client-147: M/s Jagdish Silk House,Patola Woven Border (Label-330),83,252.16,20929.28
2278,INV-3104,2026-02-01,Client-091: M/s Bharat Silk House,Kutch Embroidery Border (Label-407),46,238.01,10948.46
2279,INV-1772,2025-09-17,Client-121: M/s Harish Traders,Raw Silk Ribbon (Label-115),73,113.5,8285.5
2280,INV-0272,2023-07-25,Client-036: M/s Rahul Enterprises,Gota Patti (Label-204),16,92.9,1486.4
2281,INV-0697,2026-04-08,Client-071: M/s Kavya Fabrics,Nylon Woven (Label-501),47,28.6,1344.2
2282,INV-3964,2023-12-01,Client-050: Smt. Balaji Boutique,Kutch Embroidery Border (Label-407),211,251.72,53112.92
2283,INV-0245,2024-03-16,Client-013: M/s Gopal Exports,Banarasi Zari Border (Label-302),78,138.66,10815.48
2284,INV-3753,2023-04-03,Client-110: M/s Anita Embroidery Works,Satin 1-Inch (Label-101),388,34.81,13506.28
2285,INV-0477,2024-10-24,Client-038: M/s Natubhai Creations,Kutch Embroidery Border (Label-407),223,239.42,53390.66
2286,INV-2033,2025-10-21,Client-085: M/s Nayna Industries,Jacquard Brocade (Label-315),74,166.07,12289.18
2287,INV-3392,2026-02-06,Client-016: M/s Padma Garments,Gota Patti (Label-204),67,90.78,6082.26
2288,INV-3075,2023-05-26,Client-081: M/s Mahesh Traders,Patola Woven Border (Label-330),48,225.74,10835.52
2289,INV-0814,2025-12-14,Client-044: Shri Meena Silk House,Banarasi Zari Border (Label-302),93,138.74,12902.82
2290,INV-1915,2025-06-15,Client-030: M/s Shardaben Fashion House,Banarasi Zari Border (Label-302),625,156.18,97612.5
2291,INV-3367,2023-11-14,Client-041: M/s Varsha Handloom,Silk Printed (Label-112),84,102.6,8618.4
2292,INV-3935,2023-10-16,Client-062: M/s Deepak Creations,Patola Woven Border (Label-330),297,234.12,69533.64
2293,INV-1805,2023-09-08,Client-020: M/s Jagdish Fabrics,Cotton Herringbone (Label-203),113,45.68,5161.84
2294,INV-2873,2023-07-10,Client-030: M/s Shardaben Fashion House,Organza Sheer (Label-210),57,53.88,3071.16
2295,INV-0251,2025-10-21,Client-010: M/s Pallavi Designs,Organza Sheer (Label-210),41,57.35,2351.35
2296,INV-0546,2024-02-15,Client-146: M/s Yash Fashion House,Multicolor Taffeta (Label-308),95,81.72,7763.4
2297,INV-0739,2025-09-02,Client-139: M/s Gopal Fashion House,Cotton Herringbone (Label-203),110,42.41,4665.1
2298,INV-0311,2023-10-23,Client-015: M/s Savita Decorators,Silver Tissue (Label-312),417,191.59,79893.03
2299,INV-1132,2025-06-25,Client-101: Smt. Manju Garments,Cotton Herringbone (Label-203),255,40.33,10284.15
2300,INV-1450,2023-09-16,Client-057: M/s Drashti Emporium,Velvet Roll (Label-405),58,117.49,6814.42
2301,INV-3873,2024-09-30,Client-071: M/s Kavya Fabrics,Gota Patti (Label-204),238,93.41,22231.58
2302,INV-0016,2025-11-26,Client-143: M/s Prakash Silk House,Nylon Woven (Label-501),45,30.34,1365.3
2303,INV-3502,2023-02-10,Client-127: M/s Nayna Boutique,Kutch Embroidery Border (Label-407),50,245.59,12279.5
2304,INV-2790,2023-03-15,Client-113: Smt. Kantilal Exports,Satin 1-Inch (Label-101),22,34.0,748.0
2305,INV-3205,2023-09-10,Client-056: M/s Shyamlal Textiles,Chiffon Pleated (Label-119),20,75.44,1508.8
2306,INV-0364,2025-05-06,Client-093: Shri Niraj Boutique,Silver Tissue (Label-312),63,198.66,12515.58
2307,INV-0183,2023-11-29,Client-043: Smt. Manju Weavers,Multicolor Taffeta (Label-308),190,79.97,15194.3
2308,INV-1195,2023-10-31,Client-006: M/s Naresh Exports,Velvet Roll (Label-405),64,111.99,7167.36
2309,INV-2471,2025-02-12,Client-104: M/s Nirmala Designs,Silk Printed (Label-112),57,89.64,5109.48
2310,INV-1122,2024-10-04,Client-017: M/s Rahul Creations,Embroidered Mirror Work (Label-422),1103,226.66,245046.77659999995
2311,INV-3875,2025-02-22,Client-042: M/s Pooja Traders,Banarasi Zari Border (Label-302),149,137.42,20475.58
2312,INV-1183,2025-11-17,Client-109: M/s Padma Silk House,Embroidered Mirror Work (Label-422),12,192.97,2315.64
2313,INV-3656,2025-04-01,Client-036: M/s Rahul Enterprises,Lace Trim Border (Label-217),68,66.35,4511.8
2314,INV-0615,2023-11-26,Client-066: Smt. Krunal Embroidery Works,Gota Patti (Label-204),255,82.12,20940.6
2315,INV-1467,2023-12-20,Client-097: M/s Deepika Designs,Patola Woven Border (Label-330),217,257.93,55970.81
2316,INV-0935,2023-10-25,Client-040: M/s Drashti Fashion House,Satin 2-Inch (Label-102),112,52.53,5883.36
2317,INV-2630,2024-03-15,Client-025: M/s Ruchita Exports,Banarasi Zari Border (Label-302),83,137.94,11449.02
2318,INV-2781,2024-11-17,Client-115: M/s Vijay Fashion House,Velvet Roll (Label-405),581,124.48,72322.88
2319,INV-0727,2024-08-05,Client-131: M/s Geeta Fabrics,Satin 2-Inch (Label-102),46,52.75,2426.5
2320,INV-0827,2025-12-08,Client-111: Shri Rekha Textiles,Organza Sheer (Label-210),53,56.72,3006.16
2321,INV-1522,2025-03-07,Client-028: Shri Tarun Industries,Gota Patti (Label-204),112,78.64,8807.68
2322,INV-0137,2024-03-16,Client-059: M/s Sita Fabrics,Embroidered Mirror Work (Label-422),29,203.24,5893.96
2323,INV-0629,2025-06-10,Client-019: M/s Sunil Collections,Patola Woven Border (Label-330),102,232.69,23734.38
2324,INV-0335,2024-11-09,Client-025: M/s Ruchita Exports,Gold Zardozi (Label-501),190,303.47,57659.3
2325,INV-0391,2025-06-22,Client-109: M/s Padma Silk House,Velvet Roll (Label-405),36,125.66,4523.76
2326,INV-3391,2023-03-06,Client-036: M/s Rahul Enterprises,Multicolor Taffeta (Label-308),210,79.89,16776.9
2327,INV-1818,2025-06-07,Client-015: M/s Savita Decorators,Velvet Roll (Label-405),62,121.28,7519.36
2328,INV-3593,2023-12-02,Client-148: M/s Navin Fabrics,Jacquard Brocade (Label-315),33,158.1,5217.3
2329,INV-0711,2024-10-07,Client-148: M/s Navin Fabrics,Cotton Herringbone (Label-203),133,41.92,5575.36
2330,INV-1040,2025-07-01,Client-023: M/s Navin Embroidery Works,Silk Printed (Label-112),45,99.33,4469.85
2331,INV-2606,2023-01-29,Client-088: M/s Pooja Creations,Silk Printed (Label-112),27,93.99,2537.73
2332,INV-3449,2025-11-30,Client-133: Smt. Manisha Designs,Velvet Roll (Label-405),1374,128.22,176174.28
2333,INV-1562,2023-11-30,Client-101: Smt. Manju Garments,Patola Woven Border (Label-330),75,255.39,19154.25
2334,INV-3669,2023-08-07,Client-015: M/s Savita Decorators,Polyester Grosgrain (Label-408),72,29.81,2146.32
2335,INV-3345,2023-10-01,Client-001: M/s Geeta Textiles,Banarasi Zari Border (Label-302),672,153.54,103178.88
2336,INV-1113,2025-08-15,Client-137: M/s Vandana Traders,Raw Silk Ribbon (Label-115),95,117.76,11187.2
2337,INV-1224,2026-03-22,Client-134: M/s Rakesh Weavers,Polyester Grosgrain (Label-408),95,31.48,2990.6
2338,INV-2654,2024-06-15,Client-141: Shri Brijesh Event Planners,Organza Sheer (Label-210),89,58.61,5216.29
2339,INV-2422,2023-03-10,Client-143: M/s Prakash Silk House,Embroidered Mirror Work (Label-422),29,191.81,5562.49
2340,INV-1509,2024-08-17,Client-076: Smt. Ashok Designs,Cotton Herringbone (Label-203),57,39.59,2256.63
2341,INV-1751,2024-09-11,Client-149: Shri Alpesh Saree Centre,Gold Zardozi (Label-501),166,272.89,45299.74
2342,INV-3577,2024-10-27,Client-067: M/s Bhavik Traders,Polyester Grosgrain (Label-408),28,31.24,874.72
2343,INV-0339,2026-03-06,Client-100: Smt. Kavita Saree Centre,Patola Woven Border (Label-330),98,269.83,26443.34
2344,INV-0216,2023-09-16,Client-094: M/s Dilip Weavers,Lace Trim Border (Label-217),282,63.48,17901.36
2345,INV-1342,2024-07-31,Client-104: M/s Nirmala Designs,Chiffon Pleated (Label-119),71,79.83,5667.93
2346,INV-3339,2023-03-31,Client-137: M/s Vandana Traders,Nylon Woven (Label-501),493,29.14,14366.02
2347,INV-3739,2026-06-12,Client-022: Shri Champa Traders,Kutch Embroidery Border (Label-407),376,217.1,81629.6
2348,INV-2575,2025-06-04,Client-132: M/s Shanta Creations,Chiffon Pleated (Label-119),20,70.69,1413.8
2349,INV-3385,2026-03-15,Client-071: M/s Kavya Fabrics,Satin 1-Inch (Label-101),482,38.18,18402.76
2350,INV-2687,2025-04-22,Client-075: Smt. Seema Exports,Gold Zardozi (Label-501),57,284.24,16201.68
2351,INV-2323,2026-01-30,Client-049: Shri Ketan Industries,Satin 2-Inch (Label-102),43,51.07,2196.01
2352,INV-0102,2023-11-20,Client-089: M/s Naresh Fashion House,Kutch Embroidery Border (Label-407),16,220.76,3532.16
2353,INV-2845,2025-02-15,Client-147: M/s Jagdish Silk House,Banarasi Zari Border (Label-302),2279,139.94,245046.77659999995
2354,INV-0172,2023-07-31,Client-088: M/s Pooja Creations,Satin 1-Inch (Label-101),36,35.03,1261.08
2355,INV-0108,2023-10-08,Client-011: M/s Kavya Industries,Polyester Grosgrain (Label-408),146,33.85,4942.1
2356,INV-2788,2024-09-02,Client-087: M/s Mayur Creations,Raw Silk Ribbon (Label-115),63,110.27,6947.01
2357,INV-3981,2025-04-29,Client-034: M/s Mansukhbhai Event Planners,Polyester Grosgrain (Label-408),14,33.17,464.38
2358,INV-2917,2023-02-21,Client-030: M/s Shardaben Fashion House,Banarasi Zari Border (Label-302),7,143.46,1004.22
2359,INV-2657,2026-07-22,Client-083: M/s Vandana Exports,Multicolor Taffeta (Label-308),37,82.1,3037.7
2360,INV-2532,2024-09-26,Client-010: M/s Pallavi Designs,Kutch Embroidery Border (Label-407),64,210.79,13490.56
2361,INV-2699,2026-02-05,Client-135: M/s Anjali Emporium,Gota Patti (Label-204),110,76.68,8434.8
2362,INV-2664,2023-11-23,Client-038: M/s Natubhai Creations,Raw Silk Ribbon (Label-115),489,113.7,55599.3
2363,INV-2986,2023-03-01,Client-063: Smt. Padma Saree Centre,Lace Trim Border (Label-217),297,61.86,18372.42
2364,INV-3099,2023-10-04,Client-081: M/s Mahesh Traders,Kutch Embroidery Border (Label-407),38,223.44,8490.72
2365,INV-3424,2023-04-17,Client-013: M/s Gopal Exports,Lace Trim Border (Label-217),787,62.51,49195.37
2366,INV-1041,2025-05-01,Client-074: M/s Amrut Fashion House,Jacquard Brocade (Label-315),87,185.7,16155.9
2367,INV-3832,2025-03-26,Client-117: Smt. Narottam Emporium,Kutch Embroidery Border (Label-407),199,233.84,46534.16
2368,INV-2121,2024-06-27,Client-008: M/s Natubhai Exports,Gota Patti (Label-204),48,82.14,3942.72
2369,INV-1525,2025-05-28,Client-040: M/s Drashti Fashion House,Gold Zardozi (Label-501),1068,262.46,245046.77659999995
2370,INV-3404,2025-04-28,Client-009: M/s Narottam Weavers,Gota Patti (Label-204),98,78.42,7685.16
2371,INV-2249,2023-03-31,Client-040: M/s Drashti Fashion House,Metallic Zari (Label-306),51,171.5,8746.5
2372,INV-2824,2025-05-26,Client-084: M/s Kantilal Embroidery Works,Kutch Embroidery Border (Label-407),41,230.3,9442.3
2373,INV-3264,2024-06-11,Client-079: M/s Savita Weavers,Raw Silk Ribbon (Label-115),763,101.67,77574.21
2374,INV-1763,2024-05-07,Client-140: M/s Brijesh Weavers,Silk Printed (Label-112),87,94.55,8225.85
2375,INV-3246,2024-09-24,Client-024: M/s Chirag Industries,Chanderi Block Print (Label-221),9,142.29,1280.61
2376,INV-3376,2023-02-04,Client-039: Shri Jignesh Designs,Chiffon Pleated (Label-119),159,73.15,11630.85
2377,INV-2936,2026-07-05,Client-075: Smt. Seema Exports,Patola Woven Border (Label-330),6,250.41,1502.46
2378,INV-2938,2023-09-04,Client-092: M/s Pushpa Silk House,Gold Zardozi (Label-501),116,280.74,32565.84
2379,INV-0406,2026-07-06,Client-118: M/s Pravin Textiles,Gota Patti (Label-204),397,78.61,31208.17
2380,INV-0758,2025-08-01,Client-025: M/s Ruchita Exports,Gold Zardozi (Label-501),92,289.3,26615.6
2381,INV-0098,2024-08-23,Client-111: Shri Rekha Textiles,Organza Sheer (Label-210),128,52.19,6680.32
2382,INV-1334,2025-02-11,Client-096: M/s Kiran Emporium,Cotton Herringbone (Label-203),477,42.42,20234.34
2383,INV-3165,2024-02-07,Client-049: Shri Ketan Industries,Nylon Woven (Label-501),71,28.38,2014.98
2384,INV-3687,2025-07-18,Client-142: M/s Vandana Boutique,Chanderi Block Print (Label-221),42,129.7,5447.4
2385,INV-3527,2023-02-16,Client-047: M/s Harish Creations,Embroidered Mirror Work (Label-422),25,215.95,5398.75
2386,INV-2059,2024-09-12,Client-059: M/s Sita Fabrics,Nylon Woven (Label-501),2,28.48,56.96
2387,INV-0149,2025-05-09,Client-041: M/s Varsha Handloom,Lace Trim Border (Label-217),20,62.55,1251.0
2388,INV-0029,2025-03-17,Client-007: M/s Hasmukh Collections,Satin 1-Inch (Label-101),43,36.0,1548.0
2389,INV-2716,2024-10-18,Client-055: M/s Balaji Collections,Velvet Roll (Label-405),8,130.87,1046.96
2390,INV-3472,2023-05-04,Client-086: M/s Neha Fashion House,Silver Tissue (Label-312),43,188.05,8086.15
2391,INV-0693,2025-11-11,Client-060: Smt. Seema Fabrics,Raw Silk Ribbon (Label-115),414,102.73,42530.22
2392,INV-1387,2025-03-06,Client-035: M/s Chandrakant Silk House,Metallic Zari (Label-306),88,149.61,13165.68
2393,INV-1846,2025-11-01,Client-093: Shri Niraj Boutique,Chanderi Block Print (Label-221),65,134.57,8747.05
2394,INV-3513,2024-04-29,Client-107: M/s Ramniklal Event Planners,Organza Sheer (Label-210),688,50.27,34585.76
2395,INV-0702,2025-08-01,Client-008: M/s Natubhai Exports,Satin 2-Inch (Label-102),57,46.16,2631.12
2396,INV-1709,2024-01-20,Client-109: M/s Padma Silk House,Jacquard Brocade (Label-315),298,181.52,54092.96
2397,INV-0455,2024-11-02,Client-064: Smt. Nayna Exports,Lace Trim Border (Label-217),139,63.65,8847.35
2398,INV-2041,2023-06-01,Client-126: M/s Mukesh Garments,Nylon Woven (Label-501),90,29.44,2649.6
2399,INV-3712,2025-05-21,Client-059: M/s Sita Fabrics,Gota Patti (Label-204),153,76.58,11716.74
2400,INV-2316,2024-10-03,Client-049: Shri Ketan Industries,Nylon Woven (Label-501),39,28.49,1111.11
2401,INV-0610,2024-08-12,Client-013: M/s Gopal Exports,Chiffon Pleated (Label-119),27,73.31,1979.37
2402,INV-0168,2023-06-01,Client-116: Shri Alka Industries,Banarasi Zari Border (Label-302),147,132.15,19426.05
2403,INV-0731,2024-07-01,Client-102: M/s Sita Industries,Cotton Herringbone (Label-203),103,45.26,4661.78
2404,INV-2857,2025-10-17,Client-030: M/s Shardaben Fashion House,Jacquard Brocade (Label-315),61,188.76,11514.36
2405,INV-3575,2025-05-24,Client-023: M/s Navin Embroidery Works,Organza Sheer (Label-210),164,49.82,8170.48
2406,INV-2639,2024-02-06,Client-051: M/s Brijesh Saree Centre,Organza Sheer (Label-210),379,52.74,19988.46
2407,INV-1623,2025-12-31,Client-120: M/s Usha Enterprises,Velvet Roll (Label-405),151,110.06,16619.06
2408,INV-0588,2024-11-10,Client-122: M/s Bhikhabhai Enterprises,Patola Woven Border (Label-330),6,243.16,1458.96
2409,INV-1402,2025-09-12,Client-093: Shri Niraj Boutique,Chiffon Pleated (Label-119),70,73.17,5121.9
2410,INV-1701,2025-12-04,Client-148: M/s Navin Fabrics,Satin 2-Inch (Label-102),67,51.61,3457.87
2411,INV-2898,2025-04-10,Client-145: M/s Rahul Decorators,Chanderi Block Print (Label-221),388,133.69,51871.72
2412,INV-3136,2025-06-07,Client-029: M/s Hitesh Boutique,Gold Zardozi (Label-501),388,276.45,107262.6
2413,INV-1380,2023-05-10,Client-025: M/s Ruchita Exports,Patola Woven Border (Label-330),45,233.39,10502.55
2414,INV-2090,2024-06-14,Client-006: M/s Naresh Exports,Organza Sheer (Label-210),33,50.81,1676.73
2415,INV-2176,2024-10-21,Client-090: Shri Prital Handloom,Jacquard Brocade (Label-315),95,187.07,17771.65
2416,INV-2911,2024-12-28,Client-110: M/s Anita Embroidery Works,Raw Silk Ribbon (Label-115),32,104.58,3346.56
2417,INV-3918,2025-05-16,Client-025: M/s Ruchita Exports,Metallic Zari (Label-306),23,157.54,3623.42
2418,INV-0442,2025-01-25,Client-145: M/s Rahul Decorators,Polyester Grosgrain (Label-408),212,33.53,7108.36
2419,INV-2052,2023-09-02,Client-092: M/s Pushpa Silk House,Satin 2-Inch (Label-102),8,49.59,396.72
2420,INV-1302,2023-05-15,Client-015: M/s Savita Decorators,Silver Tissue (Label-312),105,177.54,18641.7
2421,INV-3374,2023-08-15,Client-108: M/s Shyam Event Planners,Kutch Embroidery Border (Label-407),122,246.25,30042.5
2422,INV-1305,2026-06-24,Client-087: M/s Mayur Creations,Chanderi Block Print (Label-221),283,146.81,41547.23
2423,INV-0237,2024-09-10,Client-104: M/s Nirmala Designs,Polyester Grosgrain (Label-408),41,31.7,1299.7
2424,INV-0521,2025-04-06,Client-135: M/s Anjali Emporium,Kutch Embroidery Border (Label-407),124,208.33,25832.92
2425,INV-0736,2023-08-01,Client-040: M/s Drashti Fashion House,Satin 1-Inch (Label-101),11,36.08,396.88
2426,INV-3531,2023-03-17,Client-028: Shri Tarun Industries,Kutch Embroidery Border (Label-407),7,237.7,1663.9
2427,INV-2107,2024-03-03,Client-115: M/s Vijay Fashion House,Multicolor Taffeta (Label-308),100,86.23,8623.0
2428,INV-0593,2024-11-23,Client-107: M/s Ramniklal Event Planners,Banarasi Zari Border (Label-302),135,157.37,21244.95
2429,INV-1388,2024-10-13,Client-124: M/s Bhavesh Exports,Satin 1-Inch (Label-101),180,33.85,6093.0
2430,INV-2584,2023-10-08,Client-098: M/s Bhavna Garments,Organza Sheer (Label-210),17,52.59,894.03
2431,INV-3497,2024-04-21,Client-004: Smt. Narottam Fabrics,Raw Silk Ribbon (Label-115),22,119.09,2619.98
2432,INV-3714,2023-08-05,Client-059: M/s Sita Fabrics,Metallic Zari (Label-306),107,155.35,16622.45
2433,INV-0905,2026-05-05,Client-143: M/s Prakash Silk House,Velvet Roll (Label-405),58,127.73,7408.34
2434,INV-3379,2026-03-04,Client-042: M/s Pooja Traders,Metallic Zari (Label-306),24,154.44,3706.56
2435,INV-1280,2023-06-08,Client-114: M/s Padma Enterprises,Patola Woven Border (Label-330),84,231.17,19418.28
2436,INV-3181,2025-03-02,Client-129: M/s Padma Industries,Chiffon Pleated (Label-119),11,81.93,901.23
2437,INV-2309,2026-04-28,Client-106: Smt. Kamlesh Designs,Gold Zardozi (Label-501),24,287.87,6908.88
2438,INV-3163,2025-03-17,Client-016: M/s Padma Garments,Polyester Grosgrain (Label-408),143,32.52,4650.36
2439,INV-3267,2026-02-23,Client-058: Smt. Deepika Fashion House,Banarasi Zari Border (Label-302),37,147.71,5465.27
2440,INV-3156,2023-06-01,Client-097: M/s Deepika Designs,Raw Silk Ribbon (Label-115),178,99.9,17782.2
2441,INV-0707,2024-07-05,Client-049: Shri Ketan Industries,Satin 2-Inch (Label-102),24,52.37,1256.88
2442,INV-3515,2026-05-23,Client-016: M/s Padma Garments,Velvet Roll (Label-405),108,119.88,12947.04
2443,INV-0746,2026-01-27,Client-106: Smt. Kamlesh Designs,Silver Tissue (Label-312),27,192.55,5198.85
2444,INV-1940,2024-06-03,Client-004: Smt. Narottam Fabrics,Raw Silk Ribbon (Label-115),13,105.01,1365.13
2445,INV-2634,2023-12-09,Client-002: M/s Chandrika Fashion House,Satin 2-Inch (Label-102),96,53.17,5104.32
2446,INV-0514,2025-08-26,Client-071: M/s Kavya Fabrics,Chiffon Pleated (Label-119),176,69.66,12260.16
2447,INV-0082,2023-11-12,Client-075: Smt. Seema Exports,Gold Zardozi (Label-501),69,291.5,20113.5
2448,INV-1309,2023-05-04,Client-150: M/s Kantilal Event Planners,Embroidered Mirror Work (Label-422),165,210.55,34740.75
2449,INV-3306,2023-07-28,Client-122: M/s Bhikhabhai Enterprises,Chanderi Block Print (Label-221),38,138.67,5269.46
2450,INV-0915,2023-12-22,Client-049: Shri Ketan Industries,Silver Tissue (Label-312),107,190.5,20383.5
2451,INV-3674,2025-10-11,Client-016: M/s Padma Garments,Embroidered Mirror Work (Label-422),27,211.95,5722.65
2452,INV-3658,2023-03-03,Client-133: Smt. Manisha Designs,Gold Zardozi (Label-501),37,307.64,11382.68
2453,INV-0775,2025-04-19,Client-029: M/s Hitesh Boutique,Velvet Roll (Label-405),45,120.56,5425.2
2454,INV-0330,2024-01-03,Client-025: M/s Ruchita Exports,Gold Zardozi (Label-501),1108,260.34,245046.77659999995
2455,INV-2055,2025-12-31,Client-138: Smt. Natubhai Weavers,Satin 1-Inch (Label-101),96,38.29,3675.84
2456,INV-2002,2024-11-22,Client-078: M/s Prital Exports,Embroidered Mirror Work (Label-422),75,205.83,15437.25
2457,INV-0944,2024-01-04,Client-003: M/s Vinod Traders,Patola Woven Border (Label-330),46,225.42,10369.32
2458,INV-0823,2024-11-30,Client-036: M/s Rahul Enterprises,Satin 1-Inch (Label-101),50,36.61,1830.5
2459,INV-0910,2024-10-10,Client-078: M/s Prital Exports,Embroidered Mirror Work (Label-422),323,219.15,70785.45
2460,INV-2517,2024-11-08,Client-084: M/s Kantilal Embroidery Works,Gold Zardozi (Label-501),708,260.71,184582.68
2461,INV-0182,2025-12-14,Client-087: M/s Mayur Creations,Raw Silk Ribbon (Label-115),2354,101.88,239825.52
2462,INV-0165,2025-08-08,Client-149: Shri Alpesh Saree Centre,Multicolor Taffeta (Label-308),361,91.19,32919.59
2463,INV-1524,2026-05-07,Client-112: M/s Indira Traders,Satin 2-Inch (Label-102),999,47.89,47842.11
2464,INV-0452,2026-04-12,Client-028: Shri Tarun Industries,Jacquard Brocade (Label-315),80,173.23,13858.4
2465,INV-2539,2025-08-02,Client-040: M/s Drashti Fashion House,Banarasi Zari Border (Label-302),43,132.8,5710.4
2466,INV-1312,2023-04-28,Client-144: M/s Pooja Fashion House,Banarasi Zari Border (Label-302),143,142.74,20411.82
2467,INV-1112,2025-11-23,Client-148: M/s Navin Fabrics,Satin 2-Inch (Label-102),215,47.13,10132.95
2468,INV-3769,2025-05-01,Client-107: M/s Ramniklal Event Planners,Multicolor Taffeta (Label-308),149,81.51,12144.99
2469,INV-1288,2023-05-14,Client-017: M/s Rahul Creations,Organza Sheer (Label-210),30,52.36,1570.8
2470,INV-1791,2023-08-16,Client-068: M/s Madhuri Fabrics,Chanderi Block Print (Label-221),644,122.31,78767.64
2471,INV-2491,2025-09-30,Client-102: M/s Sita Industries,Silver Tissue (Label-312),536,196.62,105388.32
2472,INV-3535,2025-08-07,Client-016: M/s Padma Garments,Gota Patti (Label-204),3,85.0,255.0
2473,INV-2008,2025-04-28,Client-071: M/s Kavya Fabrics,Cotton Herringbone (Label-203),113,41.68,4709.84
2474,INV-1859,2026-04-19,Client-025: M/s Ruchita Exports,Nylon Woven (Label-501),24,26.87,644.88
2475,INV-0313,2025-07-10,Client-024: M/s Chirag Industries,Silver Tissue (Label-312),173,203.76,35250.48
2476,INV-0833,2026-06-08,Client-060: Smt. Seema Fabrics,Nylon Woven (Label-501),261,29.05,7582.05
2477,INV-1202,2024-12-11,Client-112: M/s Indira Traders,Gota Patti (Label-204),270,79.24,21394.8
2478,INV-3065,2023-02-06,Client-013: M/s Gopal Exports,Satin 1-Inch (Label-101),52,35.92,1867.84
2479,INV-2608,2024-07-17,Client-052: Smt. Anita Saree Centre,Chanderi Block Print (Label-221),252,125.44,31610.88
2480,INV-2135,2023-11-28,Client-003: M/s Vinod Traders,Kutch Embroidery Border (Label-407),141,229.12,32305.92
2481,INV-3910,2025-03-08,Client-090: Shri Prital Handloom,Gold Zardozi (Label-501),243,263.84,64113.12
2482,INV-1482,2024-03-16,Client-142: M/s Vandana Boutique,Silk Printed (Label-112),177,96.74,17122.98
2483,INV-0778,2026-04-23,Client-094: M/s Dilip Weavers,Nylon Woven (Label-501),80,28.59,2287.2
2484,INV-0800,2026-01-10,Client-084: M/s Kantilal Embroidery Works,Gold Zardozi (Label-501),176,291.08,51230.08
2485,INV-0055,2023-09-17,Client-014: Shri Usha Fabrics,Silver Tissue (Label-312),310,186.89,57935.9
2486,INV-1921,2023-01-21,Client-046: M/s Bhikhabhai Textiles,Organza Sheer (Label-210),149,54.68,8147.32
2487,INV-3436,2024-11-01,Client-124: M/s Bhavesh Exports,Gold Zardozi (Label-501),45,254.8,11466.0
2488,INV-2955,2024-03-30,Client-103: Shri Vijay Fashion House,Silver Tissue (Label-312),406,202.67,82284.02
2489,INV-1702,2024-10-21,Client-124: M/s Bhavesh Exports,Nylon Woven (Label-501),57,25.71,1465.47
2490,INV-2162,2025-06-04,Client-027: M/s Rajendra Creations,Cotton Herringbone (Label-203),342,44.88,15348.96
2491,INV-3741,2023-07-11,Client-057: M/s Drashti Emporium,Chiffon Pleated (Label-119),23,80.28,1846.44
2492,INV-0988,2025-09-20,Client-019: M/s Sunil Collections,Nylon Woven (Label-501),104,29.24,3040.96
2493,INV-3133,2024-12-06,Client-058: Smt. Deepika Fashion House,Silver Tissue (Label-312),72,175.74,12653.28
2494,INV-3602,2023-06-18,Client-048: M/s Bhavesh Traders,Nylon Woven (Label-501),205,30.03,6156.15
2495,INV-1395,2024-04-14,Client-085: M/s Nayna Industries,Metallic Zari (Label-306),52,151.75,7891.0
2496,INV-0769,2026-01-16,Client-049: Shri Ketan Industries,Kutch Embroidery Border (Label-407),28,215.58,6036.24
2497,INV-3530,2024-07-07,Client-092: M/s Pushpa Silk House,Kutch Embroidery Border (Label-407),291,231.84,67465.44
2498,INV-0286,2024-09-28,Client-076: Smt. Ashok Designs,Lace Trim Border (Label-217),199,66.49,13231.51
2499,INV-3999,2025-12-22,Client-036: M/s Rahul Enterprises,Metallic Zari (Label-306),261,160.66,41932.26
2500,INV-0429,2023-05-16,Client-112: M/s Indira Traders,Nylon Woven (Label-501),739,25.52,18859.28
2501,INV-2333,2024-04-13,Client-061: M/s Poonam Enterprises,Nylon Woven (Label-501),196,27.94,5476.24
2502,INV-2080,2026-02-16,Client-052: Smt. Anita Saree Centre,Silk Printed (Label-112),345,97.23,33544.35
2503,INV-0723,2023-05-03,Client-066: Smt. Krunal Embroidery Works,Satin 2-Inch (Label-102),7,53.39,373.73
2504,INV-0952,2023-05-08,Client-086: M/s Neha Fashion House,Banarasi Zari Border (Label-302),152,137.99,20974.48
2505,INV-3029,2023-12-20,Client-132: M/s Shanta Creations,Banarasi Zari Border (Label-302),127,151.14,19194.78
2506,INV-2263,2026-01-13,Client-103: Shri Vijay Fashion House,Organza Sheer (Label-210),9,58.74,528.66
2507,INV-0990,2023-07-20,Client-106: Smt. Kamlesh Designs,Silk Printed (Label-112),246,92.64,22789.44
2508,INV-3720,2026-01-10,Client-047: M/s Harish Creations,Gota Patti (Label-204),58,81.64,4735.12
2509,INV-2688,2025-10-31,Client-006: M/s Naresh Exports,Nylon Woven (Label-501),16,29.29,468.64
2510,INV-2609,2024-01-21,Client-063: Smt. Padma Saree Centre,Satin 2-Inch (Label-102),67,49.89,3342.63
2511,INV-1384,2025-07-28,Client-072: M/s Arun Fashion House,Chanderi Block Print (Label-221),144,138.35,19922.4
2512,INV-1725,2025-08-25,Client-005: M/s Nayna Garments,Kutch Embroidery Border (Label-407),104,238.28,24781.12
2513,INV-1087,2023-07-23,Client-018: Smt. Foram Fabrics,Satin 2-Inch (Label-102),362,51.78,18744.36
2514,INV-3197,2023-02-21,Client-106: Smt. Kamlesh Designs,Metallic Zari (Label-306),78,172.01,13416.78
2515,INV-0342,2026-05-04,Client-084: M/s Kantilal Embroidery Works,Gota Patti (Label-204),75,87.28,6546.0
2516,INV-0148,2023-10-18,Client-008: M/s Natubhai Exports,Satin 1-Inch (Label-101),230,36.72,8445.6
2517,INV-3096,2025-06-30,Client-014: Shri Usha Fabrics,Patola Woven Border (Label-330),378,260.13,98329.14
2518,INV-1108,2026-03-30,Client-087: M/s Mayur Creations,Cotton Herringbone (Label-203),65,38.37,2494.05
2519,INV-0849,2025-01-13,Client-099: M/s Sushila Garments,Gold Zardozi (Label-501),35,286.28,10019.8
2520,INV-0967,2023-03-29,Client-055: M/s Balaji Collections,Chanderi Block Print (Label-221),120,139.52,16742.4
2521,INV-3263,2024-09-03,Client-068: M/s Madhuri Fabrics,Polyester Grosgrain (Label-408),217,33.57,7284.69
2522,INV-2204,2023-11-27,Client-064: Smt. Nayna Exports,Raw Silk Ribbon (Label-115),157,116.02,18215.14
2523,INV-0662,2024-04-01,Client-091: M/s Bharat Silk House,Lace Trim Border (Label-217),207,64.83,13419.81
2524,INV-3848,2026-03-13,Client-110: M/s Anita Embroidery Works,Embroidered Mirror Work (Label-422),157,214.56,33685.92
2525,INV-3341,2023-06-06,Client-076: Smt. Ashok Designs,Gold Zardozi (Label-501),416,289.11,120269.76
2526,INV-3103,2025-10-05,Client-114: M/s Padma Enterprises,Silk Printed (Label-112),32,101.55,3249.6
2527,INV-3890,2024-07-24,Client-015: M/s Savita Decorators,Silver Tissue (Label-312),21,201.98,4241.58
2528,INV-1880,2026-07-30,Client-136: M/s Anjali Decorators,Patola Woven Border (Label-330),31,272.72,8454.32
2529,INV-3757,2024-07-01,Client-128: M/s Balaji Event Planners,Jacquard Brocade (Label-315),45,165.17,7432.65
2530,INV-1204,2024-11-25,Client-120: M/s Usha Enterprises,Organza Sheer (Label-210),27,59.21,1598.67
2531,INV-1991,2024-11-17,Client-094: M/s Dilip Weavers,Velvet Roll (Label-405),3886,126.85,245046.77659999995
2532,INV-0025,2025-02-18,Client-091: M/s Bharat Silk House,Polyester Grosgrain (Label-408),46,33.62,1546.52
2533,INV-3748,2025-04-20,Client-067: M/s Bhavik Traders,Polyester Grosgrain (Label-408),123,33.36,4103.28
2534,INV-2684,2025-03-09,Client-096: M/s Kiran Emporium,Polyester Grosgrain (Label-408),41,34.34,1407.94
2535,INV-2752,2026-04-07,Client-106: Smt. Kamlesh Designs,Chanderi Block Print (Label-221),33,125.38,4137.54
2536,INV-3049,2026-08-05,Client-019: M/s Sunil Collections,Lace Trim Border (Label-217),54,58.9,3180.6
2537,INV-3588,2023-11-23,Client-054: Smt. Subhash Creations,Lace Trim Border (Label-217),79,58.7,4637.3
2538,INV-0939,2025-08-29,Client-136: M/s Anjali Decorators,Embroidered Mirror Work (Label-422),26,189.5,4927.0
2539,INV-2395,2025-09-28,Client-096: M/s Kiran Emporium,Silver Tissue (Label-312),26,212.04,5513.04
2540,INV-3961,2026-01-27,Client-137: M/s Vandana Traders,Chanderi Block Print (Label-221),56,123.52,6917.12
2541,INV-0386,2025-02-25,Client-130: M/s Jignesh Creations,Chanderi Block Print (Label-221),34,134.86,4585.24
2542,INV-3040,2024-07-25,Client-098: M/s Bhavna Garments,Multicolor Taffeta (Label-308),69,93.88,6477.72
2543,INV-3327,2025-07-06,Client-047: M/s Harish Creations,Chiffon Pleated (Label-119),99,73.91,7317.09
2544,INV-2910,2023-02-05,Client-047: M/s Harish Creations,Lace Trim Border (Label-217),62,65.41,4055.42
2545,INV-3233,2024-10-14,Client-019: M/s Sunil Collections,Jacquard Brocade (Label-315),35,190.29,6660.15
2546,INV-0937,2024-12-07,Client-068: M/s Madhuri Fabrics,Velvet Roll (Label-405),113,109.26,12346.38
2547,INV-3430,2023-09-13,Client-108: M/s Shyam Event Planners,Satin 1-Inch (Label-101),37,37.62,1391.94
2548,INV-2361,2023-01-16,Client-073: M/s Lakshmi Event Planners,Cotton Herringbone (Label-203),24,42.47,1019.28
2549,INV-3897,2025-11-24,Client-085: M/s Nayna Industries,Banarasi Zari Border (Label-302),312,141.91,44275.92
2550,INV-1333,2024-02-20,Client-061: M/s Poonam Enterprises,Chiffon Pleated (Label-119),240,70.78,16987.2
2551,INV-1935,2023-10-20,Client-144: M/s Pooja Fashion House,Multicolor Taffeta (Label-308),60,87.83,5269.8
2552,INV-0936,2025-02-23,Client-113: Smt. Kantilal Exports,Chanderi Block Print (Label-221),52,126.02,6553.04
2553,INV-2419,2023-08-26,Client-036: M/s Rahul Enterprises,Organza Sheer (Label-210),93,57.64,5360.52
2554,INV-0567,2025-11-13,Client-026: Smt. Vivek Fabrics,Cotton Herringbone (Label-203),54,43.21,2333.34
2555,INV-1855,2026-04-26,Client-028: Shri Tarun Industries,Banarasi Zari Border (Label-302),41,132.64,5438.24
2556,INV-3210,2024-03-12,Client-038: M/s Natubhai Creations,Jacquard Brocade (Label-315),155,162.78,25230.9
2557,INV-2468,2024-07-10,Client-126: M/s Mukesh Garments,Embroidered Mirror Work (Label-422),87,222.16,19327.92
2558,INV-1646,2023-02-03,Client-106: Smt. Kamlesh Designs,Velvet Roll (Label-405),4153,119.91,245046.77659999995
2559,INV-3314,2026-02-06,Client-013: M/s Gopal Exports,Patola Woven Border (Label-330),924,270.82,245046.77659999995
2560,INV-1793,2024-11-06,Client-016: M/s Padma Garments,Nylon Woven (Label-501),98,27.96,2740.08
2561,INV-1431,2023-01-07,Client-103: Shri Vijay Fashion House,Organza Sheer (Label-210),213,49.78,10603.14
2562,INV-3072,2023-01-03,Client-119: M/s Bhikhabhai Emporium,Velvet Roll (Label-405),56,131.55,7366.8
2563,INV-1014,2025-09-22,Client-032: Shri Lakshmi Event Planners,Satin 2-Inch (Label-102),64,52.1,3334.4
2564,INV-1929,2026-05-23,Client-122: M/s Bhikhabhai Enterprises,Silk Printed (Label-112),57,88.69,5055.33
2565,INV-2982,2026-02-14,Client-111: Shri Rekha Textiles,Satin 2-Inch (Label-102),43,49.1,2111.3
2566,INV-2773,2026-05-27,Client-110: M/s Anita Embroidery Works,Nylon Woven (Label-501),679,30.1,20437.9
2567,INV-1348,2024-11-26,Client-109: M/s Padma Silk House,Patola Woven Border (Label-330),8,262.63,2101.04
2568,INV-0356,2024-10-18,Client-052: Smt. Anita Saree Centre,Satin 2-Inch (Label-102),69,48.14,3321.66
2569,INV-0828,2023-11-20,Client-143: M/s Prakash Silk House,Silver Tissue (Label-312),511,212.5,108587.5
2570,INV-1640,2024-03-05,Client-148: M/s Navin Fabrics,Gota Patti (Label-204),66,82.79,5464.14
2571,INV-0985,2025-08-29,Client-041: M/s Varsha Handloom,Patola Woven Border (Label-330),781,271.13,211752.53
2572,INV-2189,2026-02-13,Client-146: M/s Yash Fashion House,Silk Printed (Label-112),19,93.33,1773.27
2573,INV-3387,2025-07-27,Client-088: M/s Pooja Creations,Silk Printed (Label-112),17,93.07,1582.19
2574,INV-2444,2026-07-12,Client-070: M/s Yash Designs,Polyester Grosgrain (Label-408),22,32.6,717.2
2575,INV-0363,2026-05-09,Client-103: Shri Vijay Fashion House,Silver Tissue (Label-312),88,195.26,17182.88
2576,INV-2350,2025-10-14,Client-018: Smt. Foram Fabrics,Organza Sheer (Label-210),149,51.17,7624.33
2577,INV-0346,2025-03-08,Client-028: Shri Tarun Industries,Satin 1-Inch (Label-101),45,31.54,1419.3
2578,INV-2727,2026-07-01,Client-108: M/s Shyam Event Planners,Raw Silk Ribbon (Label-115),131,111.6,14619.6
2579,INV-3377,2025-03-28,Client-044: Shri Meena Silk House,Raw Silk Ribbon (Label-115),89,118.14,10514.46
2580,INV-0712,2025-11-12,Client-057: M/s Drashti Emporium,Kutch Embroidery Border (Label-407),20,212.9,4258.0
2581,INV-3786,2025-05-15,Client-020: M/s Jagdish Fabrics,Silver Tissue (Label-312),42,209.21,8786.82
2582,INV-0011,2023-12-14,Client-073: M/s Lakshmi Event Planners,Gold Zardozi (Label-501),51,289.18,14748.18
2583,INV-3204,2024-02-04,Client-007: M/s Hasmukh Collections,Raw Silk Ribbon (Label-115),12,105.62,1267.44
2584,INV-2117,2023-11-15,Client-121: M/s Harish Traders,Banarasi Zari Border (Label-302),15,132.27,1984.05
2585,INV-0794,2026-04-07,Client-066: Smt. Krunal Embroidery Works,Polyester Grosgrain (Label-408),82,29.39,2409.98
2586,INV-3679,2025-06-21,Client-072: M/s Arun Fashion House,Multicolor Taffeta (Label-308),137,86.82,11894.34
2587,INV-2675,2023-09-08,Client-065: Shri Arvind Emporium,Gold Zardozi (Label-501),692,258.96,179200.32
2588,INV-0095,2026-01-13,Client-018: Smt. Foram Fabrics,Nylon Woven (Label-501),60,28.73,1723.8
2589,INV-0130,2025-05-12,Client-017: M/s Rahul Creations,Satin 2-Inch (Label-102),45,49.48,2226.6
2590,INV-2372,2023-01-23,Client-001: M/s Geeta Textiles,Polyester Grosgrain (Label-408),95,31.65,3006.75
2591,INV-2966,2024-06-13,Client-147: M/s Jagdish Silk House,Silver Tissue (Label-312),37,200.09,7403.33
2592,INV-3870,2024-06-17,Client-101: Smt. Manju Garments,Patola Woven Border (Label-330),93,243.29,22625.97
2593,INV-2264,2025-04-11,Client-107: M/s Ramniklal Event Planners,Multicolor Taffeta (Label-308),301,92.11,27725.11
2594,INV-1901,2026-05-25,Client-083: M/s Vandana Exports,Embroidered Mirror Work (Label-422),24,210.52,5052.48
2595,INV-3042,2025-03-15,Client-077: Shri Deepak Fashion House,Satin 1-Inch (Label-101),98,36.46,3573.08
2596,INV-3173,2024-06-23,Client-144: M/s Pooja Fashion House,Metallic Zari (Label-306),76,169.76,12901.76
2597,INV-1933,2025-02-28,Client-091: M/s Bharat Silk House,Polyester Grosgrain (Label-408),63,34.17,2152.71
2598,INV-3361,2026-06-06,Client-116: Shri Alka Industries,Chiffon Pleated (Label-119),21,75.51,1585.71
2599,INV-1866,2023-02-26,Client-011: M/s Kavya Industries,Silver Tissue (Label-312),127,196.48,24952.96
2600,INV-0517,2024-07-28,Client-026: Smt. Vivek Fabrics,Nylon Woven (Label-501),44,25.95,1141.8
2601,INV-1858,2025-01-27,Client-117: Smt. Narottam Emporium,Chiffon Pleated (Label-119),152,72.31,10991.12
2602,INV-2646,2026-05-02,Client-146: M/s Yash Fashion House,Silk Printed (Label-112),72,103.62,7460.64
2603,INV-2244,2025-03-19,Client-052: Smt. Anita Saree Centre,Satin 1-Inch (Label-101),89,35.38,3148.82
2604,INV-1278,2023-01-09,Client-045: M/s Akash Saree Centre,Embroidered Mirror Work (Label-422),148,212.34,31426.32
2605,INV-3855,2025-10-02,Client-042: M/s Pooja Traders,Metallic Zari (Label-306),54,151.22,8165.88
2606,INV-0951,2025-05-24,Client-083: M/s Vandana Exports,Cotton Herringbone (Label-203),6,39.16,234.96
2607,INV-1121,2023-03-28,Client-125: Shri Padma Saree Centre,Gota Patti (Label-204),2,77.44,154.88
2608,INV-2598,2024-07-13,Client-049: Shri Ketan Industries,Satin 2-Inch (Label-102),272,50.48,13730.56
2609,INV-0420,2026-05-27,Client-101: Smt. Manju Garments,Polyester Grosgrain (Label-408),14,32.94,461.16
2610,INV-0923,2025-09-13,Client-021: M/s Yash Emporium,Organza Sheer (Label-210),95,57.53,5465.35
2611,INV-2914,2025-03-17,Client-039: Shri Jignesh Designs,Satin 1-Inch (Label-101),393,33.97,13350.21
2612,INV-0478,2023-08-16,Client-094: M/s Dilip Weavers,Satin 1-Inch (Label-101),47,34.12,1603.64
2613,INV-2036,2026-01-05,Client-137: M/s Vandana Traders,Gota Patti (Label-204),75,83.95,6296.25
2614,INV-2884,2023-11-04,Client-097: M/s Deepika Designs,Organza Sheer (Label-210),128,49.69,6360.32
2615,INV-1693,2025-03-30,Client-081: M/s Mahesh Traders,Satin 2-Inch (Label-102),7,51.12,357.84
2616,INV-3841,2023-05-18,Client-079: M/s Savita Weavers,Chanderi Block Print (Label-221),20,139.36,2787.2
2617,INV-1472,2026-01-05,Client-006: M/s Naresh Exports,Chiffon Pleated (Label-119),145,75.84,10996.8
2618,INV-2602,2025-04-10,Client-065: Shri Arvind Emporium,Organza Sheer (Label-210),29,55.84,1619.36
2619,INV-1203,2025-08-19,Client-060: Smt. Seema Fabrics,Gold Zardozi (Label-501),13,264.3,3435.9
2620,INV-2439,2023-10-26,Client-011: M/s Kavya Industries,Lace Trim Border (Label-217),670,62.11,41613.7
2621,INV-1670,2025-09-18,Client-140: M/s Brijesh Weavers,Gota Patti (Label-204),25,79.19,1979.75
2622,INV-3696,2024-11-09,Client-016: M/s Padma Garments,Velvet Roll (Label-405),59,122.84,7247.56
2623,INV-1971,2023-02-28,Client-043: Smt. Manju Weavers,Polyester Grosgrain (Label-408),157,34.47,5411.79
2624,INV-2152,2025-09-11,Client-063: Smt. Padma Saree Centre,Chiffon Pleated (Label-119),27,79.29,2140.83
2625,INV-0821,2026-07-04,Client-129: M/s Padma Industries,Cotton Herringbone (Label-203),62,44.62,2766.44
2626,INV-1998,2025-03-22,Client-022: Shri Champa Traders,Silver Tissue (Label-312),195,179.19,34942.05
2627,INV-3823,2025-10-23,Client-137: M/s Vandana Traders,Multicolor Taffeta (Label-308),132,93.1,12289.2
2628,INV-1249,2025-02-11,Client-034: M/s Mansukhbhai Event Planners,Organza Sheer (Label-210),1277,55.05,70298.85
2629,INV-3407,2025-03-16,Client-088: M/s Pooja Creations,Embroidered Mirror Work (Label-422),98,212.46,20821.08
2630,INV-2713,2023-09-21,Client-005: M/s Nayna Garments,Banarasi Zari Border (Label-302),123,157.87,19418.01
2631,INV-3541,2025-06-14,Client-011: M/s Kavya Industries,Gold Zardozi (Label-501),199,260.83,51905.17
2632,INV-2191,2025-01-15,Client-068: M/s Madhuri Fabrics,Embroidered Mirror Work (Label-422),57,204.55,11659.35
2633,INV-3477,2024-01-08,Client-041: M/s Varsha Handloom,Silver Tissue (Label-312),322,198.69,63978.18
2634,INV-1047,2024-09-10,Client-078: M/s Prital Exports,Satin 2-Inch (Label-102),187,50.59,9460.33
2635,INV-1889,2024-11-26,Client-012: M/s Nayna Event Planners,Polyester Grosgrain (Label-408),478,31.66,15133.48
2636,INV-2470,2026-05-27,Client-037: M/s Vinod Fashion House,Satin 1-Inch (Label-101),117,35.71,4178.07
2637,INV-0616,2023-11-14,Client-083: M/s Vandana Exports,Raw Silk Ribbon (Label-115),457,100.12,45754.84
2638,INV-1319,2026-02-10,Client-075: Smt. Seema Exports,Multicolor Taffeta (Label-308),63,82.62,5205.06
2639,INV-3845,2024-11-01,Client-099: M/s Sushila Garments,Polyester Grosgrain (Label-408),60,29.82,1789.2
2640,INV-3885,2023-10-25,Client-097: M/s Deepika Designs,Velvet Roll (Label-405),124,110.31,13678.44
2641,INV-3901,2023-12-04,Client-061: M/s Poonam Enterprises,Chanderi Block Print (Label-221),397,122.28,48545.16
2642,INV-2137,2026-06-26,Client-113: Smt. Kantilal Exports,Velvet Roll (Label-405),31,125.88,3902.28
2643,INV-3257,2025-06-22,Client-145: M/s Rahul Decorators,Chanderi Block Print (Label-221),265,131.17,34760.05
2644,INV-1773,2025-11-04,Client-135: M/s Anjali Emporium,Cotton Herringbone (Label-203),97,38.89,3772.33
2645,INV-3933,2025-07-31,Client-048: M/s Bhavesh Traders,Cotton Herringbone (Label-203),654,39.19,25630.26
2646,INV-0132,2025-12-03,Client-008: M/s Natubhai Exports,Banarasi Zari Border (Label-302),49,159.46,7813.54
2647,INV-2851,2024-03-14,Client-044: Shri Meena Silk House,Velvet Roll (Label-405),33,125.59,4144.47
2648,INV-0078,2026-07-04,Client-014: Shri Usha Fabrics,Silk Printed (Label-112),99,90.57,8966.43
2649,INV-2053,2023-01-25,Client-135: M/s Anjali Emporium,Nylon Woven (Label-501),192,29.35,5635.2
2650,INV-1315,2024-09-05,Client-042: M/s Pooja Traders,Velvet Roll (Label-405),246,118.9,29249.4
2651,INV-3904,2023-08-18,Client-048: M/s Bhavesh Traders,Chiffon Pleated (Label-119),62,68.12,4223.44
2652,INV-3043,2024-04-05,Client-001: M/s Geeta Textiles,Multicolor Taffeta (Label-308),122,88.73,10825.06
2653,INV-1373,2023-11-27,Client-005: M/s Nayna Garments,Raw Silk Ribbon (Label-115),68,101.21,6882.28
2654,INV-1856,2025-07-08,Client-116: Shri Alka Industries,Embroidered Mirror Work (Label-422),110,201.15,22126.5
2655,INV-1320,2025-01-07,Client-008: M/s Natubhai Exports,Silk Printed (Label-112),124,89.26,11068.24
2656,INV-2561,2026-08-03,Client-014: Shri Usha Fabrics,Satin 2-Inch (Label-102),272,54.89,14930.08
2657,INV-3245,2025-05-10,Client-054: Smt. Subhash Creations,Chanderi Block Print (Label-221),211,139.99,29537.89
2658,INV-3872,2023-04-14,Client-063: Smt. Padma Saree Centre,Gota Patti (Label-204),197,88.69,17471.93
2659,INV-0376,2024-02-09,Client-110: M/s Anita Embroidery Works,Chiffon Pleated (Label-119),35,67.57,2364.95
2660,INV-1909,2025-12-07,Client-146: M/s Yash Fashion House,Nylon Woven (Label-501),480,25.53,12254.4
2661,INV-0334,2025-09-01,Client-003: M/s Vinod Traders,Jacquard Brocade (Label-315),232,160.39,37210.48
2662,INV-2987,2025-02-19,Client-048: M/s Bhavesh Traders,Embroidered Mirror Work (Label-422),51,203.13,10359.63
2663,INV-2366,2024-09-03,Client-055: M/s Balaji Collections,Kutch Embroidery Border (Label-407),82,244.62,20058.84
2664,INV-1605,2024-12-29,Client-025: M/s Ruchita Exports,Metallic Zari (Label-306),157,157.03,24653.71
2665,INV-1119,2025-05-14,Client-010: M/s Pallavi Designs,Silk Printed (Label-112),136,88.53,12040.08
2666,INV-1944,2023-11-10,Client-046: M/s Bhikhabhai Textiles,Organza Sheer (Label-210),719,50.41,36244.79
2667,INV-2998,2025-05-20,Client-029: M/s Hitesh Boutique,Jacquard Brocade (Label-315),157,159.37,25021.09
2668,INV-2377,2024-04-25,Client-149: Shri Alpesh Saree Centre,Silver Tissue (Label-312),162,186.15,30156.3
2669,INV-3346,2025-10-26,Client-128: M/s Balaji Event Planners,Multicolor Taffeta (Label-308),28,90.43,2532.04
2670,INV-1343,2023-01-25,Client-132: M/s Shanta Creations,Organza Sheer (Label-210),96,59.02,5665.92
2671,INV-0321,2026-04-11,Client-107: M/s Ramniklal Event Planners,Polyester Grosgrain (Label-408),204,29.78,6075.12
2672,INV-1620,2023-03-29,Client-015: M/s Savita Decorators,Nylon Woven (Label-501),99,29.12,2882.88
2673,INV-3236,2026-03-26,Client-055: M/s Balaji Collections,Kutch Embroidery Border (Label-407),263,221.77,58325.51
2674,INV-2061,2025-09-06,Client-022: Shri Champa Traders,Satin 2-Inch (Label-102),781,46.97,36683.57
2675,INV-2220,2024-05-19,Client-062: M/s Deepak Creations,Satin 2-Inch (Label-102),566,46.88,26534.08
2676,INV-1674,2023-07-08,Client-142: M/s Vandana Boutique,Chanderi Block Print (Label-221),154,129.45,19935.3
2677,INV-1943,2025-08-27,Client-140: M/s Brijesh Weavers,Velvet Roll (Label-405),106,108.92,11545.52
2678,INV-0261,2025-08-23,Client-016: M/s Padma Garments,Organza Sheer (Label-210),411,55.21,22691.31
2679,INV-3114,2026-01-26,Client-140: M/s Brijesh Weavers,Chiffon Pleated (Label-119),739,78.26,57834.14
2680,INV-2040,2024-11-26,Client-063: Smt. Padma Saree Centre,Satin 2-Inch (Label-102),116,47.1,5463.6
2681,INV-0690,2024-03-30,Client-010: M/s Pallavi Designs,Chiffon Pleated (Label-119),23,81.46,1873.58
2682,INV-0902,2025-04-26,Client-063: Smt. Padma Saree Centre,Silver Tissue (Label-312),204,181.7,37066.8
2683,INV-2307,2024-06-23,Client-139: M/s Gopal Fashion House,Kutch Embroidery Border (Label-407),40,251.75,10070.0
2684,INV-2027,2025-10-27,Client-147: M/s Jagdish Silk House,Embroidered Mirror Work (Label-422),374,228.71,85537.54
2685,INV-0139,2023-11-09,Client-122: M/s Bhikhabhai Enterprises,Satin 1-Inch (Label-101),35,32.14,1124.9
2686,INV-1918,2024-07-09,Client-096: M/s Kiran Emporium,Kutch Embroidery Border (Label-407),87,236.91,20611.17
2687,INV-1829,2026-06-19,Client-060: Smt. Seema Fabrics,Velvet Roll (Label-405),34,123.71,4206.14
2688,INV-1574,2025-01-08,Client-022: Shri Champa Traders,Banarasi Zari Border (Label-302),157,148.03,23240.71
2689,INV-0320,2025-04-27,Client-057: M/s Drashti Emporium,Organza Sheer (Label-210),92,49.68,4570.56
2690,INV-0654,2025-03-23,Client-003: M/s Vinod Traders,Patola Woven Border (Label-330),667,236.94,158038.98
2691,INV-2138,2025-11-19,Client-087: M/s Mayur Creations,Jacquard Brocade (Label-315),347,166.43,57751.21
2692,INV-3191,2025-07-26,Client-005: M/s Nayna Garments,Gota Patti (Label-204),79,85.58,6760.82
2693,INV-0559,2023-04-09,Client-006: M/s Naresh Exports,Banarasi Zari Border (Label-302),140,150.5,21070.0
2694,INV-2188,2024-08-30,Client-006: M/s Naresh Exports,Raw Silk Ribbon (Label-115),118,109.63,12936.34
2695,INV-0113,2025-03-24,Client-143: M/s Prakash Silk House,Lace Trim Border (Label-217),9,59.67,537.03
2696,INV-0532,2025-03-24,Client-002: M/s Chandrika Fashion House,Gold Zardozi (Label-501),172,307.97,52970.84
2697,INV-0225,2023-10-12,Client-127: M/s Nayna Boutique,Gota Patti (Label-204),9,82.64,743.76
2698,INV-0724,2024-11-16,Client-093: Shri Niraj Boutique,Silver Tissue (Label-312),689,197.24,135898.36
2699,INV-3213,2024-04-09,Client-023: M/s Navin Embroidery Works,Gold Zardozi (Label-501),22,271.6,5975.2
2700,INV-3927,2025-08-17,Client-048: M/s Bhavesh Traders,Nylon Woven (Label-501),34,30.77,1046.18
2701,INV-2374,2025-02-02,Client-107: M/s Ramniklal Event Planners,Chanderi Block Print (Label-221),40,122.1,4884.0
2702,INV-3084,2025-01-07,Client-135: M/s Anjali Emporium,Nylon Woven (Label-501),110,27.09,2979.9
2703,INV-4000,2023-02-05,Client-080: Shri Nayna Weavers,Organza Sheer (Label-210),224,49.95,11188.8
2704,INV-1459,2026-01-27,Client-034: M/s Mansukhbhai Event Planners,Metallic Zari (Label-306),239,168.07,40168.73
2705,INV-2763,2024-03-24,Client-061: M/s Poonam Enterprises,Gold Zardozi (Label-501),49,306.85,15035.65
2706,INV-0847,2026-04-23,Client-052: Smt. Anita Saree Centre,Multicolor Taffeta (Label-308),29,80.79,2342.91
2707,INV-0194,2023-02-08,Client-039: Shri Jignesh Designs,Silver Tissue (Label-312),52,212.17,11032.84
2708,INV-1465,2025-11-21,Client-112: M/s Indira Traders,Organza Sheer (Label-210),619,56.4,34911.6
2709,INV-2622,2026-02-08,Client-088: M/s Pooja Creations,Gota Patti (Label-204),143,84.68,12109.24
2710,INV-0947,2026-05-01,Client-056: M/s Shyamlal Textiles,Raw Silk Ribbon (Label-115),83,113.04,9382.32
2711,INV-2022,2026-07-20,Client-082: M/s Dhaval Event Planners,Gold Zardozi (Label-501),167,282.0,47094.0
2712,INV-2552,2025-10-31,Client-101: Smt. Manju Garments,Gold Zardozi (Label-501),99,307.64,30456.36
2713,INV-1630,2025-07-13,Client-135: M/s Anjali Emporium,Silk Printed (Label-112),37,98.22,3634.14
2714,INV-0118,2023-04-03,Client-078: M/s Prital Exports,Satin 2-Inch (Label-102),129,46.16,5954.64
2715,INV-0646,2024-10-09,Client-044: Shri Meena Silk House,Gota Patti (Label-204),53,81.82,4336.46
2716,INV-1871,2023-06-11,Client-057: M/s Drashti Emporium,Satin 1-Inch (Label-101),86,33.79,2905.94
2717,INV-0004,2023-04-01,Client-001: M/s Geeta Textiles,Gold Zardozi (Label-501),559,303.83,169840.97
2718,INV-0075,2025-03-31,Client-141: Shri Brijesh Event Planners,Banarasi Zari Border (Label-302),3,143.69,431.07
2719,INV-1756,2025-11-12,Client-014: Shri Usha Fabrics,Silk Printed (Label-112),331,95.31,31547.61
2720,INV-0468,2025-03-06,Client-007: M/s Hasmukh Collections,Metallic Zari (Label-306),21,163.11,3425.31
2721,INV-0006,2023-09-13,Client-077: Shri Deepak Fashion House,Gold Zardozi (Label-501),67,269.32,18044.44
2722,INV-0920,2025-02-26,Client-048: M/s Bhavesh Traders,Embroidered Mirror Work (Label-422),93,214.39,19938.27
2723,INV-2596,2026-03-11,Client-027: M/s Rajendra Creations,Chanderi Block Print (Label-221),133,143.43,19076.19
2724,INV-0229,2025-11-25,Client-142: M/s Vandana Boutique,Chanderi Block Print (Label-221),332,137.37,45606.84
2725,INV-1064,2023-08-31,Client-037: M/s Vinod Fashion House,Nylon Woven (Label-501),259,26.92,6972.28
2726,INV-2591,2026-01-23,Client-142: M/s Vandana Boutique,Patola Woven Border (Label-330),143,239.88,34302.84
2727,INV-0243,2024-01-24,Client-128: M/s Balaji Event Planners,Gold Zardozi (Label-501),250,278.14,69535.0
2728,INV-3405,2025-05-25,Client-032: Shri Lakshmi Event Planners,Banarasi Zari Border (Label-302),44,137.2,6036.8
2729,INV-1161,2023-11-06,Client-113: Smt. Kantilal Exports,Banarasi Zari Border (Label-302),469,135.98,63774.62
2730,INV-3089,2023-10-10,Client-085: M/s Nayna Industries,Metallic Zari (Label-306),44,145.7,6410.8
2731,INV-3338,2024-02-24,Client-058: Smt. Deepika Fashion House,Chanderi Block Print (Label-221),63,136.03,8569.89
2732,INV-3240,2026-03-16,Client-111: Shri Rekha Textiles,Raw Silk Ribbon (Label-115),211,107.88,22762.68
2733,INV-2564,2024-05-17,Client-006: M/s Naresh Exports,Velvet Roll (Label-405),186,111.12,20668.32
2734,INV-2672,2025-08-20,Client-054: Smt. Subhash Creations,Nylon Woven (Label-501),156,27.5,4290.0
2735,INV-1527,2023-07-31,Client-129: M/s Padma Industries,Raw Silk Ribbon (Label-115),307,102.99,31617.93
2736,INV-1606,2023-07-26,Client-039: Shri Jignesh Designs,Gota Patti (Label-204),86,86.48,7437.28
2737,INV-3710,2024-07-15,Client-039: Shri Jignesh Designs,Patola Woven Border (Label-330),146,267.65,39076.9
2738,INV-3970,2023-06-07,Client-052: Smt. Anita Saree Centre,Cotton Herringbone (Label-203),29,42.63,1236.27
2739,INV-2710,2024-08-25,Client-138: Smt. Natubhai Weavers,Embroidered Mirror Work (Label-422),190,228.51,43416.9
2740,INV-3559,2024-05-04,Client-106: Smt. Kamlesh Designs,Gota Patti (Label-204),49,84.09,4120.41
2741,INV-3979,2025-10-07,Client-045: M/s Akash Saree Centre,Cotton Herringbone (Label-203),302,41.75,12608.5
2742,INV-1990,2023-08-26,Client-116: Shri Alka Industries,Gold Zardozi (Label-501),6,272.88,1637.28
2743,INV-3509,2024-03-14,Client-026: Smt. Vivek Fabrics,Velvet Roll (Label-405),332,120.81,40108.92
2744,INV-2363,2025-03-15,Client-074: M/s Amrut Fashion House,Multicolor Taffeta (Label-308),207,79.71,16499.97
2745,INV-1976,2026-02-11,Client-096: M/s Kiran Emporium,Gota Patti (Label-204),124,84.61,10491.64
2746,INV-1762,2026-06-17,Client-038: M/s Natubhai Creations,Chanderi Block Print (Label-221),59,122.08,7202.72
2747,INV-1306,2025-07-18,Client-050: Smt. Balaji Boutique,Velvet Roll (Label-405),35,110.46,3866.1
2748,INV-2740,2024-06-28,Client-141: Shri Brijesh Event Planners,Chiffon Pleated (Label-119),189,76.09,14381.01
2749,INV-1542,2024-06-01,Client-144: M/s Pooja Fashion House,Lace Trim Border (Label-217),9,70.13,631.17
2750,INV-3463,2024-10-14,Client-102: M/s Sita Industries,Gota Patti (Label-204),55,89.18,4904.9
2751,INV-2473,2023-02-19,Client-145: M/s Rahul Decorators,Nylon Woven (Label-501),242,28.81,6972.02
2752,INV-2643,2025-05-10,Client-041: M/s Varsha Handloom,Silk Printed (Label-112),41,86.89,3562.49
2753,INV-2796,2025-10-08,Client-010: M/s Pallavi Designs,Chanderi Block Print (Label-221),75,135.87,10190.25
2754,INV-0623,2026-06-26,Client-011: M/s Kavya Industries,Patola Woven Border (Label-330),197,269.28,53048.16
2755,INV-3064,2023-09-16,Client-094: M/s Dilip Weavers,Satin 2-Inch (Label-102),3,53.31,159.93
2756,INV-1494,2025-03-08,Client-137: M/s Vandana Traders,Silver Tissue (Label-312),667,198.69,132526.23
2757,INV-0111,2023-12-03,Client-124: M/s Bhavesh Exports,Polyester Grosgrain (Label-408),122,33.58,4096.76
2758,INV-2276,2024-12-31,Client-039: Shri Jignesh Designs,Silk Printed (Label-112),181,91.34,16532.54
2759,INV-3002,2026-02-15,Client-060: Smt. Seema Fabrics,Gold Zardozi (Label-501),275,270.16,74294.0
2760,INV-1170,2025-09-09,Client-069: Smt. Mohan Designs,Raw Silk Ribbon (Label-115),27,113.48,3063.96
2761,INV-3258,2025-02-17,Client-053: M/s Malti Enterprises,Banarasi Zari Border (Label-302),154,150.65,23200.1
2762,INV-0233,2023-09-14,Client-137: M/s Vandana Traders,Satin 1-Inch (Label-101),203,35.02,7109.06
2763,INV-0067,2023-10-19,Client-043: Smt. Manju Weavers,Polyester Grosgrain (Label-408),82,32.61,2674.02
2764,INV-3603,2025-04-02,Client-136: M/s Anjali Decorators,Embroidered Mirror Work (Label-422),523,189.18,98941.14
2765,INV-2073,2024-01-29,Client-044: Shri Meena Silk House,Jacquard Brocade (Label-315),87,178.85,15559.95
2766,INV-2193,2024-05-20,Client-149: Shri Alpesh Saree Centre,Organza Sheer (Label-210),419,50.56,21184.64
2767,INV-0537,2025-10-15,Client-067: M/s Bhavik Traders,Embroidered Mirror Work (Label-422),12,205.99,2471.88
2768,INV-2860,2024-03-14,Client-084: M/s Kantilal Embroidery Works,Organza Sheer (Label-210),160,55.88,8940.8
2769,INV-0126,2026-02-09,Client-056: M/s Shyamlal Textiles,Nylon Woven (Label-501),16,27.04,432.64
2770,INV-1255,2025-10-26,Client-031: M/s Paresh Garments,Patola Woven Border (Label-330),643,271.81,174773.83
2771,INV-3292,2024-07-28,Client-087: M/s Mayur Creations,Jacquard Brocade (Label-315),320,173.2,55424.0
2772,INV-1977,2025-08-22,Client-101: Smt. Manju Garments,Silk Printed (Label-112),59,102.84,6067.56
2773,INV-3259,2023-01-17,Client-090: Shri Prital Handloom,Velvet Roll (Label-405),372,111.88,41619.36
2774,INV-3078,2025-08-17,Client-143: M/s Prakash Silk House,Kutch Embroidery Border (Label-407),40,216.81,8672.4
2775,INV-2076,2024-10-07,Client-109: M/s Padma Silk House,Kutch Embroidery Border (Label-407),55,225.1,12380.5
2776,INV-0485,2023-06-09,Client-082: M/s Dhaval Event Planners,Jacquard Brocade (Label-315),648,179.77,116490.96
2777,INV-1655,2025-03-16,Client-148: M/s Navin Fabrics,Embroidered Mirror Work (Label-422),852,194.41,165637.32
2778,INV-3852,2026-07-10,Client-115: M/s Vijay Fashion House,Raw Silk Ribbon (Label-115),111,107.99,11986.89
2779,INV-3308,2026-01-14,Client-113: Smt. Kantilal Exports,Organza Sheer (Label-210),504,58.17,29317.68
2780,INV-3035,2024-04-26,Client-075: Smt. Seema Exports,Metallic Zari (Label-306),23,164.8,3790.4
2781,INV-3618,2026-07-21,Client-065: Shri Arvind Emporium,Satin 2-Inch (Label-102),6,49.9,299.4
2782,INV-1775,2023-11-22,Client-028: Shri Tarun Industries,Satin 2-Inch (Label-102),29,54.34,1575.86
2783,INV-2411,2024-03-19,Client-025: M/s Ruchita Exports,Gota Patti (Label-204),58,88.13,5111.54
2784,INV-3584,2025-05-06,Client-100: Smt. Kavita Saree Centre,Lace Trim Border (Label-217),9,70.61,635.49
2785,INV-0919,2025-05-21,Client-117: Smt. Narottam Emporium,Gold Zardozi (Label-501),56,275.75,15442.0
2786,INV-1647,2026-01-20,Client-114: M/s Padma Enterprises,Gold Zardozi (Label-501),128,284.55,36422.4
2787,INV-1027,2025-06-21,Client-048: M/s Bhavesh Traders,Silk Printed (Label-112),317,96.19,30492.23
2788,INV-1031,2025-11-05,Client-076: Smt. Ashok Designs,Satin 2-Inch (Label-102),1086,53.96,58600.56
2789,INV-0883,2025-10-21,Client-088: M/s Pooja Creations,Satin 2-Inch (Label-102),56,52.32,2929.92
2790,INV-1336,2025-11-15,Client-110: M/s Anita Embroidery Works,Multicolor Taffeta (Label-308),91,87.43,7956.13
2791,INV-2747,2025-03-11,Client-100: Smt. Kavita Saree Centre,Satin 1-Inch (Label-101),315,38.49,12124.35
2792,INV-2943,2026-04-24,Client-043: Smt. Manju Weavers,Raw Silk Ribbon (Label-115),713,113.75,81103.75
2793,INV-2714,2023-04-24,Client-053: M/s Malti Enterprises,Lace Trim Border (Label-217),47,63.58,2988.26
2794,INV-0365,2023-08-12,Client-091: M/s Bharat Silk House,Jacquard Brocade (Label-315),132,180.14,23778.48
2795,INV-0028,2025-04-08,Client-120: M/s Usha Enterprises,Organza Sheer (Label-210),141,60.29,8500.89
2796,INV-0474,2026-02-27,Client-127: M/s Nayna Boutique,Silver Tissue (Label-312),69,187.55,12940.95
2797,INV-0526,2023-07-05,Client-099: M/s Sushila Garments,Banarasi Zari Border (Label-302),222,135.22,30018.84
2798,INV-0726,2026-05-25,Client-148: M/s Navin Fabrics,Chanderi Block Print (Label-221),80,139.03,11122.4
2799,INV-0056,2026-07-30,Client-126: M/s Mukesh Garments,Velvet Roll (Label-405),275,128.95,35461.25
2800,INV-0639,2023-06-24,Client-089: M/s Naresh Fashion House,Silk Printed (Label-112),27,93.34,2520.18
2801,INV-0303,2023-02-02,Client-018: Smt. Foram Fabrics,Velvet Roll (Label-405),238,122.25,29095.5
2802,INV-2767,2025-11-11,Client-025: M/s Ruchita Exports,Embroidered Mirror Work (Label-422),90,200.57,18051.3
2803,INV-3469,2024-02-28,Client-088: M/s Pooja Creations,Gold Zardozi (Label-501),115,279.79,32175.85
2804,INV-3504,2026-02-02,Client-016: M/s Padma Garments,Raw Silk Ribbon (Label-115),77,109.62,8440.74
2805,INV-0625,2025-02-06,Client-131: M/s Geeta Fabrics,Multicolor Taffeta (Label-308),125,87.77,10971.25
2806,INV-2056,2026-03-06,Client-063: Smt. Padma Saree Centre,Cotton Herringbone (Label-203),125,44.5,5562.5
2807,INV-1281,2025-02-09,Client-092: M/s Pushpa Silk House,Chiffon Pleated (Label-119),175,70.16,12278.0
2808,INV-2852,2026-04-13,Client-078: M/s Prital Exports,Nylon Woven (Label-501),270,28.3,7641.0
2809,INV-0337,2026-01-17,Client-009: M/s Narottam Weavers,Jacquard Brocade (Label-315),88,190.01,16720.88
2810,INV-0048,2025-09-27,Client-062: M/s Deepak Creations,Satin 2-Inch (Label-102),320,51.46,16467.2
2811,INV-2879,2024-03-14,Client-147: M/s Jagdish Silk House,Silk Printed (Label-112),62,93.7,5809.4
2812,INV-0107,2024-12-22,Client-049: Shri Ketan Industries,Raw Silk Ribbon (Label-115),74,104.51,7733.74
2813,INV-2398,2024-01-21,Client-130: M/s Jignesh Creations,Velvet Roll (Label-405),342,119.88,40998.96
2814,INV-1080,2025-10-03,Client-102: M/s Sita Industries,Multicolor Taffeta (Label-308),227,88.4,20066.8
2815,INV-2287,2023-06-20,Client-127: M/s Nayna Boutique,Gota Patti (Label-204),15,87.07,1306.05
2816,INV-2262,2025-01-23,Client-111: Shri Rekha Textiles,Polyester Grosgrain (Label-408),43,29.72,1277.96
2817,INV-1145,2025-01-23,Client-146: M/s Yash Fashion House,Velvet Roll (Label-405),22,108.34,2383.48
2818,INV-3162,2023-03-25,Client-101: Smt. Manju Garments,Organza Sheer (Label-210),21,50.43,1059.03
2819,INV-2842,2025-08-06,Client-137: M/s Vandana Traders,Jacquard Brocade (Label-315),58,184.34,10691.72
2820,INV-1837,2023-03-05,Client-012: M/s Nayna Event Planners,Polyester Grosgrain (Label-408),13,34.75,451.75
2821,INV-1754,2024-07-07,Client-028: Shri Tarun Industries,Metallic Zari (Label-306),188,163.02,30647.76
2822,INV-1102,2025-05-15,Client-108: M/s Shyam Event Planners,Cotton Herringbone (Label-203),61,37.97,2316.17
2823,INV-1969,2025-09-15,Client-077: Shri Deepak Fashion House,Banarasi Zari Border (Label-302),14,158.65,2221.1
2824,INV-3009,2023-05-30,Client-091: M/s Bharat Silk House,Gota Patti (Label-204),25,87.64,2191.0
2825,INV-3651,2023-11-28,Client-086: M/s Neha Fashion House,Cotton Herringbone (Label-203),407,44.27,18017.89
2826,INV-0524,2023-03-04,Client-126: M/s Mukesh Garments,Raw Silk Ribbon (Label-115),30,108.81,3264.3
2827,INV-2281,2025-06-30,Client-011: M/s Kavya Industries,Organza Sheer (Label-210),30,59.18,1775.4
2828,INV-2693,2023-09-08,Client-057: M/s Drashti Emporium,Organza Sheer (Label-210),166,58.37,9689.42
2829,INV-2886,2023-05-16,Client-001: M/s Geeta Textiles,Silk Printed (Label-112),529,99.1,52423.9
2830,INV-1429,2025-05-29,Client-088: M/s Pooja Creations,Metallic Zari (Label-306),171,170.14,29093.94
2831,INV-2582,2024-11-28,Client-009: M/s Narottam Weavers,Chanderi Block Print (Label-221),1655,130.06,215249.3
2832,INV-3468,2023-03-29,Client-016: M/s Padma Garments,Organza Sheer (Label-210),246,52.79,12986.34
2833,INV-0604,2026-04-08,Client-107: M/s Ramniklal Event Planners,Patola Woven Border (Label-330),50,262.39,13119.5
2834,INV-1490,2024-07-13,Client-058: Smt. Deepika Fashion House,Cotton Herringbone (Label-203),70,37.88,2651.6
2835,INV-3110,2024-03-29,Client-087: M/s Mayur Creations,Raw Silk Ribbon (Label-115),80,112.57,9005.6
2836,INV-3231,2024-08-10,Client-059: M/s Sita Fabrics,Kutch Embroidery Border (Label-407),23,245.1,5637.3
2837,INV-0061,2024-08-31,Client-110: M/s Anita Embroidery Works,Polyester Grosgrain (Label-408),50,32.44,1622.0
2838,INV-3659,2024-04-23,Client-086: M/s Neha Fashion House,Lace Trim Border (Label-217),1053,68.61,72246.33
2839,INV-0672,2024-01-08,Client-131: M/s Geeta Fabrics,Cotton Herringbone (Label-203),75,39.21,2940.75
2840,INV-0093,2024-11-24,Client-102: M/s Sita Industries,Chanderi Block Print (Label-221),287,123.67,35493.29
2841,INV-0667,2023-03-30,Client-042: M/s Pooja Traders,Organza Sheer (Label-210),1974,56.42,111373.08
2842,INV-1888,2025-06-24,Client-067: M/s Bhavik Traders,Banarasi Zari Border (Label-302),40,138.28,5531.2
2843,INV-0281,2024-01-31,Client-104: M/s Nirmala Designs,Embroidered Mirror Work (Label-422),114,210.64,24012.96
2844,INV-1720,2024-12-12,Client-074: M/s Amrut Fashion House,Gota Patti (Label-204),65,78.1,5076.5
2845,INV-3016,2023-12-19,Client-066: Smt. Krunal Embroidery Works,Patola Woven Border (Label-330),9,272.78,2455.02
2846,INV-0360,2025-08-03,Client-054: Smt. Subhash Creations,Multicolor Taffeta (Label-308),74,93.24,6899.76
2847,INV-0900,2024-12-14,Client-033: M/s Vivek Fabrics,Gold Zardozi (Label-501),50,257.76,12888.0
2848,INV-1936,2023-09-04,Client-112: M/s Indira Traders,Chanderi Block Print (Label-221),367,130.9,48040.3
2849,INV-1995,2023-04-13,Client-095: M/s Shardaben Handloom,Cotton Herringbone (Label-203),126,41.38,5213.88
2850,INV-3946,2024-09-03,Client-008: M/s Natubhai Exports,Multicolor Taffeta (Label-308),71,79.26,5627.46
2851,INV-2896,2023-11-21,Client-002: M/s Chandrika Fashion House,Nylon Woven (Label-501),23,29.13,669.99
2852,INV-0761,2023-04-17,Client-056: M/s Shyamlal Textiles,Velvet Roll (Label-405),112,113.66,12729.92
2853,INV-2159,2023-03-25,Client-066: Smt. Krunal Embroidery Works,Velvet Roll (Label-405),92,123.05,11320.6
2854,INV-3488,2025-10-11,Client-001: M/s Geeta Textiles,Kutch Embroidery Border (Label-407),179,214.99,38483.21
2855,INV-0043,2026-01-07,Client-120: M/s Usha Enterprises,Embroidered Mirror Work (Label-422),78,223.68,17447.04
2856,INV-2174,2024-05-24,Client-013: M/s Gopal Exports,Metallic Zari (Label-306),15,158.66,2379.9
2857,INV-0205,2023-03-17,Client-012: M/s Nayna Event Planners,Silk Printed (Label-112),176,102.33,18010.08
2858,INV-1474,2023-09-12,Client-054: Smt. Subhash Creations,Patola Woven Border (Label-330),47,269.88,12684.36
2859,INV-2101,2024-02-15,Client-148: M/s Navin Fabrics,Lace Trim Border (Label-217),4,70.11,280.44
2860,INV-2594,2023-03-29,Client-093: Shri Niraj Boutique,Chiffon Pleated (Label-119),3,75.63,226.89
2861,INV-0069,2025-10-21,Client-113: Smt. Kantilal Exports,Satin 1-Inch (Label-101),138,35.69,4925.22
2862,INV-1876,2024-03-26,Client-068: M/s Madhuri Fabrics,Satin 2-Inch (Label-102),100,46.51,4651.0
2863,INV-2833,2025-05-21,Client-047: M/s Harish Creations,Patola Woven Border (Label-330),183,230.02,42093.66
2864,INV-3728,2026-04-12,Client-093: Shri Niraj Boutique,Polyester Grosgrain (Label-408),75,34.71,2603.25
2865,INV-2232,2024-03-29,Client-019: M/s Sunil Collections,Silk Printed (Label-112),92,94.91,8731.72
2866,INV-0138,2025-05-01,Client-081: M/s Mahesh Traders,Embroidered Mirror Work (Label-422),578,202.13,116831.14
2867,INV-2948,2026-02-06,Client-086: M/s Neha Fashion House,Chiffon Pleated (Label-119),45,72.81,3276.45
2868,INV-0797,2026-03-26,Client-015: M/s Savita Decorators,Metallic Zari (Label-306),18,155.13,2792.34
2869,INV-2181,2024-09-27,Client-144: M/s Pooja Fashion House,Polyester Grosgrain (Label-408),13,33.64,437.32
2870,INV-2129,2023-10-20,Client-022: Shri Champa Traders,Velvet Roll (Label-405),313,125.21,39190.73
2871,INV-0759,2025-03-07,Client-080: Shri Nayna Weavers,Metallic Zari (Label-306),167,149.08,24896.36
2872,INV-0542,2023-07-02,Client-058: Smt. Deepika Fashion House,Polyester Grosgrain (Label-408),12,31.49,377.88
2873,INV-1020,2023-02-13,Client-017: M/s Rahul Creations,Gota Patti (Label-204),273,91.32,24930.36
2874,INV-3031,2023-12-26,Client-005: M/s Nayna Garments,Satin 1-Inch (Label-101),12,36.34,436.08
2875,INV-0166,2026-07-25,Client-083: M/s Vandana Exports,Chanderi Block Print (Label-221),33,130.04,4291.32
2876,INV-0249,2026-01-31,Client-031: M/s Paresh Garments,Organza Sheer (Label-210),60,60.23,3613.8
2877,INV-1332,2024-07-03,Client-150: M/s Kantilal Event Planners,Chanderi Block Print (Label-221),87,122.49,10656.63
2878,INV-2018,2025-02-07,Client-034: M/s Mansukhbhai Event Planners,Chiffon Pleated (Label-119),253,76.61,19382.33
2879,INV-0447,2023-10-19,Client-024: M/s Chirag Industries,Banarasi Zari Border (Label-302),11,157.22,1729.42
2880,INV-2483,2023-12-10,Client-051: M/s Brijesh Saree Centre,Raw Silk Ribbon (Label-115),67,114.68,7683.56
2881,INV-2907,2025-07-16,Client-014: Shri Usha Fabrics,Multicolor Taffeta (Label-308),23,91.74,2110.02
2882,INV-1359,2025-08-30,Client-148: M/s Navin Fabrics,Polyester Grosgrain (Label-408),43,32.56,1400.08
2883,INV-2846,2025-11-12,Client-117: Smt. Narottam Emporium,Chiffon Pleated (Label-119),136,80.99,11014.64
2884,INV-2146,2025-12-27,Client-059: M/s Sita Fabrics,Gold Zardozi (Label-501),74,261.34,19339.16
2885,INV-1330,2023-12-09,Client-131: M/s Geeta Fabrics,Lace Trim Border (Label-217),331,64.98,21508.38
2886,INV-3974,2023-01-08,Client-114: M/s Padma Enterprises,Organza Sheer (Label-210),16,51.71,827.36
2887,INV-2786,2023-03-19,Client-009: M/s Narottam Weavers,Raw Silk Ribbon (Label-115),175,114.22,19988.5
2888,INV-3876,2026-01-19,Client-072: M/s Arun Fashion House,Chanderi Block Print (Label-221),32,147.75,4728.0
2889,INV-2151,2024-09-30,Client-018: Smt. Foram Fabrics,Banarasi Zari Border (Label-302),68,152.4,10363.2
2890,INV-0435,2025-01-07,Client-146: M/s Yash Fashion House,Jacquard Brocade (Label-315),205,170.37,34925.85
2891,INV-2123,2026-05-10,Client-044: Shri Meena Silk House,Jacquard Brocade (Label-315),52,161.0,8372.0
2892,INV-0578,2026-03-26,Client-058: Smt. Deepika Fashion House,Patola Woven Border (Label-330),7,268.66,1880.62
2893,INV-2901,2023-08-06,Client-065: Shri Arvind Emporium,Multicolor Taffeta (Label-308),68,86.84,5905.12
2894,INV-3167,2023-12-12,Client-112: M/s Indira Traders,Velvet Roll (Label-405),316,110.12,34797.92
2895,INV-2967,2023-01-06,Client-119: M/s Bhikhabhai Emporium,Silver Tissue (Label-312),220,181.17,39857.4
2896,INV-3822,2024-09-23,Client-091: M/s Bharat Silk House,Nylon Woven (Label-501),87,29.11,2532.57
2897,INV-3650,2024-09-09,Client-084: M/s Kantilal Embroidery Works,Multicolor Taffeta (Label-308),15,91.02,1365.3
2898,INV-2449,2024-08-19,Client-053: M/s Malti Enterprises,Raw Silk Ribbon (Label-115),305,116.38,35495.9
2899,INV-1849,2025-04-16,Client-038: M/s Natubhai Creations,Kutch Embroidery Border (Label-407),37,229.73,8500.01
2900,INV-0763,2023-01-19,Client-149: Shri Alpesh Saree Centre,Satin 2-Inch (Label-102),43,51.88,2230.84
2901,INV-3038,2026-04-20,Client-026: Smt. Vivek Fabrics,Banarasi Zari Border (Label-302),185,130.61,24162.85
2902,INV-0389,2025-07-25,Client-127: M/s Nayna Boutique,Silver Tissue (Label-312),7,195.42,1367.94
2903,INV-0236,2025-05-03,Client-008: M/s Natubhai Exports,Satin 2-Inch (Label-102),95,53.89,5119.55
2904,INV-3466,2024-10-07,Client-063: Smt. Padma Saree Centre,Embroidered Mirror Work (Label-422),46,190.78,8775.88
2905,INV-1985,2024-09-29,Client-124: M/s Bhavesh Exports,Banarasi Zari Border (Label-302),409,138.07,56470.63
2906,INV-0268,2023-06-11,Client-114: M/s Padma Enterprises,Chanderi Block Print (Label-221),26,128.42,3338.92
2907,INV-0771,2024-08-28,Client-139: M/s Gopal Fashion House,Lace Trim Border (Label-217),162,64.4,10432.8
2908,INV-2166,2025-09-26,Client-145: M/s Rahul Decorators,Chiffon Pleated (Label-119),92,76.6,7047.2
2909,INV-0438,2023-03-14,Client-108: M/s Shyam Event Planners,Nylon Woven (Label-501),10,27.0,270.0
2910,INV-0674,2023-02-03,Client-130: M/s Jignesh Creations,Patola Woven Border (Label-330),46,245.99,11315.54
2911,INV-0250,2024-11-25,Client-094: M/s Dilip Weavers,Organza Sheer (Label-210),50,51.69,2584.5
2912,INV-2202,2026-01-10,Client-081: M/s Mahesh Traders,Gota Patti (Label-204),19,93.01,1767.19
2913,INV-1575,2025-12-22,Client-047: M/s Harish Creations,Patola Woven Border (Label-330),27,246.26,6649.02
2914,INV-2143,2023-06-19,Client-130: M/s Jignesh Creations,Jacquard Brocade (Label-315),60,171.41,10284.6
2915,INV-2082,2026-04-29,Client-012: M/s Nayna Event Planners,Patola Woven Border (Label-330),89,244.5,21760.5
2916,INV-3482,2024-09-05,Client-068: M/s Madhuri Fabrics,Banarasi Zari Border (Label-302),157,158.78,24928.46
2917,INV-3416,2023-10-08,Client-090: Shri Prital Handloom,Silk Printed (Label-112),938,87.43,82009.34
2918,INV-3810,2026-04-01,Client-145: M/s Rahul Decorators,Jacquard Brocade (Label-315),500,179.96,89980.0
2919,INV-0449,2023-07-15,Client-101: Smt. Manju Garments,Satin 1-Inch (Label-101),142,35.64,5060.88
2920,INV-1470,2026-03-18,Client-025: M/s Ruchita Exports,Kutch Embroidery Border (Label-407),111,215.33,23901.63
2921,INV-0717,2024-12-03,Client-128: M/s Balaji Event Planners,Embroidered Mirror Work (Label-422),38,197.84,7517.92
2922,INV-3177,2025-02-04,Client-069: Smt. Mohan Designs,Lace Trim Border (Label-217),98,69.73,6833.54
2923,INV-3478,2025-02-13,Client-088: M/s Pooja Creations,Nylon Woven (Label-501),121,26.85,3248.85
2924,INV-2049,2025-10-23,Client-096: M/s Kiran Emporium,Chiffon Pleated (Label-119),243,80.48,19556.64
2925,INV-1902,2024-07-15,Client-026: Smt. Vivek Fabrics,Cotton Herringbone (Label-203),54,45.94,2480.76
2926,INV-3311,2024-06-05,Client-038: M/s Natubhai Creations,Nylon Woven (Label-501),30,27.92,837.6
2927,INV-1169,2023-08-06,Client-040: M/s Drashti Fashion House,Gota Patti (Label-204),32,77.88,2492.16
2928,INV-0083,2025-09-15,Client-063: Smt. Padma Saree Centre,Multicolor Taffeta (Label-308),138,88.9,12268.2
2929,INV-3207,2026-06-28,Client-040: M/s Drashti Fashion House,Gold Zardozi (Label-501),443,295.43,130875.49
2930,INV-3045,2023-01-31,Client-144: M/s Pooja Fashion House,Silk Printed (Label-112),134,93.67,12551.78
2931,INV-1461,2025-06-23,Client-075: Smt. Seema Exports,Organza Sheer (Label-210),44,51.81,2279.64
2932,INV-2819,2023-08-12,Client-023: M/s Navin Embroidery Works,Banarasi Zari Border (Label-302),66,153.01,10098.66
2933,INV-1894,2024-08-17,Client-096: M/s Kiran Emporium,Metallic Zari (Label-306),238,157.23,37420.74
2934,INV-1669,2026-03-07,Client-009: M/s Narottam Weavers,Velvet Roll (Label-405),1069,131.42,140487.98
2935,INV-2757,2025-02-26,Client-042: M/s Pooja Traders,Kutch Embroidery Border (Label-407),7,239.17,1674.19
2936,INV-2001,2025-02-02,Client-026: Smt. Vivek Fabrics,Chiffon Pleated (Label-119),71,75.19,5338.49
2937,INV-0476,2024-02-17,Client-088: M/s Pooja Creations,Jacquard Brocade (Label-315),188,189.66,35656.08
2938,INV-0518,2025-06-26,Client-083: M/s Vandana Exports,Cotton Herringbone (Label-203),31,43.92,1361.52
2939,INV-3586,2025-06-24,Client-105: M/s Anjali Collections,Silver Tissue (Label-312),542,192.74,104465.08
2940,INV-0405,2026-03-05,Client-088: M/s Pooja Creations,Patola Woven Border (Label-330),78,263.11,20522.58
2941,INV-0385,2025-07-12,Client-092: M/s Pushpa Silk House,Gota Patti (Label-204),1246,84.74,105586.04
2942,INV-3219,2026-07-14,Client-068: M/s Madhuri Fabrics,Silver Tissue (Label-312),28,209.02,5852.56
2943,INV-2153,2025-03-11,Client-064: Smt. Nayna Exports,Lace Trim Border (Label-217),4,59.42,237.68
2944,INV-1634,2023-01-21,Client-051: M/s Brijesh Saree Centre,Satin 1-Inch (Label-101),34,36.56,1243.04
2945,INV-3812,2023-08-19,Client-099: M/s Sushila Garments,Velvet Roll (Label-405),44,112.12,4933.28
2946,INV-0689,2023-07-06,Client-121: M/s Harish Traders,Raw Silk Ribbon (Label-115),35,108.58,3800.3
2947,INV-3232,2025-01-18,Client-081: M/s Mahesh Traders,Cotton Herringbone (Label-203),60,44.44,2666.4
2948,INV-2875,2025-07-31,Client-036: M/s Rahul Enterprises,Banarasi Zari Border (Label-302),29,133.84,3881.36
2949,INV-1241,2025-07-26,Client-132: M/s Shanta Creations,Gold Zardozi (Label-501),130,258.61,33619.3
2950,INV-0063,2023-11-18,Client-142: M/s Vandana Boutique,Satin 1-Inch (Label-101),23,32.6,749.8
2951,INV-3661,2026-03-29,Client-022: Shri Champa Traders,Metallic Zari (Label-306),230,163.08,37508.4
2952,INV-3283,2024-01-11,Client-105: M/s Anjali Collections,Jacquard Brocade (Label-315),19,190.15,3612.85
2953,INV-1263,2024-06-12,Client-031: M/s Paresh Garments,Banarasi Zari Border (Label-302),26,136.37,3545.62
2954,INV-0224,2026-07-30,Client-093: Shri Niraj Boutique,Gold Zardozi (Label-501),1447,264.56,245046.77659999995
2955,INV-2194,2025-11-05,Client-138: Smt. Natubhai Weavers,Metallic Zari (Label-306),175,147.35,25786.25
2956,INV-0374,2024-11-08,Client-119: M/s Bhikhabhai Emporium,Nylon Woven (Label-501),91,29.67,2699.97
2957,INV-1825,2023-02-05,Client-120: M/s Usha Enterprises,Banarasi Zari Border (Label-302),201,158.51,31860.51
2958,INV-3365,2024-11-19,Client-139: M/s Gopal Fashion House,Chiffon Pleated (Label-119),58,70.16,4069.28
2959,INV-3825,2025-11-10,Client-031: M/s Paresh Garments,Lace Trim Border (Label-217),33,69.87,2305.71
2960,INV-3453,2026-04-04,Client-068: M/s Madhuri Fabrics,Metallic Zari (Label-306),113,169.95,19204.35
2961,INV-3572,2023-04-24,Client-105: M/s Anjali Collections,Gota Patti (Label-204),149,77.41,11534.09
2962,INV-2872,2023-01-11,Client-121: M/s Harish Traders,Satin 1-Inch (Label-101),281,32.97,9264.57
2963,INV-0010,2024-10-21,Client-114: M/s Padma Enterprises,Patola Woven Border (Label-330),172,235.69,40538.68
2964,INV-1945,2023-09-02,Client-016: M/s Padma Garments,Metallic Zari (Label-306),1309,147.12,192580.08
2965,INV-1839,2025-11-06,Client-089: M/s Naresh Fashion House,Silk Printed (Label-112),165,92.7,15295.5
2966,INV-0709,2026-06-20,Client-028: Shri Tarun Industries,Velvet Roll (Label-405),183,130.08,23804.64
2967,INV-2931,2023-04-15,Client-139: M/s Gopal Fashion House,Jacquard Brocade (Label-315),47,161.2,7576.4
2968,INV-1618,2025-04-01,Client-034: M/s Mansukhbhai Event Planners,Multicolor Taffeta (Label-308),57,85.65,4882.05
2969,INV-0390,2024-07-02,Client-094: M/s Dilip Weavers,Silver Tissue (Label-312),47,207.58,9756.26
2970,INV-1582,2024-05-18,Client-141: Shri Brijesh Event Planners,Satin 2-Inch (Label-102),33,50.39,1662.87
2971,INV-2957,2025-12-15,Client-148: M/s Navin Fabrics,Satin 1-Inch (Label-101),138,34.47,4756.86
2972,INV-0925,2025-08-25,Client-020: M/s Jagdish Fabrics,Patola Woven Border (Label-330),220,256.68,56469.6
2973,INV-3692,2023-06-09,Client-077: Shri Deepak Fashion House,Nylon Woven (Label-501),67,28.67,1920.89
2974,INV-3138,2025-08-07,Client-121: M/s Harish Traders,Jacquard Brocade (Label-315),106,182.14,19306.84
2975,INV-2509,2026-03-05,Client-040: M/s Drashti Fashion House,Chiffon Pleated (Label-119),17,72.45,1231.65
2976,INV-2037,2023-05-03,Client-102: M/s Sita Industries,Banarasi Zari Border (Label-302),34,141.04,4795.36
2977,INV-3182,2024-03-03,Client-033: M/s Vivek Fabrics,Satin 1-Inch (Label-101),541,32.74,17712.34
2978,INV-1225,2026-02-07,Client-081: M/s Mahesh Traders,Lace Trim Border (Label-217),94,58.6,5508.4
2979,INV-3007,2024-02-27,Client-076: Smt. Ashok Designs,Chanderi Block Print (Label-221),43,138.82,5969.26
2980,INV-2550,2026-06-13,Client-001: M/s Geeta Textiles,Velvet Roll (Label-405),77,119.59,9208.43
2981,INV-1947,2024-10-10,Client-044: Shri Meena Silk House,Kutch Embroidery Border (Label-407),164,240.22,39396.08
2982,INV-0740,2026-01-09,Client-117: Smt. Narottam Emporium,Chanderi Block Print (Label-221),72,141.72,10203.84
2983,INV-0041,2023-08-05,Client-093: Shri Niraj Boutique,Chanderi Block Print (Label-221),218,145.57,31734.26
2984,INV-0869,2025-04-27,Client-090: Shri Prital Handloom,Silver Tissue (Label-312),46,206.94,9519.24
2985,INV-2780,2023-11-23,Client-101: Smt. Manju Garments,Patola Woven Border (Label-330),135,268.67,36270.45
2986,INV-0540,2023-12-15,Client-143: M/s Prakash Silk House,Jacquard Brocade (Label-315),30,167.78,5033.4
2987,INV-3331,2026-05-23,Client-095: M/s Shardaben Handloom,Kutch Embroidery Border (Label-407),6,240.36,1442.16
2988,INV-2724,2023-02-06,Client-013: M/s Gopal Exports,Gold Zardozi (Label-501),216,272.62,58885.92
2989,INV-1372,2024-05-11,Client-113: Smt. Kantilal Exports,Organza Sheer (Label-210),17,54.68,929.56
2990,INV-1146,2025-07-18,Client-127: M/s Nayna Boutique,Velvet Roll (Label-405),129,113.39,14627.31
2991,INV-1032,2026-03-20,Client-145: M/s Rahul Decorators,Multicolor Taffeta (Label-308),39,85.16,3321.24
2992,INV-0373,2024-12-03,Client-043: Smt. Manju Weavers,Nylon Woven (Label-501),117,28.09,3286.53
2993,INV-0668,2026-03-18,Client-043: Smt. Manju Weavers,Cotton Herringbone (Label-203),96,45.55,4372.8
2994,INV-3020,2026-01-04,Client-129: M/s Padma Industries,Gold Zardozi (Label-501),268,289.02,77457.36
2995,INV-0358,2024-07-28,Client-101: Smt. Manju Garments,Lace Trim Border (Label-217),528,59.98,31669.44
2996,INV-0968,2026-01-03,Client-149: Shri Alpesh Saree Centre,Nylon Woven (Label-501),67,30.38,2035.46
2997,INV-2832,2023-01-12,Client-124: M/s Bhavesh Exports,Banarasi Zari Border (Label-302),111,145.63,16164.93
2998,INV-2784,2023-03-22,Client-137: M/s Vandana Traders,Patola Woven Border (Label-330),156,238.43,37195.08
2999,INV-1354,2023-03-07,Client-126: M/s Mukesh Garments,Gota Patti (Label-204),388,79.67,30911.96
3000,INV-1036,2024-07-23,Client-022: Shri Champa Traders,Silver Tissue (Label-312),50,208.63,10431.5
3001,INV-3019,2023-02-01,Client-083: M/s Vandana Exports,Nylon Woven (Label-501),977,28.8,28137.6
3002,INV-0471,2023-04-25,Client-057: M/s Drashti Emporium,Kutch Embroidery Border (Label-407),38,245.94,9345.72
3003,INV-3554,2026-04-22,Client-057: M/s Drashti Emporium,Nylon Woven (Label-501),371,27.63,10250.73
3004,INV-1397,2024-01-11,Client-002: M/s Chandrika Fashion House,Satin 1-Inch (Label-101),73,37.59,2744.07
3005,INV-3975,2023-04-14,Client-016: M/s Padma Garments,Kutch Embroidery Border (Label-407),181,247.48,44793.88
3006,INV-1550,2024-07-03,Client-044: Shri Meena Silk House,Nylon Woven (Label-501),181,25.46,4608.26
3007,INV-1257,2026-04-01,Client-137: M/s Vandana Traders,Raw Silk Ribbon (Label-115),46,106.05,4878.3
3008,INV-2095,2023-06-29,Client-120: M/s Usha Enterprises,Raw Silk Ribbon (Label-115),249,113.3,28211.7
3009,INV-1556,2023-12-28,Client-005: M/s Nayna Garments,Silver Tissue (Label-312),573,201.14,115253.22
3010,INV-3439,2026-04-28,Client-017: M/s Rahul Creations,Polyester Grosgrain (Label-408),253,30.24,7650.72
3011,INV-1251,2026-07-01,Client-060: Smt. Seema Fabrics,Chiffon Pleated (Label-119),17,72.58,1233.86
3012,INV-1700,2024-10-15,Client-150: M/s Kantilal Event Planners,Embroidered Mirror Work (Label-422),173,215.75,37324.75
3013,INV-1253,2024-09-24,Client-032: Shri Lakshmi Event Planners,Chanderi Block Print (Label-221),1989,136.6,245046.77659999995
3014,INV-3681,2025-03-25,Client-084: M/s Kantilal Embroidery Works,Cotton Herringbone (Label-203),95,38.31,3639.45
3015,INV-3705,2025-04-02,Client-124: M/s Bhavesh Exports,Multicolor Taffeta (Label-308),23,84.64,1946.72
3016,INV-2934,2026-06-13,Client-130: M/s Jignesh Creations,Kutch Embroidery Border (Label-407),142,227.63,32323.46
3017,INV-0080,2024-05-05,Client-080: Shri Nayna Weavers,Silver Tissue (Label-312),100,176.03,17603.0
3018,INV-1173,2023-05-25,Client-098: M/s Bhavna Garments,Satin 1-Inch (Label-101),18,34.29,617.22
3019,INV-0815,2026-06-19,Client-120: M/s Usha Enterprises,Chanderi Block Print (Label-221),93,147.02,13672.86
3020,INV-1853,2025-12-20,Client-109: M/s Padma Silk House,Lace Trim Border (Label-217),98,60.16,5895.68
3021,INV-2221,2025-01-03,Client-123: M/s Alka Collections,Patola Woven Border (Label-330),16,260.38,4166.08
3022,INV-2720,2024-06-24,Client-011: M/s Kavya Industries,Velvet Roll (Label-405),65,113.81,7397.65
3023,INV-3495,2025-06-26,Client-092: M/s Pushpa Silk House,Gold Zardozi (Label-501),605,264.46,159998.3
3024,INV-2106,2025-06-19,Client-097: M/s Deepika Designs,Gota Patti (Label-204),396,84.05,33283.8
3025,INV-0134,2026-05-30,Client-033: M/s Vivek Fabrics,Cotton Herringbone (Label-203),97,43.04,4174.88
3026,INV-1141,2023-10-01,Client-084: M/s Kantilal Embroidery Works,Polyester Grosgrain (Label-408),374,30.07,11246.18
3027,INV-0934,2025-09-20,Client-136: M/s Anjali Decorators,Banarasi Zari Border (Label-302),186,140.44,26121.84
3028,INV-0929,2026-02-28,Client-122: M/s Bhikhabhai Enterprises,Kutch Embroidery Border (Label-407),117,214.78,25129.26
3029,INV-0824,2026-06-08,Client-059: M/s Sita Fabrics,Embroidered Mirror Work (Label-422),406,199.1,80834.6
3030,INV-1532,2024-09-15,Client-094: M/s Dilip Weavers,Cotton Herringbone (Label-203),89,45.72,4069.08
3031,INV-1215,2024-02-25,Client-041: M/s Varsha Handloom,Polyester Grosgrain (Label-408),152,33.33,5066.16
3032,INV-0505,2025-10-25,Client-133: Smt. Manisha Designs,Kutch Embroidery Border (Label-407),559,238.17,133137.03
3033,INV-3952,2025-05-30,Client-004: Smt. Narottam Fabrics,Banarasi Zari Border (Label-302),171,137.61,23531.31
3034,INV-2396,2025-03-15,Client-090: Shri Prital Handloom,Embroidered Mirror Work (Label-422),17,217.89,3704.13
3035,INV-1997,2024-09-01,Client-029: M/s Hitesh Boutique,Lace Trim Border (Label-217),168,68.01,11425.68
3036,INV-2435,2023-02-26,Client-096: M/s Kiran Emporium,Chiffon Pleated (Label-119),37,74.25,2747.25
3037,INV-3073,2024-10-07,Client-021: M/s Yash Emporium,Banarasi Zari Border (Label-302),113,152.07,17183.91
3038,INV-1959,2025-07-09,Client-044: Shri Meena Silk House,Banarasi Zari Border (Label-302),29,158.04,4583.16
3039,INV-1385,2024-03-23,Client-128: M/s Balaji Event Planners,Velvet Roll (Label-405),15,125.1,1876.5
3040,INV-0895,2024-02-10,Client-137: M/s Vandana Traders,Satin 1-Inch (Label-101),117,38.32,4483.44
3041,INV-0829,2024-10-12,Client-038: M/s Natubhai Creations,Gota Patti (Label-204),113,89.51,10114.63
3042,INV-3940,2024-12-01,Client-100: Smt. Kavita Saree Centre,Banarasi Zari Border (Label-302),15,157.03,2355.45
3043,INV-2524,2023-05-16,Client-015: M/s Savita Decorators,Embroidered Mirror Work (Label-422),92,206.05,18956.6
3044,INV-1684,2026-03-08,Client-060: Smt. Seema Fabrics,Silver Tissue (Label-312),58,178.08,10328.64
3045,INV-3423,2024-11-02,Client-022: Shri Champa Traders,Multicolor Taffeta (Label-308),513,80.37,41229.81
3046,INV-3686,2025-05-31,Client-116: Shri Alka Industries,Chiffon Pleated (Label-119),14,77.19,1080.66
3047,INV-3335,2023-11-12,Client-045: M/s Akash Saree Centre,Raw Silk Ribbon (Label-115),60,114.9,6894.0
3048,INV-0653,2026-04-22,Client-075: Smt. Seema Exports,Organza Sheer (Label-210),60,54.61,3276.6
3049,INV-0173,2024-05-22,Client-113: Smt. Kantilal Exports,Gold Zardozi (Label-501),30,281.27,8438.1
3050,INV-3198,2024-03-31,Client-119: M/s Bhikhabhai Emporium,Multicolor Taffeta (Label-308),30,81.52,2445.6
3051,INV-0039,2026-05-14,Client-145: M/s Rahul Decorators,Banarasi Zari Border (Label-302),18,140.57,2530.26
3052,INV-3815,2025-05-12,Client-068: M/s Madhuri Fabrics,Cotton Herringbone (Label-203),52,40.06,2083.12
3053,INV-0714,2023-12-24,Client-031: M/s Paresh Garments,Gold Zardozi (Label-501),72,277.76,19998.72
3054,INV-0091,2023-07-25,Client-113: Smt. Kantilal Exports,Velvet Roll (Label-405),166,120.62,20022.92
3055,INV-3936,2024-05-29,Client-001: M/s Geeta Textiles,Satin 1-Inch (Label-101),16,34.46,551.36
3056,INV-1206,2026-06-27,Client-023: M/s Navin Embroidery Works,Patola Woven Border (Label-330),27,249.14,6726.78
3057,INV-2924,2024-02-11,Client-113: Smt. Kantilal Exports,Patola Woven Border (Label-330),71,231.01,16401.71
3058,INV-3280,2026-03-20,Client-018: Smt. Foram Fabrics,Cotton Herringbone (Label-203),7,43.73,306.11
3059,INV-3435,2024-01-07,Client-079: M/s Savita Weavers,Embroidered Mirror Work (Label-422),339,202.72,68722.08
3060,INV-3142,2024-07-19,Client-080: Shri Nayna Weavers,Banarasi Zari Border (Label-302),148,149.56,22134.88
3061,INV-1828,2024-07-19,Client-127: M/s Nayna Boutique,Organza Sheer (Label-210),61,52.0,3172.0
3062,INV-1156,2026-04-03,Client-044: Shri Meena Silk House,Gold Zardozi (Label-501),375,279.6,104850.0
3063,INV-1325,2023-05-14,Client-034: M/s Mansukhbhai Event Planners,Silk Printed (Label-112),36,89.14,3209.04
3064,INV-0217,2026-05-24,Client-116: Shri Alka Industries,Lace Trim Border (Label-217),196,63.34,12414.64
3065,INV-0511,2023-08-19,Client-038: M/s Natubhai Creations,Kutch Embroidery Border (Label-407),273,234.04,63892.92
3066,INV-1681,2025-12-22,Client-008: M/s Natubhai Exports,Velvet Roll (Label-405),180,112.32,20217.6
3067,INV-0500,2025-01-26,Client-012: M/s Nayna Event Planners,Cotton Herringbone (Label-203),259,41.49,10745.91
3068,INV-3287,2024-10-04,Client-037: M/s Vinod Fashion House,Kutch Embroidery Border (Label-407),112,246.58,27616.96
3069,INV-1389,2026-04-13,Client-131: M/s Geeta Fabrics,Chanderi Block Print (Label-221),103,141.53,14577.59
3070,INV-1520,2024-06-28,Client-126: M/s Mukesh Garments,Silver Tissue (Label-312),1938,194.83,245046.77659999995
3071,INV-2387,2024-12-12,Client-038: M/s Natubhai Creations,Patola Woven Border (Label-330),204,262.58,53566.32
3072,INV-3622,2023-01-31,Client-066: Smt. Krunal Embroidery Works,Patola Woven Border (Label-330),118,268.41,31672.38
3073,INV-2077,2025-04-07,Client-105: M/s Anjali Collections,Lace Trim Border (Label-217),47,66.9,3144.3
3074,INV-1541,2024-02-18,Client-040: M/s Drashti Fashion House,Banarasi Zari Border (Label-302),38,134.21,5099.98
3075,INV-1218,2023-01-14,Client-122: M/s Bhikhabhai Enterprises,Metallic Zari (Label-306),117,153.18,17922.06
3076,INV-2682,2023-09-25,Client-136: M/s Anjali Decorators,Embroidered Mirror Work (Label-422),69,197.98,13660.62
3077,INV-3819,2023-11-16,Client-118: M/s Pravin Textiles,Lace Trim Border (Label-217),101,61.73,6234.73
3078,INV-2994,2025-03-06,Client-002: M/s Chandrika Fashion House,Silver Tissue (Label-312),71,176.09,12502.39
3079,INV-1417,2023-12-06,Client-065: Shri Arvind Emporium,Polyester Grosgrain (Label-408),156,32.0,4992.0
3080,INV-2218,2025-10-16,Client-040: M/s Drashti Fashion House,Raw Silk Ribbon (Label-115),467,119.24,55685.08
3081,INV-3892,2025-03-10,Client-147: M/s Jagdish Silk House,Metallic Zari (Label-306),371,167.33,62079.43
3082,INV-1677,2023-12-06,Client-125: Shri Padma Saree Centre,Embroidered Mirror Work (Label-422),71,226.08,16051.68
3083,INV-1198,2025-06-03,Client-127: M/s Nayna Boutique,Kutch Embroidery Border (Label-407),27,234.41,6329.07
3084,INV-1543,2023-08-29,Client-018: Smt. Foram Fabrics,Satin 2-Inch (Label-102),81,49.19,3984.39
3085,INV-2961,2023-03-31,Client-083: M/s Vandana Exports,Silver Tissue (Label-312),827,195.43,161620.61
3086,INV-2540,2023-08-30,Client-115: M/s Vijay Fashion House,Organza Sheer (Label-210),24,51.14,1227.36
3087,INV-0954,2025-10-04,Client-139: M/s Gopal Fashion House,Embroidered Mirror Work (Label-422),26,198.17,5152.42
3088,INV-3146,2025-09-24,Client-055: M/s Balaji Collections,Organza Sheer (Label-210),181,59.67,10800.27
3089,INV-3081,2023-10-17,Client-052: Smt. Anita Saree Centre,Polyester Grosgrain (Label-408),96,33.99,3263.04
3090,INV-2636,2026-03-24,Client-110: M/s Anita Embroidery Works,Lace Trim Border (Label-217),6,70.65,423.9
3091,INV-0751,2023-11-08,Client-137: M/s Vandana Traders,Gota Patti (Label-204),122,79.66,9718.52
3092,INV-2706,2023-08-11,Client-058: Smt. Deepika Fashion House,Nylon Woven (Label-501),17,27.42,466.14
3093,INV-0235,2023-06-16,Client-148: M/s Navin Fabrics,Cotton Herringbone (Label-203),116,43.27,5019.32
3094,INV-0733,2023-02-17,Client-061: M/s Poonam Enterprises,Patola Woven Border (Label-330),58,237.58,13779.64
3095,INV-3989,2025-12-31,Client-072: M/s Arun Fashion House,Satin 1-Inch (Label-101),59,32.99,1946.41
3096,INV-3607,2023-01-28,Client-122: M/s Bhikhabhai Enterprises,Velvet Roll (Label-405),13,113.78,1479.14
3097,INV-1157,2025-08-16,Client-082: M/s Dhaval Event Planners,Gold Zardozi (Label-501),20,276.24,5524.8
3098,INV-3450,2023-10-21,Client-150: M/s Kantilal Event Planners,Multicolor Taffeta (Label-308),55,92.07,5063.85
3099,INV-2446,2024-11-17,Client-106: Smt. Kamlesh Designs,Cotton Herringbone (Label-203),569,40.02,22771.38
3100,INV-2983,2025-06-11,Client-004: Smt. Narottam Fabrics,Polyester Grosgrain (Label-408),68,30.81,2095.08
3101,INV-1210,2023-08-22,Client-031: M/s Paresh Garments,Silver Tissue (Label-312),102,184.24,18792.48
3102,INV-1066,2025-06-02,Client-028: Shri Tarun Industries,Banarasi Zari Border (Label-302),13,153.5,1995.5
3103,INV-2157,2025-08-22,Client-113: Smt. Kantilal Exports,Polyester Grosgrain (Label-408),87,34.06,2963.22
3104,INV-1063,2023-10-12,Client-134: M/s Rakesh Weavers,Metallic Zari (Label-306),73,149.51,10914.23
3105,INV-2617,2024-07-02,Client-134: M/s Rakesh Weavers,Cotton Herringbone (Label-203),521,43.6,22715.6
3106,INV-1168,2024-08-05,Client-032: Shri Lakshmi Event Planners,Chiffon Pleated (Label-119),609,73.1,44517.9
3107,INV-3223,2023-11-12,Client-145: M/s Rahul Decorators,Organza Sheer (Label-210),27,57.39,1549.53
3108,INV-1493,2024-07-31,Client-026: Smt. Vivek Fabrics,Banarasi Zari Border (Label-302),182,135.45,24651.9
3109,INV-2996,2023-06-12,Client-092: M/s Pushpa Silk House,Multicolor Taffeta (Label-308),382,95.58,36511.56
3110,INV-3097,2023-02-18,Client-095: M/s Shardaben Handloom,Nylon Woven (Label-501),17,26.96,458.32
3111,INV-3281,2024-01-23,Client-084: M/s Kantilal Embroidery Works,Chiffon Pleated (Label-119),24,73.32,1759.68
3112,INV-3543,2023-01-20,Client-043: Smt. Manju Weavers,Silk Printed (Label-112),13,99.63,1295.19
3113,INV-3141,2023-11-13,Client-149: Shri Alpesh Saree Centre,Satin 2-Inch (Label-102),80,53.99,4319.2
3114,INV-0885,2023-03-16,Client-134: M/s Rakesh Weavers,Velvet Roll (Label-405),134,108.1,14485.4
3115,INV-0144,2024-12-18,Client-095: M/s Shardaben Handloom,Velvet Roll (Label-405),432,126.3,54561.6
3116,INV-3922,2025-08-15,Client-082: M/s Dhaval Event Planners,Multicolor Taffeta (Label-308),183,81.37,14890.71
3117,INV-0851,2023-11-04,Client-038: M/s Natubhai Creations,Jacquard Brocade (Label-315),119,184.42,21945.98
3118,INV-2783,2026-03-14,Client-146: M/s Yash Fashion House,Chiffon Pleated (Label-119),148,82.03,12140.44
3119,INV-0718,2025-02-01,Client-103: Shri Vijay Fashion House,Cotton Herringbone (Label-203),16,41.59,665.44
3120,INV-3788,2023-05-23,Client-042: M/s Pooja Traders,Kutch Embroidery Border (Label-407),163,249.82,40720.66
3121,INV-2503,2023-03-24,Client-123: M/s Alka Collections,Satin 1-Inch (Label-101),94,33.97,3193.18
3122,INV-0265,2025-09-28,Client-090: Shri Prital Handloom,Silver Tissue (Label-312),29,211.91,6145.39
3123,INV-2493,2025-04-09,Client-135: M/s Anjali Emporium,Embroidered Mirror Work (Label-422),119,196.01,23325.19
3124,INV-0396,2023-12-11,Client-075: Smt. Seema Exports,Polyester Grosgrain (Label-408),45,32.47,1461.15
3125,INV-3382,2026-06-18,Client-078: M/s Prital Exports,Satin 1-Inch (Label-101),14,36.85,515.9
3126,INV-2225,2026-07-06,Client-112: M/s Indira Traders,Chiffon Pleated (Label-119),13,68.74,893.62
3127,INV-3091,2023-06-13,Client-102: M/s Sita Industries,Jacquard Brocade (Label-315),212,164.71,34918.52
3128,INV-3727,2025-04-08,Client-005: M/s Nayna Garments,Gold Zardozi (Label-501),182,266.9,48575.8
3129,INV-0397,2025-11-19,Client-025: M/s Ruchita Exports,Organza Sheer (Label-210),30,60.09,1802.7
3130,INV-1366,2023-11-20,Client-138: Smt. Natubhai Weavers,Polyester Grosgrain (Label-408),375,33.07,12401.25
3131,INV-3316,2026-07-12,Client-039: Shri Jignesh Designs,Lace Trim Border (Label-217),57,59.85,3411.45
3132,INV-0596,2025-06-05,Client-124: M/s Bhavesh Exports,Gold Zardozi (Label-501),1373,295.74,245046.77659999995
3133,INV-2110,2025-09-28,Client-092: M/s Pushpa Silk House,Metallic Zari (Label-306),61,157.28,9594.08
3134,INV-1297,2026-07-06,Client-065: Shri Arvind Emporium,Nylon Woven (Label-501),106,25.8,2734.8
3135,INV-1822,2024-05-26,Client-076: Smt. Ashok Designs,Metallic Zari (Label-306),9,162.27,1460.43
3136,INV-0873,2025-09-08,Client-010: M/s Pallavi Designs,Chanderi Block Print (Label-221),45,125.17,5632.65
3137,INV-3448,2025-01-29,Client-126: M/s Mukesh Garments,Metallic Zari (Label-306),537,164.32,88239.84
3138,INV-3877,2025-06-29,Client-004: Smt. Narottam Fabrics,Organza Sheer (Label-210),101,53.81,5434.81
3139,INV-2327,2026-07-17,Client-080: Shri Nayna Weavers,Patola Woven Border (Label-330),99,255.92,25336.08
3140,INV-1549,2025-11-16,Client-135: M/s Anjali Emporium,Cotton Herringbone (Label-203),389,40.35,15696.15
3141,INV-0037,2023-02-22,Client-148: M/s Navin Fabrics,Patola Woven Border (Label-330),115,270.4,31096.0
3142,INV-3476,2026-06-10,Client-035: M/s Chandrakant Silk House,Gold Zardozi (Label-501),10,303.02,3030.2
3143,INV-2711,2025-01-21,Client-087: M/s Mayur Creations,Nylon Woven (Label-501),39,27.96,1090.44
3144,INV-3353,2023-08-18,Client-115: M/s Vijay Fashion House,Organza Sheer (Label-210),337,58.58,19741.46
3145,INV-2144,2025-11-12,Client-057: M/s Drashti Emporium,Gota Patti (Label-204),185,79.88,14777.8
3146,INV-3532,2026-01-04,Client-024: M/s Chirag Industries,Jacquard Brocade (Label-315),359,185.69,66662.71
3147,INV-0978,2023-02-02,Client-021: M/s Yash Emporium,Gota Patti (Label-204),194,76.62,14864.28
3148,INV-1572,2025-02-26,Client-029: M/s Hitesh Boutique,Satin 2-Inch (Label-102),52,46.7,2428.4
3149,INV-1123,2023-07-04,Client-036: M/s Rahul Enterprises,Nylon Woven (Label-501),76,25.83,1963.08
3150,INV-2787,2026-01-15,Client-065: Shri Arvind Emporium,Gold Zardozi (Label-501),4,306.27,1225.08
3151,INV-2240,2025-03-20,Client-115: M/s Vijay Fashion House,Organza Sheer (Label-210),158,56.79,8972.82
3152,INV-2968,2025-06-25,Client-133: Smt. Manisha Designs,Velvet Roll (Label-405),71,126.89,9009.19
3153,INV-1893,2025-01-11,Client-041: M/s Varsha Handloom,Silver Tissue (Label-312),76,190.93,14510.68
3154,INV-0676,2025-09-14,Client-139: M/s Gopal Fashion House,Gota Patti (Label-204),46,91.75,4220.5
3155,INV-2809,2025-10-30,Client-101: Smt. Manju Garments,Lace Trim Border (Label-217),86,63.26,5440.36
3156,INV-3069,2025-11-24,Client-068: M/s Madhuri Fabrics,Multicolor Taffeta (Label-308),54,83.43,4505.22
3157,INV-0729,2023-12-10,Client-087: M/s Mayur Creations,Embroidered Mirror Work (Label-422),86,215.51,18533.86
3158,INV-0413,2023-07-02,Client-027: M/s Rajendra Creations,Velvet Roll (Label-405),190,115.52,21948.8
3159,INV-3147,2023-08-13,Client-093: Shri Niraj Boutique,Kutch Embroidery Border (Label-407),77,234.71,18072.67
3160,INV-1517,2025-06-18,Client-091: M/s Bharat Silk House,Embroidered Mirror Work (Label-422),14,189.24,2649.36
3161,INV-1650,2025-08-08,Client-102: M/s Sita Industries,Gota Patti (Label-204),357,92.47,33011.79
3162,INV-0826,2023-10-11,Client-052: Smt. Anita Saree Centre,Organza Sheer (Label-210),71,52.9,3755.9
3163,INV-3268,2023-09-20,Client-123: M/s Alka Collections,Silk Printed (Label-112),213,104.28,22211.64
3164,INV-0617,2026-06-14,Client-078: M/s Prital Exports,Satin 2-Inch (Label-102),147,52.9,7776.3
3165,INV-0115,2026-04-12,Client-096: M/s Kiran Emporium,Velvet Roll (Label-405),96,124.2,11923.2
3166,INV-0418,2023-10-14,Client-022: Shri Champa Traders,Nylon Woven (Label-501),211,28.3,5971.3
3167,INV-3070,2025-05-09,Client-139: M/s Gopal Fashion House,Lace Trim Border (Label-217),359,58.58,21030.22
3168,INV-1626,2023-11-15,Client-038: M/s Natubhai Creations,Chanderi Block Print (Label-221),26,127.26,3308.76
3169,INV-3018,2023-05-16,Client-056: M/s Shyamlal Textiles,Multicolor Taffeta (Label-308),17,91.6,1557.2
3170,INV-2653,2023-06-01,Client-142: M/s Vandana Boutique,Satin 1-Inch (Label-101),70,33.87,2370.9
3171,INV-3917,2023-01-09,Client-059: M/s Sita Fabrics,Patola Woven Border (Label-330),426,261.29,111309.54
3172,INV-0090,2023-11-08,Client-010: M/s Pallavi Designs,Organza Sheer (Label-210),47,55.03,2586.41
3173,INV-2897,2023-03-08,Client-032: Shri Lakshmi Event Planners,Gota Patti (Label-204),117,86.97,10175.49
3174,INV-3481,2024-10-24,Client-053: M/s Malti Enterprises,Metallic Zari (Label-306),337,161.13,54300.81
3175,INV-2083,2025-09-24,Client-097: M/s Deepika Designs,Banarasi Zari Border (Label-302),60,133.44,8006.4
3176,INV-0754,2025-01-30,Client-009: M/s Narottam Weavers,Metallic Zari (Label-306),304,146.57,44557.28
3177,INV-2547,2024-05-28,Client-125: Shri Padma Saree Centre,Metallic Zari (Label-306),173,148.74,25732.02
3178,INV-1631,2023-04-21,Client-110: M/s Anita Embroidery Works,Metallic Zari (Label-306),72,174.83,12587.76
3179,INV-0012,2023-07-11,Client-061: M/s Poonam Enterprises,Patola Woven Border (Label-330),51,240.52,12266.52
3180,INV-2445,2024-10-25,Client-145: M/s Rahul Decorators,Silk Printed (Label-112),240,92.12,22108.8
3181,INV-0285,2023-08-31,Client-041: M/s Varsha Handloom,Chiffon Pleated (Label-119),103,77.79,8012.37
3182,INV-1067,2023-05-02,Client-065: Shri Arvind Emporium,Banarasi Zari Border (Label-302),529,132.42,70050.18
3183,INV-1192,2024-09-11,Client-035: M/s Chandrakant Silk House,Gota Patti (Label-204),102,79.74,8133.48
3184,INV-1441,2023-07-03,Client-008: M/s Natubhai Exports,Jacquard Brocade (Label-315),1209,190.02,229734.18
3185,INV-3982,2025-04-29,Client-066: Smt. Krunal Embroidery Works,Metallic Zari (Label-306),80,147.41,11792.8
3186,INV-3731,2024-01-11,Client-104: M/s Nirmala Designs,Jacquard Brocade (Label-315),256,183.99,47101.44
3187,INV-2739,2023-10-29,Client-092: M/s Pushpa Silk House,Silver Tissue (Label-312),18,201.89,3634.02
3188,INV-3606,2026-04-27,Client-013: M/s Gopal Exports,Satin 1-Inch (Label-101),47,32.13,1510.11
3189,INV-1569,2026-01-18,Client-140: M/s Brijesh Weavers,Velvet Roll (Label-405),87,108.51,9440.37
3190,INV-2428,2023-01-25,Client-069: Smt. Mohan Designs,Kutch Embroidery Border (Label-407),41,231.4,9487.4
3191,INV-2738,2023-08-30,Client-145: M/s Rahul Decorators,Raw Silk Ribbon (Label-115),329,108.55,35712.95
3192,INV-1688,2025-05-12,Client-116: Shri Alka Industries,Jacquard Brocade (Label-315),437,178.55,78026.35
3193,INV-0852,2024-09-22,Client-115: M/s Vijay Fashion House,Polyester Grosgrain (Label-408),578,32.81,18964.18
3194,INV-2208,2025-05-31,Client-128: M/s Balaji Event Planners,Satin 1-Inch (Label-101),107,32.79,3508.53
3195,INV-0896,2025-08-11,Client-024: M/s Chirag Industries,Multicolor Taffeta (Label-308),88,80.91,7120.08
3196,INV-0497,2026-05-14,Client-025: M/s Ruchita Exports,Gota Patti (Label-204),41,80.02,3280.82
3197,INV-2306,2023-05-06,Client-130: M/s Jignesh Creations,Gota Patti (Label-204),50,77.85,3892.5
3198,INV-1783,2023-03-10,Client-002: M/s Chandrika Fashion House,Lace Trim Border (Label-217),41,68.57,2811.37
3199,INV-0336,2026-03-06,Client-012: M/s Nayna Event Planners,Satin 1-Inch (Label-101),191,36.29,6931.39
3200,INV-3088,2024-10-13,Client-098: M/s Bhavna Garments,Chanderi Block Print (Label-221),108,147.66,15947.28
3201,INV-0516,2024-07-04,Client-006: M/s Naresh Exports,Metallic Zari (Label-306),50,170.16,8508.0
3202,INV-1349,2026-01-06,Client-006: M/s Naresh Exports,Kutch Embroidery Border (Label-407),29,243.13,7050.77
3203,INV-1016,2023-05-15,Client-118: M/s Pravin Textiles,Satin 1-Inch (Label-101),194,32.06,6219.64
3204,INV-2817,2025-05-09,Client-135: M/s Anjali Emporium,Velvet Roll (Label-405),49,113.72,5572.28
3205,INV-3745,2025-12-12,Client-091: M/s Bharat Silk House,Gota Patti (Label-204),185,76.75,14198.75
3206,INV-3738,2023-05-17,Client-073: M/s Lakshmi Event Planners,Chanderi Block Print (Label-221),75,122.56,9192.0
3207,INV-2810,2025-09-29,Client-099: M/s Sushila Garments,Silver Tissue (Label-312),155,188.15,29163.25
3208,INV-3295,2023-08-09,Client-003: M/s Vinod Traders,Nylon Woven (Label-501),152,25.32,3848.64
3209,INV-3252,2025-06-10,Client-077: Shri Deepak Fashion House,Kutch Embroidery Border (Label-407),417,227.6,94909.2
3210,INV-3771,2023-06-28,Client-133: Smt. Manisha Designs,Raw Silk Ribbon (Label-115),16,111.57,1785.12
3211,INV-3984,2025-08-25,Client-002: M/s Chandrika Fashion House,Organza Sheer (Label-210),173,58.32,10089.36
3212,INV-1782,2024-01-29,Client-007: M/s Hasmukh Collections,Chanderi Block Print (Label-221),203,147.42,29926.26
3213,INV-2570,2025-12-30,Client-032: Shri Lakshmi Event Planners,Satin 2-Inch (Label-102),29,51.68,1498.72
3214,INV-1786,2023-05-18,Client-097: M/s Deepika Designs,Satin 1-Inch (Label-101),467,35.48,16569.16
3215,INV-2071,2024-03-12,Client-079: M/s Savita Weavers,Metallic Zari (Label-306),144,168.53,24268.32
3216,INV-0357,2024-10-15,Client-126: M/s Mukesh Garments,Kutch Embroidery Border (Label-407),130,242.97,31586.1
3217,INV-3802,2023-08-22,Client-136: M/s Anjali Decorators,Kutch Embroidery Border (Label-407),38,246.73,9375.74
3218,INV-3326,2025-11-05,Client-019: M/s Sunil Collections,Raw Silk Ribbon (Label-115),105,115.85,12164.25
3219,INV-1313,2024-02-15,Client-052: Smt. Anita Saree Centre,Satin 1-Inch (Label-101),1792,33.89,60730.88
3220,INV-1636,2023-10-30,Client-082: M/s Dhaval Event Planners,Velvet Roll (Label-405),28,127.01,3556.28
3221,INV-0551,2025-02-03,Client-083: M/s Vandana Exports,Gold Zardozi (Label-501),245,262.67,64354.15
3222,INV-2389,2024-11-12,Client-120: M/s Usha Enterprises,Multicolor Taffeta (Label-308),385,92.47,35600.95
3223,INV-2480,2025-07-16,Client-037: M/s Vinod Fashion House,Embroidered Mirror Work (Label-422),49,200.7,9834.3
3224,INV-2522,2023-07-21,Client-130: M/s Jignesh Creations,Lace Trim Border (Label-217),56,63.86,3576.16
3225,INV-2266,2025-12-21,Client-056: M/s Shyamlal Textiles,Silk Printed (Label-112),232,96.3,22341.6
3226,INV-2960,2024-03-12,Client-105: M/s Anjali Collections,Gota Patti (Label-204),204,82.31,16791.24
3227,INV-1228,2025-04-08,Client-078: M/s Prital Exports,Satin 1-Inch (Label-101),16,31.76,508.16
3228,INV-3567,2024-01-30,Client-041: M/s Varsha Handloom,Nylon Woven (Label-501),702,27.13,19045.26
3229,INV-3060,2024-11-15,Client-020: M/s Jagdish Fabrics,Multicolor Taffeta (Label-308),16,80.14,1282.24
3230,INV-1774,2026-04-04,Client-104: M/s Nirmala Designs,Satin 1-Inch (Label-101),362,31.81,11515.22
3231,INV-2142,2023-09-16,Client-079: M/s Savita Weavers,Multicolor Taffeta (Label-308),193,86.88,16767.84
3232,INV-1009,2025-01-15,Client-029: M/s Hitesh Boutique,Chiffon Pleated (Label-119),115,72.98,8392.7
3233,INV-3119,2026-07-20,Client-003: M/s Vinod Traders,Satin 1-Inch (Label-101),694,34.95,24255.3
3234,INV-1093,2023-12-29,Client-078: M/s Prital Exports,Jacquard Brocade (Label-315),19,174.7,3319.3
3235,INV-3558,2024-06-16,Client-004: Smt. Narottam Fabrics,Satin 1-Inch (Label-101),95,34.04,3233.8
3236,INV-3357,2024-12-13,Client-042: M/s Pooja Traders,Silver Tissue (Label-312),138,188.63,26030.94
3237,INV-2745,2025-11-08,Client-011: M/s Kavya Industries,Gota Patti (Label-204),307,90.65,27829.55
3238,INV-3789,2023-01-31,Client-149: Shri Alpesh Saree Centre,Kutch Embroidery Border (Label-407),324,215.16,69711.84
3239,INV-0997,2025-12-04,Client-056: M/s Shyamlal Textiles,Kutch Embroidery Border (Label-407),224,228.78,51246.72
3240,INV-1680,2025-11-13,Client-105: M/s Anjali Collections,Polyester Grosgrain (Label-408),2013,32.66,65744.58
3241,INV-3148,2023-01-21,Client-004: Smt. Narottam Fabrics,Organza Sheer (Label-210),180,49.9,8982.0
3242,INV-3708,2023-07-20,Client-047: M/s Harish Creations,Chiffon Pleated (Label-119),230,74.2,17066.0
3243,INV-2909,2025-10-04,Client-103: Shri Vijay Fashion House,Jacquard Brocade (Label-315),146,161.5,23579.0
3244,INV-2838,2023-05-23,Client-045: M/s Akash Saree Centre,Silver Tissue (Label-312),32,207.0,6624.0
3245,INV-0581,2023-11-18,Client-121: M/s Harish Traders,Satin 2-Inch (Label-102),59,53.69,3167.71
3246,INV-1471,2025-06-07,Client-033: M/s Vivek Fabrics,Velvet Roll (Label-405),18,115.81,2084.58
3247,INV-0704,2025-04-24,Client-133: Smt. Manisha Designs,Silver Tissue (Label-312),153,175.88,26909.64
3248,INV-1213,2025-07-25,Client-029: M/s Hitesh Boutique,Velvet Roll (Label-405),132,126.76,16732.32
3249,INV-3344,2024-10-31,Client-138: Smt. Natubhai Weavers,Banarasi Zari Border (Label-302),24,141.79,3402.96
3250,INV-0897,2025-08-11,Client-058: Smt. Deepika Fashion House,Organza Sheer (Label-210),374,58.97,22054.78
3251,INV-3309,2023-10-31,Client-017: M/s Rahul Creations,Jacquard Brocade (Label-315),67,162.94,10916.98
3252,INV-0488,2025-05-09,Client-106: Smt. Kamlesh Designs,Satin 2-Inch (Label-102),130,53.82,6996.6
3253,INV-0560,2025-02-17,Client-065: Shri Arvind Emporium,Satin 2-Inch (Label-102),43,52.02,2236.86
3254,INV-1142,2024-01-08,Client-097: M/s Deepika Designs,Kutch Embroidery Border (Label-407),193,217.33,41944.69
3255,INV-1120,2024-06-13,Client-072: M/s Arun Fashion House,Patola Woven Border (Label-330),298,252.54,75256.92
3256,INV-2850,2024-10-29,Client-040: M/s Drashti Fashion House,Kutch Embroidery Border (Label-407),81,250.94,20326.14
3257,INV-0513,2024-12-05,Client-068: M/s Madhuri Fabrics,Chiffon Pleated (Label-119),16,77.32,1237.12
3258,INV-0634,2025-10-26,Client-078: M/s Prital Exports,Raw Silk Ribbon (Label-115),158,100.9,15942.2
3259,INV-3434,2024-08-07,Client-112: M/s Indira Traders,Jacquard Brocade (Label-315),308,168.56,51916.48
3260,INV-1665,2024-01-05,Client-127: M/s Nayna Boutique,Lace Trim Border (Label-217),60,70.37,4222.2
3261,INV-1013,2025-10-28,Client-071: M/s Kavya Fabrics,Banarasi Zari Border (Label-302),27,132.34,3573.18
3262,INV-1932,2025-08-24,Client-129: M/s Padma Industries,Velvet Roll (Label-405),176,113.78,20025.28
3263,INV-1151,2024-10-24,Client-102: M/s Sita Industries,Patola Woven Border (Label-330),149,235.61,35105.89
3264,INV-2839,2023-10-01,Client-017: M/s Rahul Creations,Organza Sheer (Label-210),179,51.7,9254.3
3265,INV-3740,2024-02-16,Client-046: M/s Bhikhabhai Textiles,Organza Sheer (Label-210),81,51.26,4152.06
3266,INV-0117,2023-05-10,Client-119: M/s Bhikhabhai Emporium,Polyester Grosgrain (Label-408),71,32.96,2340.16
3267,INV-0741,2025-06-09,Client-137: M/s Vandana Traders,Polyester Grosgrain (Label-408),92,34.62,3185.04
3268,INV-3677,2024-08-19,Client-054: Smt. Subhash Creations,Jacquard Brocade (Label-315),263,171.96,45225.48
3269,INV-1975,2023-06-14,Client-053: M/s Malti Enterprises,Embroidered Mirror Work (Label-422),56,192.79,10796.24
3270,INV-1082,2023-12-12,Client-051: M/s Brijesh Saree Centre,Metallic Zari (Label-306),357,150.41,53696.37
3271,INV-1811,2023-10-18,Client-061: M/s Poonam Enterprises,Multicolor Taffeta (Label-308),39,90.64,3534.96
3272,INV-0831,2026-07-28,Client-071: M/s Kavya Fabrics,Organza Sheer (Label-210),15,58.07,871.05
3273,INV-0120,2026-01-11,Client-040: M/s Drashti Fashion House,Embroidered Mirror Work (Label-422),22,216.51,4763.22
3274,INV-0657,2025-09-25,Client-068: M/s Madhuri Fabrics,Lace Trim Border (Label-217),67,61.54,4123.18
3275,INV-3635,2026-01-31,Client-075: Smt. Seema Exports,Chiffon Pleated (Label-119),33,78.19,2580.27
3276,INV-3693,2026-01-15,Client-009: M/s Narottam Weavers,Kutch Embroidery Border (Label-407),219,217.36,47601.84
3277,INV-3906,2025-10-06,Client-083: M/s Vandana Exports,Cotton Herringbone (Label-203),38,44.62,1695.56
3278,INV-0636,2025-03-11,Client-140: M/s Brijesh Weavers,Polyester Grosgrain (Label-408),452,34.94,15792.88
3279,INV-0370,2023-06-25,Client-037: M/s Vinod Fashion House,Lace Trim Border (Label-217),145,62.55,9069.75
3280,INV-0269,2024-02-18,Client-070: M/s Yash Designs,Silver Tissue (Label-312),66,202.65,13374.9
3281,INV-2704,2025-03-13,Client-089: M/s Naresh Fashion House,Organza Sheer (Label-210),28,59.24,1658.72
3282,INV-2984,2025-09-30,Client-088: M/s Pooja Creations,Silver Tissue (Label-312),12,210.31,2523.72
3283,INV-2871,2025-09-05,Client-131: M/s Geeta Fabrics,Silk Printed (Label-112),83,86.58,7186.14
3284,INV-2915,2024-05-07,Client-122: M/s Bhikhabhai Enterprises,Gota Patti (Label-204),41,77.05,3159.05
3285,INV-0047,2024-07-19,Client-133: Smt. Manisha Designs,Silk Printed (Label-112),51,87.13,4443.63
3286,INV-3422,2024-12-10,Client-081: M/s Mahesh Traders,Velvet Roll (Label-405),21,117.75,2472.75
3287,INV-3698,2026-02-09,Client-073: M/s Lakshmi Event Planners,Silk Printed (Label-112),77,97.35,7495.95
3288,INV-0992,2025-07-20,Client-096: M/s Kiran Emporium,Organza Sheer (Label-210),52,54.54,2836.08
3289,INV-0877,2024-12-25,Client-039: Shri Jignesh Designs,Cotton Herringbone (Label-203),192,44.86,8613.12
3290,INV-0774,2024-01-24,Client-128: M/s Balaji Event Planners,Silver Tissue (Label-312),208,181.51,37754.08
3291,INV-1220,2025-12-20,Client-059: M/s Sita Fabrics,Organza Sheer (Label-210),104,58.32,6065.28
3292,INV-1127,2024-07-16,Client-066: Smt. Krunal Embroidery Works,Kutch Embroidery Border (Label-407),25,209.57,5239.25
3293,INV-0005,2024-02-08,Client-018: Smt. Foram Fabrics,Patola Woven Border (Label-330),67,271.04,18159.68
3294,INV-3052,2025-06-02,Client-092: M/s Pushpa Silk House,Multicolor Taffeta (Label-308),18,94.15,1694.7
3295,INV-1596,2023-09-14,Client-103: Shri Vijay Fashion House,Raw Silk Ribbon (Label-115),97,100.23,9722.31
3296,INV-2312,2023-05-04,Client-111: Shri Rekha Textiles,Satin 1-Inch (Label-101),22,36.22,796.84
3297,INV-3041,2023-04-05,Client-100: Smt. Kavita Saree Centre,Embroidered Mirror Work (Label-422),28,200.28,5607.84
3298,INV-3828,2025-08-07,Client-136: M/s Anjali Decorators,Embroidered Mirror Work (Label-422),91,200.92,18283.72
3299,INV-2492,2025-12-11,Client-134: M/s Rakesh Weavers,Lace Trim Border (Label-217),44,68.72,3023.68
3300,INV-3051,2023-02-17,Client-061: M/s Poonam Enterprises,Organza Sheer (Label-210),175,49.75,8706.25
3301,INV-1078,2025-06-28,Client-105: M/s Anjali Collections,Polyester Grosgrain (Label-408),57,35.1,2000.7
3302,INV-0838,2025-07-26,Client-110: M/s Anita Embroidery Works,Chiffon Pleated (Label-119),1420,79.14,112378.8
3303,INV-0682,2024-10-08,Client-028: Shri Tarun Industries,Organza Sheer (Label-210),3,54.19,162.57
3304,INV-1716,2026-05-29,Client-111: Shri Rekha Textiles,Velvet Roll (Label-405),374,124.35,46506.9
3305,INV-2353,2025-03-21,Client-141: Shri Brijesh Event Planners,Satin 1-Inch (Label-101),46,37.2,1711.2
3306,INV-3414,2024-04-01,Client-084: M/s Kantilal Embroidery Works,Jacquard Brocade (Label-315),17,160.87,2734.79
3307,INV-2618,2025-11-23,Client-104: M/s Nirmala Designs,Gota Patti (Label-204),297,77.57,23038.29
3308,INV-2362,2023-11-24,Client-066: Smt. Krunal Embroidery Works,Metallic Zari (Label-306),56,150.26,8414.56
3309,INV-2198,2024-12-12,Client-038: M/s Natubhai Creations,Satin 1-Inch (Label-101),353,36.27,12803.31
3310,INV-3262,2024-11-17,Client-090: Shri Prital Handloom,Polyester Grosgrain (Label-408),559,31.45,17580.55
3311,INV-0575,2025-02-16,Client-008: M/s Natubhai Exports,Patola Woven Border (Label-330),60,269.0,16140.0
3312,INV-0051,2026-02-01,Client-117: Smt. Narottam Emporium,Cotton Herringbone (Label-203),132,40.38,5330.16
3313,INV-0854,2025-10-18,Client-002: M/s Chandrika Fashion House,Raw Silk Ribbon (Label-115),27,118.42,3197.34
3314,INV-1983,2023-06-08,Client-036: M/s Rahul Enterprises,Satin 2-Inch (Label-102),84,46.88,3937.92
3315,INV-2775,2023-03-01,Client-147: M/s Jagdish Silk House,Multicolor Taffeta (Label-308),31,96.09,2978.79
3316,INV-1824,2023-09-12,Client-083: M/s Vandana Exports,Cotton Herringbone (Label-203),74,44.92,3324.08
3317,INV-0834,2025-09-03,Client-121: M/s Harish Traders,Chanderi Block Print (Label-221),99,131.6,13028.4
3318,INV-3426,2024-03-15,Client-037: M/s Vinod Fashion House,Polyester Grosgrain (Label-408),26,31.61,821.86
3319,INV-1116,2023-05-12,Client-106: Smt. Kamlesh Designs,Cotton Herringbone (Label-203),98,44.72,4382.56
3320,INV-1167,2023-06-07,Client-128: M/s Balaji Event Planners,Patola Woven Border (Label-330),15,229.72,3445.8
3321,INV-2519,2023-02-15,Client-070: M/s Yash Designs,Metallic Zari (Label-306),35,174.08,6092.8
3322,INV-1907,2024-09-28,Client-022: Shri Champa Traders,Velvet Roll (Label-405),229,121.46,27814.34
3323,INV-0972,2023-05-11,Client-028: Shri Tarun Industries,Velvet Roll (Label-405),81,119.93,9714.33
3324,INV-2702,2025-08-25,Client-128: M/s Balaji Event Planners,Cotton Herringbone (Label-203),30,43.93,1317.9
3325,INV-0400,2026-07-09,Client-116: Shri Alka Industries,Satin 1-Inch (Label-101),810,35.94,29111.4
3326,INV-2560,2024-07-14,Client-140: M/s Brijesh Weavers,Embroidered Mirror Work (Label-422),61,189.69,11571.09
3327,INV-2369,2024-11-14,Client-100: Smt. Kavita Saree Centre,Metallic Zari (Label-306),262,158.65,41566.3
3328,INV-0020,2026-07-29,Client-134: M/s Rakesh Weavers,Satin 2-Inch (Label-102),16,51.27,820.32
3329,INV-0685,2025-01-28,Client-124: M/s Bhavesh Exports,Cotton Herringbone (Label-203),7,46.1,322.7
3330,INV-0036,2023-12-10,Client-030: M/s Shardaben Fashion House,Jacquard Brocade (Label-315),20,191.27,3825.4
3331,INV-2951,2024-06-26,Client-110: M/s Anita Embroidery Works,Gota Patti (Label-204),221,81.02,17905.42
3332,INV-3994,2024-12-25,Client-097: M/s Deepika Designs,Satin 2-Inch (Label-102),156,47.99,7486.44
3333,INV-2876,2023-07-02,Client-098: M/s Bhavna Garments,Chiffon Pleated (Label-119),587,69.07,40544.09
3334,INV-0525,2025-08-29,Client-090: Shri Prital Handloom,Lace Trim Border (Label-217),45,60.63,2728.35
3335,INV-2456,2024-01-06,Client-014: Shri Usha Fabrics,Banarasi Zari Border (Label-302),316,155.07,49002.12
3336,INV-0921,2024-04-29,Client-069: Smt. Mohan Designs,Embroidered Mirror Work (Label-422),417,227.92,95042.64
3337,INV-1842,2023-09-06,Client-136: M/s Anjali Decorators,Banarasi Zari Border (Label-302),50,148.11,7405.5
3338,INV-0538,2026-04-09,Client-147: M/s Jagdish Silk House,Silk Printed (Label-112),95,92.02,8741.9
3339,INV-2807,2025-03-07,Client-148: M/s Navin Fabrics,Jacquard Brocade (Label-315),121,171.63,20767.23
3340,INV-1706,2026-04-24,Client-132: M/s Shanta Creations,Metallic Zari (Label-306),61,168.34,10268.74
3341,INV-3903,2025-07-31,Client-146: M/s Yash Fashion House,Multicolor Taffeta (Label-308),28,91.45,2560.6
3342,INV-3111,2026-01-22,Client-063: Smt. Padma Saree Centre,Lace Trim Border (Label-217),47,67.42,3168.74
3343,INV-3248,2024-11-16,Client-032: Shri Lakshmi Event Planners,Organza Sheer (Label-210),152,50.0,7600.0
3344,INV-0246,2025-08-21,Client-003: M/s Vinod Traders,Velvet Roll (Label-405),165,118.34,19526.1
3345,INV-3465,2025-12-26,Client-147: M/s Jagdish Silk House,Satin 2-Inch (Label-102),33,48.07,1586.31
3346,INV-3176,2024-05-08,Client-094: M/s Dilip Weavers,Patola Woven Border (Label-330),437,251.45,109883.65
3347,INV-0785,2025-05-24,Client-043: Smt. Manju Weavers,Jacquard Brocade (Label-315),210,176.75,37117.5
3348,INV-1410,2023-09-12,Client-145: M/s Rahul Decorators,Jacquard Brocade (Label-315),43,164.3,7064.9
3349,INV-2538,2025-04-01,Client-061: M/s Poonam Enterprises,Polyester Grosgrain (Label-408),60,33.06,1983.6
3350,INV-0155,2024-06-07,Client-031: M/s Paresh Garments,Gota Patti (Label-204),39,84.96,3313.44
3351,INV-3010,2023-05-18,Client-100: Smt. Kavita Saree Centre,Nylon Woven (Label-501),390,29.83,11633.7
3352,INV-1687,2024-10-17,Client-013: M/s Gopal Exports,Satin 2-Inch (Label-102),110,49.99,5498.9
3353,INV-2902,2026-02-10,Client-031: M/s Paresh Garments,Gold Zardozi (Label-501),370,258.87,95781.9
3354,INV-3360,2026-02-06,Client-107: M/s Ramniklal Event Planners,Raw Silk Ribbon (Label-115),89,102.76,9145.64
3355,INV-0626,2024-01-30,Client-022: Shri Champa Traders,Velvet Roll (Label-405),23,112.02,2576.46
3356,INV-2734,2023-08-30,Client-107: M/s Ramniklal Event Planners,Gota Patti (Label-204),85,87.41,7429.85
3357,INV-3833,2024-12-07,Client-040: M/s Drashti Fashion House,Kutch Embroidery Border (Label-407),46,249.08,11457.68
3358,INV-1347,2023-09-20,Client-003: M/s Vinod Traders,Satin 2-Inch (Label-102),97,53.1,5150.7
3359,INV-3907,2026-04-24,Client-012: M/s Nayna Event Planners,Metallic Zari (Label-306),291,153.15,44566.65
3360,INV-1759,2023-09-05,Client-064: Smt. Nayna Exports,Silk Printed (Label-112),139,87.47,12158.33
3361,INV-1817,2024-06-21,Client-056: M/s Shyamlal Textiles,Gota Patti (Label-204),15,82.3,1234.5
3362,INV-2066,2024-09-05,Client-137: M/s Vandana Traders,Nylon Woven (Label-501),27,27.11,731.97
3363,INV-0128,2023-12-24,Client-007: M/s Hasmukh Collections,Organza Sheer (Label-210),1247,49.66,61926.02
3364,INV-3395,2023-03-26,Client-079: M/s Savita Weavers,Patola Woven Border (Label-330),28,265.74,7440.72
3365,INV-3328,2023-11-24,Client-082: M/s Dhaval Event Planners,Embroidered Mirror Work (Label-422),175,198.79,34788.25
3366,INV-3969,2026-01-24,Client-075: Smt. Seema Exports,Satin 1-Inch (Label-101),667,34.22,22824.74
3367,INV-2007,2025-03-27,Client-073: M/s Lakshmi Event Planners,Cotton Herringbone (Label-203),197,37.84,7454.48
3368,INV-2976,2023-06-10,Client-016: M/s Padma Garments,Nylon Woven (Label-501),255,29.86,7614.3
3369,INV-0981,2023-03-19,Client-128: M/s Balaji Event Planners,Raw Silk Ribbon (Label-115),210,119.91,25181.1
3370,INV-3965,2024-09-14,Client-077: Shri Deepak Fashion House,Jacquard Brocade (Label-315),150,186.43,27964.5
3371,INV-0191,2025-02-04,Client-021: M/s Yash Emporium,Lace Trim Border (Label-217),32,61.42,1965.44
3372,INV-1140,2023-09-24,Client-106: Smt. Kamlesh Designs,Metallic Zari (Label-306),339,158.45,53714.55
3373,INV-0993,2025-01-04,Client-052: Smt. Anita Saree Centre,Metallic Zari (Label-306),9,148.07,1332.63
3374,INV-0700,2026-01-06,Client-148: M/s Navin Fabrics,Cotton Herringbone (Label-203),211,43.63,9205.93
3375,INV-3636,2026-06-12,Client-060: Smt. Seema Fabrics,Polyester Grosgrain (Label-408),25,32.32,808.0
3376,INV-0607,2024-08-09,Client-038: M/s Natubhai Creations,Banarasi Zari Border (Label-302),312,150.53,46965.36
3377,INV-0181,2023-11-14,Client-026: Smt. Vivek Fabrics,Gold Zardozi (Label-501),65,295.17,19186.05
3378,INV-0302,2024-01-22,Client-029: M/s Hitesh Boutique,Banarasi Zari Border (Label-302),130,153.97,20016.1
3379,INV-2545,2025-03-25,Client-083: M/s Vandana Exports,Multicolor Taffeta (Label-308),18,81.54,1467.72
3380,INV-3684,2026-01-12,Client-041: M/s Varsha Handloom,Kutch Embroidery Border (Label-407),33,212.42,7009.86
3381,INV-3699,2024-05-17,Client-042: M/s Pooja Traders,Polyester Grosgrain (Label-408),155,34.24,5307.2
3382,INV-1061,2025-12-12,Client-142: M/s Vandana Boutique,Velvet Roll (Label-405),328,118.02,38710.56
3383,INV-3760,2023-10-08,Client-146: M/s Yash Fashion House,Banarasi Zari Border (Label-302),68,138.65,9428.2
3384,INV-3835,2025-03-29,Client-119: M/s Bhikhabhai Emporium,Satin 2-Inch (Label-102),49,49.51,2425.99
3385,INV-2566,2025-05-23,Client-042: M/s Pooja Traders,Lace Trim Border (Label-217),23,59.77,1374.71
3386,INV-3985,2024-02-17,Client-137: M/s Vandana Traders,Embroidered Mirror Work (Label-422),281,189.71,53308.51
3387,INV-1070,2026-04-02,Client-042: M/s Pooja Traders,Gold Zardozi (Label-501),144,295.72,42583.68
3388,INV-2525,2025-04-28,Client-008: M/s Natubhai Exports,Metallic Zari (Label-306),8,174.0,1392.0
3389,INV-2206,2023-07-12,Client-147: M/s Jagdish Silk House,Patola Woven Border (Label-330),82,244.37,20038.34
3390,INV-1244,2025-12-06,Client-096: M/s Kiran Emporium,Polyester Grosgrain (Label-408),72,35.14,2530.08
3391,INV-3244,2024-11-25,Client-136: M/s Anjali Decorators,Silver Tissue (Label-312),9,199.74,1797.66
3392,INV-0017,2023-10-01,Client-136: M/s Anjali Decorators,Silver Tissue (Label-312),26,198.72,5166.72
3393,INV-3121,2024-06-05,Client-016: M/s Padma Garments,Chanderi Block Print (Label-221),637,126.54,80605.98
3394,INV-3972,2024-07-09,Client-084: M/s Kantilal Embroidery Works,Gold Zardozi (Label-501),61,275.99,16835.39
3395,INV-0547,2024-01-05,Client-125: Shri Padma Saree Centre,Metallic Zari (Label-306),32,164.19,5254.08
3396,INV-0659,2023-04-06,Client-083: M/s Vandana Exports,Velvet Roll (Label-405),3,124.89,374.67
3397,INV-3068,2026-06-05,Client-072: M/s Arun Fashion House,Gota Patti (Label-204),51,77.49,3951.99
3398,INV-3642,2026-02-26,Client-026: Smt. Vivek Fabrics,Metallic Zari (Label-306),19,155.59,2956.21
3399,INV-1505,2024-12-07,Client-136: M/s Anjali Decorators,Patola Woven Border (Label-330),148,255.46,37808.08
3400,INV-0960,2025-09-14,Client-138: Smt. Natubhai Weavers,Lace Trim Border (Label-217),196,62.83,12314.68
3401,INV-2927,2026-03-15,Client-060: Smt. Seema Fabrics,Jacquard Brocade (Label-315),43,184.18,7919.74
3402,INV-2332,2024-11-09,Client-033: M/s Vivek Fabrics,Metallic Zari (Label-306),483,169.01,81631.83
3403,INV-0798,2025-05-03,Client-031: M/s Paresh Garments,Nylon Woven (Label-501),142,29.39,4173.38
3404,INV-3349,2024-08-29,Client-029: M/s Hitesh Boutique,Raw Silk Ribbon (Label-115),135,102.1,13783.5
3405,INV-0226,2025-08-15,Client-142: M/s Vandana Boutique,Organza Sheer (Label-210),205,56.23,11527.15
3406,INV-2075,2024-09-13,Client-079: M/s Savita Weavers,Metallic Zari (Label-306),39,167.25,6522.75
3407,INV-1800,2023-10-10,Client-031: M/s Paresh Garments,Raw Silk Ribbon (Label-115),104,120.62,12544.48
3408,INV-2486,2023-01-18,Client-044: Shri Meena Silk House,Cotton Herringbone (Label-203),29,42.11,1221.19
3409,INV-3948,2025-10-28,Client-035: M/s Chandrakant Silk House,Chanderi Block Print (Label-221),111,129.27,14348.97
3410,INV-3437,2023-08-08,Client-123: M/s Alka Collections,Silk Printed (Label-112),33,91.06,3004.98
3411,INV-2278,2024-08-16,Client-144: M/s Pooja Fashion House,Jacquard Brocade (Label-315),13,189.03,2457.39
3412,INV-2086,2026-03-21,Client-023: M/s Navin Embroidery Works,Multicolor Taffeta (Label-308),31,83.52,2589.12
3413,INV-1694,2025-07-19,Client-032: Shri Lakshmi Event Planners,Lace Trim Border (Label-217),43,70.69,3039.67
3414,INV-2798,2023-04-17,Client-008: M/s Natubhai Exports,Patola Woven Border (Label-330),52,269.74,14026.48
3415,INV-1046,2024-01-16,Client-075: Smt. Seema Exports,Silver Tissue (Label-312),103,194.63,20046.89
3416,INV-3447,2026-06-13,Client-150: M/s Kantilal Event Planners,Lace Trim Border (Label-217),165,64.19,10591.35
3417,INV-0470,2024-04-21,Client-026: Smt. Vivek Fabrics,Nylon Woven (Label-501),93,28.88,2685.84
3418,INV-0955,2025-06-23,Client-027: M/s Rajendra Creations,Banarasi Zari Border (Label-302),210,132.61,27848.1
3419,INV-3968,2025-07-11,Client-140: M/s Brijesh Weavers,Chanderi Block Print (Label-221),77,134.54,10359.58
3420,INV-2736,2026-05-18,Client-063: Smt. Padma Saree Centre,Gold Zardozi (Label-501),134,259.76,34807.84
3421,INV-3842,2024-08-05,Client-145: M/s Rahul Decorators,Satin 1-Inch (Label-101),7,33.02,231.14
3422,INV-0640,2025-11-15,Client-048: M/s Bhavesh Traders,Nylon Woven (Label-501),77,28.65,2206.05
3423,INV-3702,2024-07-05,Client-024: M/s Chirag Industries,Jacquard Brocade (Label-315),27,188.29,5083.83
3424,INV-1219,2024-06-28,Client-107: M/s Ramniklal Event Planners,Lace Trim Border (Label-217),462,66.68,30806.16
3425,INV-1159,2025-01-08,Client-073: M/s Lakshmi Event Planners,Cotton Herringbone (Label-203),208,42.95,8933.6
3426,INV-1416,2025-02-26,Client-021: M/s Yash Emporium,Gold Zardozi (Label-501),36,302.96,10906.56
3427,INV-3611,2024-08-06,Client-120: M/s Usha Enterprises,Gold Zardozi (Label-501),86,270.4,23254.4
3428,INV-1528,2026-04-25,Client-039: Shri Jignesh Designs,Nylon Woven (Label-501),183,25.87,4734.21
3429,INV-3893,2025-05-12,Client-125: Shri Padma Saree Centre,Chiffon Pleated (Label-119),160,82.47,13195.2
3430,INV-1301,2023-09-19,Client-114: M/s Padma Enterprises,Banarasi Zari Border (Label-302),62,139.24,8632.88
3431,INV-3882,2026-05-24,Client-011: M/s Kavya Industries,Raw Silk Ribbon (Label-115),55,102.7,5648.5
3432,INV-2849,2024-03-20,Client-150: M/s Kantilal Event Planners,Jacquard Brocade (Label-315),10,190.98,1909.8
3433,INV-1604,2024-08-01,Client-129: M/s Padma Industries,Silk Printed (Label-112),17,91.47,1554.99
3434,INV-0161,2023-06-11,Client-080: Shri Nayna Weavers,Metallic Zari (Label-306),21,151.09,3172.89
3435,INV-1705,2025-08-16,Client-049: Shri Ketan Industries,Satin 2-Inch (Label-102),625,46.05,28781.25
3436,INV-0957,2023-03-19,Client-069: Smt. Mohan Designs,Organza Sheer (Label-210),45,57.2,2574.0
3437,INV-3235,2024-12-01,Client-070: M/s Yash Designs,Gota Patti (Label-204),21,86.18,1809.78
3438,INV-2870,2026-03-28,Client-090: Shri Prital Handloom,Patola Woven Border (Label-330),401,226.2,90706.2
3439,INV-3881,2025-11-04,Client-111: Shri Rekha Textiles,Satin 2-Inch (Label-102),77,45.43,3498.11
3440,INV-0878,2025-02-07,Client-043: Smt. Manju Weavers,Kutch Embroidery Border (Label-407),114,234.86,26774.04
3441,INV-1920,2024-03-07,Client-035: M/s Chandrakant Silk House,Jacquard Brocade (Label-315),34,175.85,5978.9
3442,INV-2962,2023-02-14,Client-093: Shri Niraj Boutique,Cotton Herringbone (Label-203),72,44.1,3175.2
3443,INV-1885,2023-09-20,Client-124: M/s Bhavesh Exports,Satin 2-Inch (Label-102),21,51.01,1071.21
3444,INV-2201,2024-09-15,Client-146: M/s Yash Fashion House,Gold Zardozi (Label-501),34,304.99,10369.66
3445,INV-0099,2024-01-04,Client-021: M/s Yash Emporium,Raw Silk Ribbon (Label-115),123,118.16,14533.68
3446,INV-3770,2024-04-23,Client-018: Smt. Foram Fabrics,Lace Trim Border (Label-217),94,67.07,6304.58
3447,INV-2558,2026-04-01,Client-068: M/s Madhuri Fabrics,Gota Patti (Label-204),3236,85.52,245046.77659999995
3448,INV-3184,2026-06-20,Client-079: M/s Savita Weavers,Gold Zardozi (Label-501),153,256.9,39305.7
3449,INV-3299,2023-12-22,Client-095: M/s Shardaben Handloom,Silk Printed (Label-112),185,86.56,16013.6
3450,INV-0104,2023-08-07,Client-147: M/s Jagdish Silk House,Lace Trim Border (Label-217),59,65.97,3892.23
3451,INV-1446,2023-08-25,Client-029: M/s Hitesh Boutique,Satin 1-Inch (Label-101),563,33.88,19074.44
3452,INV-1444,2024-11-12,Client-148: M/s Navin Fabrics,Raw Silk Ribbon (Label-115),96,100.42,9640.32
3453,INV-1649,2023-08-23,Client-121: M/s Harish Traders,Velvet Roll (Label-405),53,116.41,6169.73
3454,INV-0587,2025-07-23,Client-094: M/s Dilip Weavers,Banarasi Zari Border (Label-302),243,154.18,37465.74
3455,INV-0628,2025-05-18,Client-053: M/s Malti Enterprises,Silver Tissue (Label-312),105,207.82,21821.1
3456,INV-1697,2026-01-05,Client-014: Shri Usha Fabrics,Cotton Herringbone (Label-203),27,45.22,1220.94
3457,INV-3192,2023-09-07,Client-136: M/s Anjali Decorators,Lace Trim Border (Label-217),43,70.46,3029.78
3458,INV-2102,2026-03-27,Client-038: M/s Natubhai Creations,Silk Printed (Label-112),76,91.36,6943.36
3459,INV-2200,2023-10-01,Client-056: M/s Shyamlal Textiles,Patola Woven Border (Label-330),26,247.61,6437.86
3460,INV-0404,2024-03-09,Client-083: M/s Vandana Exports,Polyester Grosgrain (Label-408),456,30.96,14117.76
3461,INV-1155,2024-09-11,Client-095: M/s Shardaben Handloom,Organza Sheer (Label-210),286,60.15,17202.9
3462,INV-2864,2026-02-09,Client-120: M/s Usha Enterprises,Gold Zardozi (Label-501),64,280.19,17932.16
3463,INV-1683,2024-10-05,Client-082: M/s Dhaval Event Planners,Gota Patti (Label-204),113,88.69,10021.97
3464,INV-3171,2026-05-01,Client-026: Smt. Vivek Fabrics,Raw Silk Ribbon (Label-115),162,119.47,19354.14
3465,INV-3742,2025-05-09,Client-136: M/s Anjali Decorators,Organza Sheer (Label-210),56,54.58,3056.48
3466,INV-2057,2024-05-16,Client-117: Smt. Narottam Emporium,Jacquard Brocade (Label-315),460,158.91,73098.6
3467,INV-3063,2024-10-15,Client-130: M/s Jignesh Creations,Organza Sheer (Label-210),14,49.53,693.42
3468,INV-3792,2023-07-05,Client-002: M/s Chandrika Fashion House,Silver Tissue (Label-312),252,191.99,48381.48
3469,INV-3109,2023-05-12,Client-077: Shri Deepak Fashion House,Chanderi Block Print (Label-221),60,138.06,8283.6
3470,INV-0453,2023-09-05,Client-054: Smt. Subhash Creations,Multicolor Taffeta (Label-308),18,84.63,1523.34
3471,INV-2302,2024-02-13,Client-021: M/s Yash Emporium,Jacquard Brocade (Label-315),132,160.71,21213.72
3472,INV-1328,2023-04-20,Client-072: M/s Arun Fashion House,Organza Sheer (Label-210),93,58.87,5474.91
3473,INV-2945,2025-09-04,Client-013: M/s Gopal Exports,Cotton Herringbone (Label-203),127,38.16,4846.32
3474,INV-2050,2023-12-13,Client-124: M/s Bhavesh Exports,Jacquard Brocade (Label-315),71,174.44,12385.24
3475,INV-0881,2024-03-18,Client-045: M/s Akash Saree Centre,Velvet Roll (Label-405),776,116.98,90776.48
3476,INV-3644,2023-11-11,Client-075: Smt. Seema Exports,Embroidered Mirror Work (Label-422),29,220.85,6404.65
3477,INV-3887,2024-01-17,Client-029: M/s Hitesh Boutique,Raw Silk Ribbon (Label-115),112,113.44,12705.28
3478,INV-0624,2023-08-21,Client-139: M/s Gopal Fashion House,Polyester Grosgrain (Label-408),84,28.96,2432.64
3479,INV-2394,2024-06-05,Client-043: Smt. Manju Weavers,Nylon Woven (Label-501),146,29.03,4238.38
3480,INV-3691,2023-07-31,Client-044: Shri Meena Silk House,Raw Silk Ribbon (Label-115),42,100.02,4200.84
3481,INV-0263,2026-01-23,Client-068: M/s Madhuri Fabrics,Raw Silk Ribbon (Label-115),153,109.65,16776.45
3482,INV-1635,2023-10-24,Client-082: M/s Dhaval Event Planners,Gota Patti (Label-204),50,79.06,3953.0
3483,INV-3370,2023-02-10,Client-124: M/s Bhavesh Exports,Satin 2-Inch (Label-102),1456,48.86,71140.16
3484,INV-1439,2026-01-28,Client-120: M/s Usha Enterprises,Jacquard Brocade (Label-315),175,188.87,33052.25
3485,INV-2199,2024-07-19,Client-008: M/s Natubhai Exports,Raw Silk Ribbon (Label-115),599,109.8,65770.2
3486,INV-1970,2025-11-04,Client-110: M/s Anita Embroidery Works,Cotton Herringbone (Label-203),122,45.81,5588.82
3487,INV-2521,2024-04-02,Client-057: M/s Drashti Emporium,Nylon Woven (Label-501),252,27.8,7005.6
3488,INV-1803,2024-05-26,Client-020: M/s Jagdish Fabrics,Banarasi Zari Border (Label-302),688,134.17,92308.96
3489,INV-0641,2023-08-23,Client-146: M/s Yash Fashion House,Banarasi Zari Border (Label-302),96,155.19,14898.24
3490,INV-3983,2024-06-09,Client-067: M/s Bhavik Traders,Satin 1-Inch (Label-101),81,36.89,2988.09
3491,INV-2386,2026-08-02,Client-045: M/s Akash Saree Centre,Kutch Embroidery Border (Label-407),188,225.48,42390.24
3492,INV-2599,2024-03-08,Client-100: Smt. Kavita Saree Centre,Silk Printed (Label-112),26,101.18,2630.68
3493,INV-3886,2026-02-07,Client-013: M/s Gopal Exports,Metallic Zari (Label-306),85,149.22,12683.7
3494,INV-1960,2023-11-15,Client-054: Smt. Subhash Creations,Embroidered Mirror Work (Label-422),4,203.57,814.28
3495,INV-2977,2026-02-11,Client-054: Smt. Subhash Creations,Embroidered Mirror Work (Label-422),52,202.2,10514.4
3496,INV-0489,2025-02-07,Client-123: M/s Alka Collections,Kutch Embroidery Border (Label-407),3621,236.94,245046.77659999995
3497,INV-1844,2024-05-14,Client-093: Shri Niraj Boutique,Nylon Woven (Label-501),623,27.75,17288.25
3498,INV-1735,2025-12-01,Client-032: Shri Lakshmi Event Planners,Embroidered Mirror Work (Label-422),147,222.4,32692.8
3499,INV-2912,2023-09-04,Client-086: M/s Neha Fashion House,Silk Printed (Label-112),31,104.5,3239.5
3500,INV-3220,2025-09-06,Client-114: M/s Padma Enterprises,Cotton Herringbone (Label-203),186,38.9,7235.4
3501,INV-0147,2024-11-26,Client-047: M/s Harish Creations,Organza Sheer (Label-210),122,55.73,6799.06
3502,INV-1535,2024-01-14,Client-126: M/s Mukesh Garments,Lace Trim Border (Label-217),207,62.85,13009.95
3503,INV-1987,2023-07-27,Client-104: M/s Nirmala Designs,Gota Patti (Label-204),41,79.24,3248.84
3504,INV-2451,2024-07-08,Client-118: M/s Pravin Textiles,Silver Tissue (Label-312),174,188.81,32852.94
3505,INV-3913,2025-04-14,Client-061: M/s Poonam Enterprises,Embroidered Mirror Work (Label-422),75,193.31,14498.25
3506,INV-3003,2024-07-03,Client-110: M/s Anita Embroidery Works,Cotton Herringbone (Label-203),67,40.37,2704.79
3507,INV-2812,2026-07-10,Client-132: M/s Shanta Creations,Kutch Embroidery Border (Label-407),71,210.43,14940.53
3508,INV-0660,2024-07-14,Client-068: M/s Madhuri Fabrics,Kutch Embroidery Border (Label-407),84,232.04,19491.36
3509,INV-1795,2026-05-10,Client-021: M/s Yash Emporium,Silver Tissue (Label-312),67,194.17,13009.39
3510,INV-3421,2024-10-19,Client-044: Shri Meena Silk House,Jacquard Brocade (Label-315),82,177.96,14592.72
3511,INV-2512,2025-05-06,Client-107: M/s Ramniklal Event Planners,Organza Sheer (Label-210),68,54.2,3685.6
3512,INV-3398,2025-07-04,Client-004: Smt. Narottam Fabrics,Banarasi Zari Border (Label-302),607,130.52,79225.64
3513,INV-0187,2023-11-28,Client-036: M/s Rahul Enterprises,Cotton Herringbone (Label-203),68,38.24,2600.32
3514,INV-1148,2026-05-13,Client-073: M/s Lakshmi Event Planners,Patola Woven Border (Label-330),83,234.47,19461.01
3515,INV-3273,2024-11-20,Client-150: M/s Kantilal Event Planners,Organza Sheer (Label-210),126,58.95,7427.7
3516,INV-0609,2026-02-24,Client-144: M/s Pooja Fashion House,Chiffon Pleated (Label-119),65,71.06,4618.9
3517,INV-2192,2024-04-25,Client-092: M/s Pushpa Silk House,Satin 1-Inch (Label-101),61,38.21,2330.81
3518,INV-2800,2023-09-13,Client-139: M/s Gopal Fashion House,Jacquard Brocade (Label-315),36,184.74,6650.64
3519,INV-1931,2024-10-24,Client-014: Shri Usha Fabrics,Organza Sheer (Label-210),613,55.13,33794.69
3520,INV-3682,2026-06-15,Client-141: Shri Brijesh Event Planners,Metallic Zari (Label-306),877,147.48,129339.96
3521,INV-2932,2023-11-21,Client-008: M/s Natubhai Exports,Chanderi Block Print (Label-221),476,143.19,68158.44
3522,INV-2328,2026-05-11,Client-073: M/s Lakshmi Event Planners,Metallic Zari (Label-306),34,167.19,5684.46
3523,INV-0294,2024-09-23,Client-102: M/s Sita Industries,Cotton Herringbone (Label-203),42,44.66,1875.72
3524,INV-0767,2024-12-12,Client-113: Smt. Kantilal Exports,Silk Printed (Label-112),27,85.91,2319.57
3525,INV-0401,2023-07-10,Client-072: M/s Arun Fashion House,Lace Trim Border (Label-217),370,64.41,23831.7
3526,INV-0123,2025-01-04,Client-071: M/s Kavya Fabrics,Silk Printed (Label-112),232,103.9,24104.8
3527,INV-3256,2025-03-01,Client-145: M/s Rahul Decorators,Embroidered Mirror Work (Label-422),243,214.89,52218.27
3528,INV-0203,2024-11-24,Client-045: M/s Akash Saree Centre,Patola Woven Border (Label-330),22,248.23,5461.06
3529,INV-3511,2024-03-16,Client-004: Smt. Narottam Fabrics,Organza Sheer (Label-210),92,55.51,5106.92
3530,INV-0836,2023-01-31,Client-106: Smt. Kamlesh Designs,Nylon Woven (Label-501),48,29.36,1409.28
3531,INV-2295,2024-12-10,Client-142: M/s Vandana Boutique,Silk Printed (Label-112),152,94.79,14408.08
3532,INV-1440,2025-09-14,Client-062: M/s Deepak Creations,Nylon Woven (Label-501),155,26.39,4090.45
3533,INV-1734,2024-11-09,Client-107: M/s Ramniklal Event Planners,Cotton Herringbone (Label-203),340,40.4,13736.0
3534,INV-1696,2025-06-11,Client-023: M/s Navin Embroidery Works,Silk Printed (Label-112),87,99.26,8635.62
3535,INV-3900,2026-04-18,Client-056: M/s Shyamlal Textiles,Kutch Embroidery Border (Label-407),55,209.01,11495.55
3536,INV-1708,2025-01-14,Client-116: Shri Alka Industries,Raw Silk Ribbon (Label-115),558,110.3,61547.4
3537,INV-3879,2024-02-28,Client-061: M/s Poonam Enterprises,Metallic Zari (Label-306),10,167.07,1670.7
3538,INV-1154,2026-05-10,Client-012: M/s Nayna Event Planners,Gota Patti (Label-204),67,80.81,5414.27
3539,INV-1662,2024-08-31,Client-063: Smt. Padma Saree Centre,Chiffon Pleated (Label-119),32,79.06,2529.92
3540,INV-3475,2025-01-01,Client-030: M/s Shardaben Fashion House,Velvet Roll (Label-405),148,117.12,17333.76
3541,INV-2433,2026-03-05,Client-106: Smt. Kamlesh Designs,Chanderi Block Print (Label-221),115,131.27,15096.05
3542,INV-3751,2025-03-06,Client-123: M/s Alka Collections,Embroidered Mirror Work (Label-422),170,226.56,38515.2
3543,INV-1760,2025-11-01,Client-015: M/s Savita Decorators,Velvet Roll (Label-405),817,115.2,94118.4
3544,INV-0855,2026-04-20,Client-117: Smt. Narottam Emporium,Embroidered Mirror Work (Label-422),293,207.56,60815.08
3545,INV-1590,2024-05-16,Client-146: M/s Yash Fashion House,Embroidered Mirror Work (Label-422),87,195.29,16990.23
3546,INV-2268,2025-02-06,Client-055: M/s Balaji Collections,Chiffon Pleated (Label-119),262,69.62,18240.44
3547,INV-0642,2026-01-29,Client-141: Shri Brijesh Event Planners,Satin 1-Inch (Label-101),334,33.53,11199.02
3548,INV-0002,2023-03-20,Client-112: M/s Indira Traders,Lace Trim Border (Label-217),76,67.97,5165.72
3549,INV-2161,2026-05-20,Client-093: Shri Niraj Boutique,Nylon Woven (Label-501),21,30.07,631.47
3550,INV-0699,2023-05-29,Client-088: M/s Pooja Creations,Velvet Roll (Label-405),20,127.27,2545.4
3551,INV-3914,2023-10-13,Client-109: M/s Padma Silk House,Gota Patti (Label-204),16,84.11,1345.76
3552,INV-3000,2026-04-20,Client-137: M/s Vandana Traders,Banarasi Zari Border (Label-302),28,143.87,4028.36
3553,INV-3697,2024-11-22,Client-009: M/s Narottam Weavers,Nylon Woven (Label-501),140,29.99,4198.6
3554,INV-1637,2024-06-22,Client-001: M/s Geeta Textiles,Multicolor Taffeta (Label-308),104,95.8,9963.2
3555,INV-3185,2025-03-28,Client-083: M/s Vandana Exports,Lace Trim Border (Label-217),281,65.98,18540.38
3556,INV-3459,2026-03-19,Client-043: Smt. Manju Weavers,Velvet Roll (Label-405),68,118.69,8070.92
3557,INV-3458,2024-11-20,Client-006: M/s Naresh Exports,Raw Silk Ribbon (Label-115),104,113.45,11798.8
3558,INV-3582,2023-12-13,Client-082: M/s Dhaval Event Planners,Velvet Roll (Label-405),1076,125.99,135565.24
3559,INV-1292,2023-09-07,Client-120: M/s Usha Enterprises,Satin 2-Inch (Label-102),186,48.61,9041.46
3560,INV-3806,2023-04-09,Client-132: M/s Shanta Creations,Chanderi Block Print (Label-221),27,136.06,3673.62
3561,INV-2490,2023-03-28,Client-097: M/s Deepika Designs,Organza Sheer (Label-210),204,49.51,10100.04
3562,INV-1521,2023-09-18,Client-103: Shri Vijay Fashion House,Gold Zardozi (Label-501),45,292.66,13169.7
3563,INV-1854,2024-05-09,Client-031: M/s Paresh Garments,Metallic Zari (Label-306),68,172.72,11744.96
3564,INV-1137,2026-01-26,Client-117: Smt. Narottam Emporium,Gota Patti (Label-204),84,89.45,7513.8
3565,INV-3305,2025-06-18,Client-106: Smt. Kamlesh Designs,Cotton Herringbone (Label-203),31,43.35,1343.85
3566,INV-3863,2025-12-30,Client-033: M/s Vivek Fabrics,Nylon Woven (Label-501),26,26.97,701.22
3567,INV-1632,2024-02-11,Client-108: M/s Shyam Event Planners,Satin 2-Inch (Label-102),468,49.75,23283.0
3568,INV-3744,2023-04-23,Client-112: M/s Indira Traders,Organza Sheer (Label-210),393,53.8,21143.4
3569,INV-3446,2025-11-19,Client-077: Shri Deepak Fashion House,Raw Silk Ribbon (Label-115),17,115.52,1963.84
3570,INV-1999,2026-07-20,Client-071: M/s Kavya Fabrics,Lace Trim Border (Label-217),175,71.13,12447.75
3571,INV-0664,2025-11-19,Client-055: M/s Balaji Collections,Organza Sheer (Label-210),347,51.56,17891.32
3572,INV-0684,2025-03-24,Client-106: Smt. Kamlesh Designs,Silver Tissue (Label-312),401,206.07,82634.07
3573,INV-1258,2025-10-03,Client-006: M/s Naresh Exports,Metallic Zari (Label-306),178,157.98,28120.44
3574,INV-3767,2025-12-06,Client-055: M/s Balaji Collections,Multicolor Taffeta (Label-308),47,80.1,3764.7
3575,INV-3749,2024-09-05,Client-052: Smt. Anita Saree Centre,Velvet Roll (Label-405),415,117.34,48696.1
3576,INV-0318,2025-08-12,Client-092: M/s Pushpa Silk House,Polyester Grosgrain (Label-408),238,30.47,7251.86
3577,INV-0649,2026-05-27,Client-072: M/s Arun Fashion House,Organza Sheer (Label-210),241,59.3,14291.3
3578,INV-1435,2024-10-28,Client-060: Smt. Seema Fabrics,Raw Silk Ribbon (Label-115),545,109.66,59764.7
3579,INV-1480,2025-10-01,Client-134: M/s Rakesh Weavers,Lace Trim Border (Label-217),120,66.38,7965.6
3580,INV-0710,2025-10-05,Client-139: M/s Gopal Fashion House,Banarasi Zari Border (Label-302),62,155.09,9615.58
3581,INV-3431,2024-02-16,Client-134: M/s Rakesh Weavers,Raw Silk Ribbon (Label-115),1209,120.57,145769.13
3582,INV-1283,2023-02-10,Client-092: M/s Pushpa Silk House,Silk Printed (Label-112),171,87.21,14912.91
3583,INV-1769,2025-10-27,Client-135: M/s Anjali Emporium,Chiffon Pleated (Label-119),281,75.2,21131.2
3584,INV-0973,2024-03-27,Client-052: Smt. Anita Saree Centre,Embroidered Mirror Work (Label-422),344,203.17,69890.48
3585,INV-2676,2025-12-19,Client-067: M/s Bhavik Traders,Chanderi Block Print (Label-221),325,141.3,45922.5
3586,INV-2681,2024-09-21,Client-041: M/s Varsha Handloom,Gota Patti (Label-204),789,80.63,63617.07
3587,INV-1307,2023-05-19,Client-050: Smt. Balaji Boutique,Kutch Embroidery Border (Label-407),18,212.8,3830.4
3588,INV-1401,2024-09-12,Client-115: M/s Vijay Fashion House,Chanderi Block Print (Label-221),526,126.94,66770.44
3589,INV-1409,2025-09-29,Client-019: M/s Sunil Collections,Embroidered Mirror Work (Label-422),1198,226.17,245046.77659999995
3590,INV-3297,2025-07-23,Client-003: M/s Vinod Traders,Multicolor Taffeta (Label-308),118,94.26,11122.68
3591,INV-2238,2024-07-12,Client-003: M/s Vinod Traders,Embroidered Mirror Work (Label-422),19,223.59,4248.21
3592,INV-3303,2026-04-05,Client-005: M/s Nayna Garments,Satin 1-Inch (Label-101),139,34.68,4820.52
3593,INV-1497,2025-01-28,Client-064: Smt. Nayna Exports,Patola Woven Border (Label-330),153,255.44,39082.32
3594,INV-3420,2026-01-02,Client-064: Smt. Nayna Exports,Raw Silk Ribbon (Label-115),105,106.62,11195.1
3595,INV-2039,2024-06-21,Client-149: Shri Alpesh Saree Centre,Velvet Roll (Label-405),9,125.33,1127.97
3596,INV-1530,2023-04-15,Client-135: M/s Anjali Emporium,Polyester Grosgrain (Label-408),46,33.28,1530.88
3597,INV-1664,2023-07-31,Client-032: Shri Lakshmi Event Planners,Velvet Roll (Label-405),309,111.4,34422.6
3598,INV-1355,2025-03-01,Client-060: Smt. Seema Fabrics,Polyester Grosgrain (Label-408),69,33.02,2278.38
3599,INV-3896,2023-09-23,Client-143: M/s Prakash Silk House,Multicolor Taffeta (Label-308),47,79.3,3727.1
3600,INV-3924,2024-09-07,Client-104: M/s Nirmala Designs,Kutch Embroidery Border (Label-407),71,216.88,15398.48
3601,INV-3628,2025-04-12,Client-038: M/s Natubhai Creations,Chiffon Pleated (Label-119),434,68.59,29768.06
3602,INV-1644,2026-05-03,Client-112: M/s Indira Traders,Chiffon Pleated (Label-119),81,71.78,5814.18
3603,INV-1052,2026-07-10,Client-031: M/s Paresh Garments,Lace Trim Border (Label-217),195,65.16,12706.2
3604,INV-0796,2026-03-26,Client-025: M/s Ruchita Exports,Raw Silk Ribbon (Label-115),111,113.13,12557.43
3605,INV-2694,2026-05-13,Client-120: M/s Usha Enterprises,Velvet Roll (Label-405),310,121.07,37531.7
3606,INV-3061,2024-06-25,Client-094: M/s Dilip Weavers,Cotton Herringbone (Label-203),44,45.5,2002.0
3607,INV-1598,2025-04-09,Client-043: Smt. Manju Weavers,Banarasi Zari Border (Label-302),13,153.8,1999.4
3608,INV-2605,2024-07-20,Client-148: M/s Navin Fabrics,Gota Patti (Label-204),55,87.58,4816.9
3609,INV-2730,2023-10-28,Client-027: M/s Rajendra Creations,Polyester Grosgrain (Label-408),223,28.94,6453.62
3610,INV-2626,2025-08-23,Client-137: M/s Vandana Traders,Metallic Zari (Label-306),42,159.78,6710.76
3611,INV-1820,2025-11-28,Client-098: M/s Bhavna Garments,Multicolor Taffeta (Label-308),132,92.32,12186.24
3612,INV-3158,2024-06-23,Client-139: M/s Gopal Fashion House,Cotton Herringbone (Label-203),9,38.36,345.24
3613,INV-3315,2023-06-01,Client-013: M/s Gopal Exports,Satin 2-Inch (Label-102),31,47.91,1485.21
3614,INV-1723,2025-05-26,Client-046: M/s Bhikhabhai Textiles,Cotton Herringbone (Label-203),256,45.2,11571.2
3615,INV-1184,2026-03-10,Client-091: M/s Bharat Silk House,Cotton Herringbone (Label-203),307,42.72,13115.04
3616,INV-2573,2023-06-26,Client-042: M/s Pooja Traders,Organza Sheer (Label-210),290,53.26,15445.4
3617,INV-1060,2024-03-22,Client-057: M/s Drashti Emporium,Silk Printed (Label-112),51,100.61,5131.11
3618,INV-0541,2024-06-13,Client-144: M/s Pooja Fashion House,Jacquard Brocade (Label-315),193,190.64,36793.52
3619,INV-3243,2024-01-15,Client-100: Smt. Kavita Saree Centre,Patola Woven Border (Label-330),14,263.23,3685.22
3620,INV-1679,2024-12-23,Client-017: M/s Rahul Creations,Multicolor Taffeta (Label-308),374,82.14,30720.36
3621,INV-2797,2023-01-02,Client-048: M/s Bhavesh Traders,Patola Woven Border (Label-330),82,256.26,21013.32
3622,INV-3851,2025-04-03,Client-002: M/s Chandrika Fashion House,Satin 1-Inch (Label-101),31,34.82,1079.42
3623,INV-3479,2025-02-12,Client-066: Smt. Krunal Embroidery Works,Satin 1-Inch (Label-101),474,37.22,17642.28
3624,INV-2533,2023-01-01,Client-050: Smt. Balaji Boutique,Jacquard Brocade (Label-315),64,188.9,12089.6
3625,INV-1758,2023-01-14,Client-052: Smt. Anita Saree Centre,Velvet Roll (Label-405),237,109.61,25977.57
3626,INV-1924,2026-02-19,Client-089: M/s Naresh Fashion House,Chanderi Block Print (Label-221),173,121.88,21085.24
3627,INV-0096,2024-04-10,Client-112: M/s Indira Traders,Velvet Roll (Label-405),56,126.25,7070.0
3628,INV-1021,2025-11-30,Client-106: Smt. Kamlesh Designs,Kutch Embroidery Border (Label-407),96,222.77,21385.92
3629,INV-0564,2024-06-22,Client-052: Smt. Anita Saree Centre,Lace Trim Border (Label-217),122,67.64,8252.08
3630,INV-3313,2023-04-07,Client-118: M/s Pravin Textiles,Gold Zardozi (Label-501),200,254.35,50870.0
3631,INV-2791,2026-01-19,Client-100: Smt. Kavita Saree Centre,Satin 2-Inch (Label-102),143,46.96,6715.28
3632,INV-0864,2023-04-30,Client-136: M/s Anjali Decorators,Satin 1-Inch (Label-101),1713,34.89,59766.57
3633,INV-3647,2025-08-07,Client-099: M/s Sushila Garments,Cotton Herringbone (Label-203),324,44.14,14301.36
3634,INV-3763,2024-10-02,Client-069: Smt. Mohan Designs,Jacquard Brocade (Label-315),29,160.7,4660.3
3635,INV-1485,2023-10-21,Client-019: M/s Sunil Collections,Chanderi Block Print (Label-221),142,141.28,20061.76
3636,INV-2940,2023-05-07,Client-067: M/s Bhavik Traders,Silver Tissue (Label-312),165,177.33,29259.45
3637,INV-3626,2024-12-31,Client-031: M/s Paresh Garments,Nylon Woven (Label-501),266,28.44,7565.04
3638,INV-1882,2025-01-01,Client-076: Smt. Ashok Designs,Velvet Roll (Label-405),150,113.25,16987.5
3639,INV-1039,2025-01-27,Client-004: Smt. Narottam Fabrics,Polyester Grosgrain (Label-408),168,31.01,5209.68
3640,INV-0207,2024-01-27,Client-013: M/s Gopal Exports,Chanderi Block Print (Label-221),318,130.46,41486.28
3641,INV-0393,2023-06-28,Client-031: M/s Paresh Garments,Nylon Woven (Label-501),135,26.38,3561.3
3642,INV-2843,2023-06-28,Client-046: M/s Bhikhabhai Textiles,Jacquard Brocade (Label-315),129,188.99,24379.71
3643,INV-0871,2025-11-03,Client-002: M/s Chandrika Fashion House,Velvet Roll (Label-405),374,124.46,46548.04
3644,INV-0398,2023-05-02,Client-033: M/s Vivek Fabrics,Organza Sheer (Label-210),162,52.25,8464.5
3645,INV-2815,2025-03-18,Client-084: M/s Kantilal Embroidery Works,Polyester Grosgrain (Label-408),72,31.7,2282.4
3646,INV-3840,2023-04-12,Client-120: M/s Usha Enterprises,Chiffon Pleated (Label-119),10,69.7,697.0
3647,INV-3290,2023-03-18,Client-082: M/s Dhaval Event Planners,Banarasi Zari Border (Label-302),2813,135.0,245046.77659999995
3648,INV-1029,2025-12-28,Client-007: M/s Hasmukh Collections,Chiffon Pleated (Label-119),437,81.47,35602.39
3649,INV-2691,2026-08-01,Client-075: Smt. Seema Exports,Nylon Woven (Label-501),30,26.35,790.5
3650,INV-1486,2024-01-30,Client-145: M/s Rahul Decorators,Patola Woven Border (Label-330),423,257.39,108875.97
3651,INV-2661,2025-06-18,Client-138: Smt. Natubhai Weavers,Chanderi Block Print (Label-221),209,131.53,27489.77
3652,INV-3811,2024-07-18,Client-108: M/s Shyam Event Planners,Silver Tissue (Label-312),15,175.59,2633.85
3653,INV-0961,2023-04-24,Client-024: M/s Chirag Industries,Lace Trim Border (Label-217),79,65.45,5170.55
3654,INV-1571,2023-02-19,Client-099: M/s Sushila Garments,Organza Sheer (Label-210),660,53.39,35237.4
3655,INV-2774,2023-08-24,Client-046: M/s Bhikhabhai Textiles,Silver Tissue (Label-312),176,202.08,35566.08
3656,INV-1896,2025-10-24,Client-125: Shri Padma Saree Centre,Banarasi Zari Border (Label-302),11,135.05,1485.55
3657,INV-2732,2024-04-01,Client-037: M/s Vinod Fashion House,Embroidered Mirror Work (Label-422),26,205.98,5355.48
3658,INV-2147,2023-12-06,Client-058: Smt. Deepika Fashion House,Organza Sheer (Label-210),94,55.45,5212.3
3659,INV-0805,2026-03-16,Client-135: M/s Anjali Emporium,Nylon Woven (Label-501),12,26.56,318.72
3660,INV-1752,2026-03-04,Client-014: Shri Usha Fabrics,Chiffon Pleated (Label-119),65,69.39,4510.35
3661,INV-3646,2023-05-13,Client-007: M/s Hasmukh Collections,Multicolor Taffeta (Label-308),55,82.78,4552.9
3662,INV-2455,2025-09-29,Client-122: M/s Bhikhabhai Enterprises,Embroidered Mirror Work (Label-422),18,205.25,3694.5
3663,INV-0503,2025-12-06,Client-138: Smt. Natubhai Weavers,Patola Woven Border (Label-330),98,268.34,26297.32
3664,INV-3120,2024-10-03,Client-101: Smt. Manju Garments,Jacquard Brocade (Label-315),114,167.51,19096.14
3665,INV-3105,2024-04-17,Client-017: M/s Rahul Creations,Banarasi Zari Border (Label-302),115,130.78,15039.7
3666,INV-2978,2023-09-15,Client-149: Shri Alpesh Saree Centre,Cotton Herringbone (Label-203),30,40.55,1216.5
3667,INV-0780,2026-02-16,Client-107: M/s Ramniklal Event Planners,Lace Trim Border (Label-217),38,68.83,2615.54
3668,INV-1864,2023-12-13,Client-067: M/s Bhavik Traders,Raw Silk Ribbon (Label-115),119,115.58,13754.02
3669,INV-0201,2025-02-03,Client-005: M/s Nayna Garments,Lace Trim Border (Label-217),108,68.75,7425.0
3670,INV-2183,2025-04-08,Client-038: M/s Natubhai Creations,Metallic Zari (Label-306),79,161.05,12722.95
3671,INV-3100,2023-01-22,Client-107: M/s Ramniklal Event Planners,Banarasi Zari Border (Label-302),63,132.79,8365.77
3672,INV-2089,2024-10-19,Client-118: M/s Pravin Textiles,Lace Trim Border (Label-217),17,62.83,1068.11
3673,INV-3066,2024-12-01,Client-014: Shri Usha Fabrics,Multicolor Taffeta (Label-308),174,82.22,14306.28
3674,INV-2279,2025-04-30,Client-105: M/s Anjali Collections,Jacquard Brocade (Label-315),626,177.16,110902.16
3675,INV-3562,2024-06-30,Client-005: M/s Nayna Garments,Organza Sheer (Label-210),83,57.27,4753.41
3676,INV-1797,2025-09-05,Client-059: M/s Sita Fabrics,Gota Patti (Label-204),1218,92.33,112457.94
3677,INV-0379,2025-09-29,Client-081: M/s Mahesh Traders,Raw Silk Ribbon (Label-115),513,107.55,55173.15
3678,INV-2337,2023-10-21,Client-016: M/s Padma Garments,Satin 2-Inch (Label-102),56,47.47,2658.32
3679,INV-0419,2026-05-29,Client-007: M/s Hasmukh Collections,Patola Woven Border (Label-330),23,268.79,6182.17
3680,INV-1699,2025-02-16,Client-044: Shri Meena Silk House,Organza Sheer (Label-210),246,55.92,13756.32
3681,INV-0392,2024-05-21,Client-009: M/s Narottam Weavers,Multicolor Taffeta (Label-308),107,83.83,8969.81
3682,INV-2641,2024-02-23,Client-077: Shri Deepak Fashion House,Patola Woven Border (Label-330),9,246.59,2219.31
3683,INV-1523,2023-01-28,Client-061: M/s Poonam Enterprises,Banarasi Zari Border (Label-302),572,150.17,85897.24
3684,INV-1163,2025-10-10,Client-092: M/s Pushpa Silk House,Silver Tissue (Label-312),104,194.42,20219.68
3685,INV-3135,2023-09-12,Client-126: M/s Mukesh Garments,Gota Patti (Label-204),84,88.17,7406.28
3686,INV-1496,2023-09-16,Client-146: M/s Yash Fashion House,Cotton Herringbone (Label-203),21,38.24,803.04
3687,INV-2696,2023-10-03,Client-083: M/s Vandana Exports,Nylon Woven (Label-501),250,25.42,6355.0
3688,INV-2028,2024-05-26,Client-121: M/s Harish Traders,Patola Woven Border (Label-330),210,229.55,48205.5
3689,INV-1153,2024-11-12,Client-121: M/s Harish Traders,Lace Trim Border (Label-217),155,71.46,11076.3
3690,INV-1368,2023-08-04,Client-084: M/s Kantilal Embroidery Works,Embroidered Mirror Work (Label-422),15,207.94,3119.1
3691,INV-2569,2024-07-07,Client-030: M/s Shardaben Fashion House,Multicolor Taffeta (Label-308),175,85.14,14899.5
3692,INV-0065,2025-07-18,Client-060: Smt. Seema Fabrics,Cotton Herringbone (Label-203),238,44.42,10571.96
3693,INV-2063,2023-08-17,Client-114: M/s Padma Enterprises,Chanderi Block Print (Label-221),115,126.76,14577.4
3694,INV-1181,2025-09-05,Client-033: M/s Vivek Fabrics,Patola Woven Border (Label-330),1406,270.15,245046.77659999995
3695,INV-3113,2026-03-12,Client-004: Smt. Narottam Fabrics,Chanderi Block Print (Label-221),132,122.02,16106.64
3696,INV-0493,2026-05-28,Client-041: M/s Varsha Handloom,Banarasi Zari Border (Label-302),13,133.44,1734.72
3697,INV-0380,2023-08-22,Client-118: M/s Pravin Textiles,Raw Silk Ribbon (Label-115),284,102.8,29195.2
3698,INV-2236,2023-04-02,Client-064: Smt. Nayna Exports,Raw Silk Ribbon (Label-115),71,113.71,8073.41
3699,INV-0764,2023-07-03,Client-128: M/s Balaji Event Planners,Satin 1-Inch (Label-101),16,36.3,580.8
3700,INV-2265,2025-03-06,Client-087: M/s Mayur Creations,Metallic Zari (Label-306),39,165.29,6446.31
3701,INV-0792,2024-07-19,Client-131: M/s Geeta Fabrics,Silver Tissue (Label-312),37,197.76,7317.12
3702,INV-1077,2025-10-08,Client-073: M/s Lakshmi Event Planners,Multicolor Taffeta (Label-308),172,89.77,15440.44
3703,INV-0879,2023-08-28,Client-079: M/s Savita Weavers,Metallic Zari (Label-306),14,166.71,2333.94
3704,INV-0338,2024-02-29,Client-102: M/s Sita Industries,Satin 1-Inch (Label-101),30,33.59,1007.7
3705,INV-2768,2024-04-29,Client-065: Shri Arvind Emporium,Velvet Roll (Label-405),303,117.56,35620.68
3706,INV-3797,2023-05-11,Client-138: Smt. Natubhai Weavers,Multicolor Taffeta (Label-308),77,82.54,6355.58
3707,INV-2344,2023-11-18,Client-081: M/s Mahesh Traders,Velvet Roll (Label-405),261,130.49,34057.89
3708,INV-3774,2023-02-11,Client-061: M/s Poonam Enterprises,Lace Trim Border (Label-217),126,63.85,8045.1
3709,INV-1017,2024-08-13,Client-020: M/s Jagdish Fabrics,Velvet Roll (Label-405),45,111.95,5037.75
3710,INV-1276,2025-07-16,Client-083: M/s Vandana Exports,Metallic Zari (Label-306),669,150.74,100845.06
3711,INV-3799,2024-07-23,Client-063: Smt. Padma Saree Centre,Banarasi Zari Border (Label-302),74,150.72,11153.28
3712,INV-3534,2024-06-06,Client-110: M/s Anita Embroidery Works,Gold Zardozi (Label-501),62,289.77,17965.74
3713,INV-0456,2024-09-04,Client-045: M/s Akash Saree Centre,Gota Patti (Label-204),29,92.69,2688.01
3714,INV-3343,2025-04-02,Client-003: M/s Vinod Traders,Velvet Roll (Label-405),21,126.33,2652.93
3715,INV-0816,2024-07-09,Client-093: Shri Niraj Boutique,Velvet Roll (Label-405),277,108.46,30043.42
3716,INV-2318,2025-04-05,Client-119: M/s Bhikhabhai Emporium,Multicolor Taffeta (Label-308),27,81.89,2211.03
3717,INV-0996,2026-06-06,Client-148: M/s Navin Fabrics,Silver Tissue (Label-312),13,208.85,2715.05
3718,INV-1982,2025-01-11,Client-001: M/s Geeta Textiles,Raw Silk Ribbon (Label-115),347,112.18,38926.46
3719,INV-0202,2026-07-10,Client-149: Shri Alpesh Saree Centre,Metallic Zari (Label-306),96,148.27,14233.92
3720,INV-0162,2023-06-06,Client-030: M/s Shardaben Fashion House,Gold Zardozi (Label-501),197,280.56,55270.32
3721,INV-1580,2023-10-24,Client-033: M/s Vivek Fabrics,Jacquard Brocade (Label-315),70,184.36,12905.2
3722,INV-2450,2024-01-10,Client-128: M/s Balaji Event Planners,Lace Trim Border (Label-217),124,61.69,7649.56
3723,INV-0703,2026-07-21,Client-057: M/s Drashti Emporium,Patola Woven Border (Label-330),211,260.06,54872.66
3724,INV-1501,2024-05-06,Client-043: Smt. Manju Weavers,Kutch Embroidery Border (Label-407),91,209.64,19077.24
3725,INV-3844,2026-01-18,Client-009: M/s Narottam Weavers,Kutch Embroidery Border (Label-407),75,235.19,17639.25
3726,INV-1130,2026-05-25,Client-014: Shri Usha Fabrics,Patola Woven Border (Label-330),71,236.98,16825.58
3727,INV-2614,2024-02-16,Client-071: M/s Kavya Fabrics,Satin 2-Inch (Label-102),84,54.64,4589.76
3728,INV-1022,2024-10-30,Client-136: M/s Anjali Decorators,Silver Tissue (Label-312),41,192.86,7907.26
3729,INV-3074,2025-06-21,Client-146: M/s Yash Fashion House,Organza Sheer (Label-210),154,51.7,7961.8
3730,INV-3460,2025-01-28,Client-144: M/s Pooja Fashion House,Embroidered Mirror Work (Label-422),1049,227.83,238993.67
3731,INV-1586,2023-10-13,Client-037: M/s Vinod Fashion House,Silver Tissue (Label-312),269,213.4,57404.6
3732,INV-1956,2023-12-31,Client-145: M/s Rahul Decorators,Metallic Zari (Label-306),24,157.25,3774.0
3733,INV-3153,2023-04-28,Client-060: Smt. Seema Fabrics,Multicolor Taffeta (Label-308),37,87.24,3227.88
3734,INV-2254,2023-08-17,Client-105: M/s Anjali Collections,Gold Zardozi (Label-501),66,281.92,18606.72
3735,INV-0035,2023-08-23,Client-056: M/s Shyamlal Textiles,Multicolor Taffeta (Label-308),241,91.51,22053.91
3736,INV-0776,2023-09-23,Client-009: M/s Narottam Weavers,Silk Printed (Label-112),104,87.53,9103.12
3737,INV-2557,2024-04-01,Client-077: Shri Deepak Fashion House,Chanderi Block Print (Label-221),111,144.51,16040.61
3738,INV-3500,2023-12-15,Client-060: Smt. Seema Fabrics,Satin 1-Inch (Label-101),56,35.78,2003.68
3739,INV-1479,2025-11-29,Client-076: Smt. Ashok Designs,Patola Woven Border (Label-330),694,251.71,174686.74
3740,INV-3004,2025-08-14,Client-038: M/s Natubhai Creations,Silk Printed (Label-112),351,101.56,35647.56
3741,INV-1391,2024-05-13,Client-016: M/s Padma Garments,Organza Sheer (Label-210),378,53.62,20268.36
3742,INV-2140,2025-11-29,Client-094: M/s Dilip Weavers,Embroidered Mirror Work (Label-422),646,215.98,139523.08
3743,INV-1364,2023-12-25,Client-046: M/s Bhikhabhai Textiles,Raw Silk Ribbon (Label-115),90,115.13,10361.7
3744,INV-2946,2023-08-30,Client-023: M/s Navin Embroidery Works,Kutch Embroidery Border (Label-407),85,226.48,19250.8
3745,INV-2613,2025-12-20,Client-117: Smt. Narottam Emporium,Lace Trim Border (Label-217),62,62.44,3871.28
3746,INV-3418,2023-07-07,Client-018: Smt. Foram Fabrics,Satin 2-Inch (Label-102),111,47.37,5258.07
3747,INV-2825,2025-07-10,Client-072: M/s Arun Fashion House,Polyester Grosgrain (Label-408),21,34.32,720.72
3748,INV-2042,2025-06-29,Client-116: Shri Alka Industries,Cotton Herringbone (Label-203),33,42.57,1404.81
3749,INV-0242,2026-06-14,Client-041: M/s Varsha Handloom,Metallic Zari (Label-306),40,173.88,6955.2
3750,INV-2062,2024-03-16,Client-077: Shri Deepak Fashion House,Kutch Embroidery Border (Label-407),398,207.44,82561.12
3751,INV-2364,2025-11-14,Client-053: M/s Malti Enterprises,Jacquard Brocade (Label-315),249,161.44,40198.56
3752,INV-0601,2024-10-04,Client-142: M/s Vandana Boutique,Chanderi Block Print (Label-221),243,127.37,30950.91
3753,INV-2436,2024-04-05,Client-033: M/s Vivek Fabrics,Satin 2-Inch (Label-102),111,51.15,5677.65
3754,INV-1298,2024-11-28,Client-086: M/s Neha Fashion House,Gold Zardozi (Label-501),1455,296.47,245046.77659999995
3755,INV-2215,2025-06-21,Client-046: M/s Bhikhabhai Textiles,Gold Zardozi (Label-501),71,260.34,18484.14
3756,INV-2889,2025-01-05,Client-139: M/s Gopal Fashion House,Lace Trim Border (Label-217),24,63.54,1524.96
3757,INV-2069,2023-05-15,Client-078: M/s Prital Exports,Velvet Roll (Label-405),321,130.21,41797.41
3758,INV-0647,2026-08-05,Client-093: Shri Niraj Boutique,Organza Sheer (Label-210),26,56.98,1481.48
3759,INV-3891,2023-10-09,Client-051: M/s Brijesh Saree Centre,Satin 1-Inch (Label-101),161,34.61,5572.21
3760,INV-3203,2023-12-31,Client-017: M/s Rahul Creations,Polyester Grosgrain (Label-408),25,29.99,749.75
3761,INV-1529,2024-07-14,Client-038: M/s Natubhai Creations,Embroidered Mirror Work (Label-422),229,189.74,43450.46
3762,INV-1268,2025-04-13,Client-129: M/s Padma Industries,Silk Printed (Label-112),119,100.37,11944.03
3763,INV-3639,2025-05-19,Client-032: Shri Lakshmi Event Planners,Metallic Zari (Label-306),901,159.12,143367.12
3764,INV-1900,2026-05-23,Client-025: M/s Ruchita Exports,Kutch Embroidery Border (Label-407),347,243.46,84480.62
3765,INV-0563,2026-06-19,Client-030: M/s Shardaben Fashion House,Velvet Roll (Label-405),365,119.95,43781.75
3766,INV-3951,2023-12-09,Client-108: M/s Shyam Event Planners,Organza Sheer (Label-210),83,53.58,4447.14
3767,INV-2735,2024-03-18,Client-059: M/s Sita Fabrics,Gold Zardozi (Label-501),76,285.98,21734.48
3768,INV-3006,2025-10-03,Client-022: Shri Champa Traders,Multicolor Taffeta (Label-308),33,86.92,2868.36
3769,INV-0190,2024-03-30,Client-090: Shri Prital Handloom,Gota Patti (Label-204),82,83.55,6851.1
3770,INV-1807,2026-02-03,Client-063: Smt. Padma Saree Centre,Gold Zardozi (Label-501),18,302.01,5436.18
3771,INV-0976,2025-04-30,Client-095: M/s Shardaben Handloom,Silver Tissue (Label-312),178,181.94,32385.32
3772,INV-2748,2025-03-03,Client-020: M/s Jagdish Fabrics,Satin 1-Inch (Label-101),107,36.18,3871.26
3773,INV-3548,2023-07-04,Client-031: M/s Paresh Garments,Chiffon Pleated (Label-119),166,79.47,13192.02
3774,INV-2048,2025-11-24,Client-044: Shri Meena Silk House,Lace Trim Border (Label-217),29,66.87,1939.23
3775,INV-3754,2023-07-24,Client-113: Smt. Kantilal Exports,Gota Patti (Label-204),320,93.47,29910.4
3776,INV-2559,2025-07-09,Client-001: M/s Geeta Textiles,Embroidered Mirror Work (Label-422),139,191.01,26550.39
3777,INV-1083,2025-04-07,Client-109: M/s Padma Silk House,Satin 2-Inch (Label-102),11,47.79,525.69
3778,INV-3633,2025-05-20,Client-020: M/s Jagdish Fabrics,Gota Patti (Label-204),33,81.88,2702.04
3779,INV-2905,2025-01-20,Client-038: M/s Natubhai Creations,Kutch Embroidery Border (Label-407),47,208.4,9794.8
3780,INV-0748,2025-11-24,Client-070: M/s Yash Designs,Polyester Grosgrain (Label-408),11,32.95,362.45
3781,INV-2301,2026-07-16,Client-028: Shri Tarun Industries,Raw Silk Ribbon (Label-115),10,101.68,1016.8
3782,INV-0022,2023-06-15,Client-060: Smt. Seema Fabrics,Chiffon Pleated (Label-119),68,77.91,5297.88
3783,INV-3386,2026-05-30,Client-078: M/s Prital Exports,Velvet Roll (Label-405),17,117.86,2003.62
3784,INV-1185,2023-02-03,Client-119: M/s Bhikhabhai Emporium,Jacquard Brocade (Label-315),1681,185.02,245046.77659999995
3785,INV-2325,2023-08-06,Client-083: M/s Vandana Exports,Satin 2-Inch (Label-102),725,51.08,37033.0
3786,INV-0956,2024-05-28,Client-005: M/s Nayna Garments,Satin 2-Inch (Label-102),120,46.49,5578.8
3787,INV-1216,2025-10-17,Client-026: Smt. Vivek Fabrics,Organza Sheer (Label-210),87,56.62,4925.94
3788,INV-2434,2024-06-21,Client-111: Shri Rekha Textiles,Banarasi Zari Border (Label-302),97,155.75,15107.75
3789,INV-2854,2026-01-11,Client-143: M/s Prakash Silk House,Polyester Grosgrain (Label-408),78,30.51,2379.78
3790,INV-3486,2024-07-08,Client-136: M/s Anjali Decorators,Kutch Embroidery Border (Label-407),1375,217.58,245046.77659999995
3791,INV-1516,2024-01-09,Client-069: Smt. Mohan Designs,Velvet Roll (Label-405),10,131.74,1317.4
3792,INV-2392,2026-03-20,Client-053: M/s Malti Enterprises,Chiffon Pleated (Label-119),106,68.73,7285.38
3793,INV-0770,2025-08-17,Client-142: M/s Vandana Boutique,Jacquard Brocade (Label-315),2119,159.91,245046.77659999995
3794,INV-3381,2026-04-01,Client-006: M/s Naresh Exports,Multicolor Taffeta (Label-308),269,83.92,22574.48
3795,INV-1686,2023-06-03,Client-108: M/s Shyam Event Planners,Patola Woven Border (Label-330),63,262.81,16557.03
3796,INV-0131,2026-04-30,Client-129: M/s Padma Industries,Nylon Woven (Label-501),101,30.49,3079.49
3797,INV-3736,2023-03-23,Client-103: Shri Vijay Fashion House,Gota Patti (Label-204),98,80.96,7934.08
3798,INV-2920,2026-07-16,Client-147: M/s Jagdish Silk House,Gota Patti (Label-204),30,81.86,2455.8
3799,INV-3172,2024-05-06,Client-022: Shri Champa Traders,Patola Woven Border (Label-330),58,255.04,14792.32
3800,INV-3445,2024-08-17,Client-044: Shri Meena Silk House,Chanderi Block Print (Label-221),960,129.46,124281.6
3801,INV-2136,2024-01-20,Client-148: M/s Navin Fabrics,Chiffon Pleated (Label-119),30,74.28,2228.4
3802,INV-1483,2026-06-28,Client-141: Shri Brijesh Event Planners,Cotton Herringbone (Label-203),10,39.99,399.9
3803,INV-0331,2025-12-14,Client-091: M/s Bharat Silk House,Cotton Herringbone (Label-203),26,44.48,1156.48
3804,INV-1239,2025-03-19,Client-150: M/s Kantilal Event Planners,Satin 2-Inch (Label-102),1181,51.36,60656.16
3805,INV-0467,2025-01-05,Client-125: Shri Padma Saree Centre,Lace Trim Border (Label-217),46,70.36,3236.56
3806,INV-2170,2025-08-01,Client-134: M/s Rakesh Weavers,Banarasi Zari Border (Label-302),45,157.77,7099.65
3807,INV-1639,2024-01-20,Client-140: M/s Brijesh Weavers,Jacquard Brocade (Label-315),132,178.53,23565.96
3808,INV-3093,2023-03-29,Client-080: Shri Nayna Weavers,Gota Patti (Label-204),361,87.82,31703.02
3809,INV-3773,2024-09-22,Client-117: Smt. Narottam Emporium,Chanderi Block Print (Label-221),18,144.21,2595.78
3810,INV-1096,2025-03-12,Client-097: M/s Deepika Designs,Raw Silk Ribbon (Label-115),13,113.88,1480.44
3811,INV-1131,2024-09-25,Client-093: Shri Niraj Boutique,Patola Woven Border (Label-330),116,231.1,26807.6
3812,INV-1295,2025-05-17,Client-064: Smt. Nayna Exports,Silk Printed (Label-112),61,88.63,5406.43
3813,INV-0861,2025-01-07,Client-024: M/s Chirag Industries,Polyester Grosgrain (Label-408),109,30.87,3364.83
3814,INV-3175,2024-04-28,Client-067: M/s Bhavik Traders,Silk Printed (Label-112),9,103.54,931.86
