Invoice_ID,Date,Client,Product,Quantity,Unit_Price_INR
INV-0556,2025-04-06,,Nylon Woven (Label-501),34,29.27
INV-3492,2025-05-20,Client-144: M/s Pooja Fashion House,Velvet Roll (Label-405),107,126.93
INV-0528,2025-11-17,,Patola Woven Border (Label-330),27,225.44
INV-3926,2026-07-08,Client-118: M/s Pravin Textiles,Chiffon Pleated (Label-119),-7,75.7
INV-2990,2023-08-31,Client-076: Smt. Ashok Designs,Jacquard Brocade (Label-315),132,191.21
INV-0071,2026-03-24,Client-006: M/s Naresh Exports,Patola Woven Border (Label-330),138,266.07
INV-1757,2025-10-11,Client-040: M/s Drashti Fashion House,Polyester Grosgrain (Label-408),47,32.82
INV-0212,2025-07-02,Client-110: M/s Anita Embroidery Works,Jacquard Brocade (Label-315),167,181.64
INV-0197,2026-05-07,Client-132: M/s Shanta Creations,Kutch Embroidery Border (Label-407),20,218.13
INV-0804,2023-09-25,Client-124: M/s Bhavesh Exports,Silver Tissue (Label-312),82,183.23
INV-3410,2023-10-08,Client-109: M/s Padma Silk House,Jacquard Brocade (Label-315),27,163.95
INV-3837,2023-04-11,Client-065: Shri Arvind Emporium,Raw Silk Ribbon (Label-115),36,116.89
INV-1147,2024-06-29,Client-127: M/s Nayna Boutique,Chiffon Pleated (Label-119),36,69.45
INV-1499,2025-05-26,Client-059: M/s Sita Fabrics,Polyester Grosgrain (Label-408),43,32.87
INV-3859,2023-04-03,Client-086: M/s Neha Fashion House,Raw Silk Ribbon (Label-115),60,115.37
INV-3483,2023-03-18,Client-144: M/s Pooja Fashion House,Silver Tissue (Label-312),452,175.55
INV-1186,2023-04-03,Client-077: Shri Deepak Fashion House,Metallic Zari (Label-306),473,162.79
INV-0472,2024-12-27,Client-045: M/s Akash Saree Centre,Jacquard Brocade (Label-315),116,165.78
INV-0595,2023-10-03,Client-002: M/s Chandrika Fashion House,Gold Zardozi (Label-501),192,293.23
INV-0322,2025-02-16,Client-063: Smt. Padma Saree Centre,Satin 2-Inch (Label-102),62,50.51
INV-1418,2025-02-22,Client-106: Smt. Kamlesh Designs,Satin 1-Inch (Label-101),39,32.26
INV-1675,2025-10-12,Client-103: Shri Vijay Fashion House,Silk Printed (Label-112),25,90.25
INV-3591,2024-09-21,Client-097: M/s Deepika Designs,Silver Tissue (Label-312),609,181.44
INV-1704,2023-06-09,Client-127: M/s Nayna Boutique,Banarasi Zari Border (Label-302),29,136.66
INV-2541,2024-11-12,Client-149: Shri Alpesh Saree Centre,Nylon Woven (Label-501),33,29.22
INV-0206,2024-09-27,Client-140: M/s Brijesh Weavers,Satin 2-Inch (Label-102),330,47.53
INV-3888,2025-07-20,Client-041: M/s Varsha Handloom,Organza Sheer (Label-210),40,49.7
INV-3249,2023-05-22,Client-007: M/s Hasmukh Collections,Lace Trim Border (Label-217),112,64.82
INV-2132,2024-06-30,Client-034: M/s Mansukhbhai Event Planners,Metallic Zari (Label-306),24,157.5
INV-1256,2023-02-08,Client-053: M/s Malti Enterprises,Nylon Woven (Label-501),674,29.85
INV-2300,2026-06-18,Client-150: M/s Kantilal Event Planners,Chanderi Block Print (Label-221),376,147.57
INV-1227,2026-01-19,Client-114: M/s Padma Enterprises,Lace Trim Border (Label-217),40,70.04
INV-3919,2025-06-20,Client-096: M/s Kiran Emporium,Organza Sheer (Label-210),58,51.47
INV-2465,2023-01-07,Client-079: M/s Savita Weavers,Embroidered Mirror Work (Label-422),60,213.34
INV-2384,2024-08-09,Client-095: M/s Shardaben Handloom,Multicolor Taffeta (Label-308),56,93.64
INV-0150,2026-03-08,Client-014: Shri Usha Fabrics,Organza Sheer (Label-210),18,51.23
INV-0870,2026-08-04,Client-073: M/s Lakshmi Event Planners,Cotton Herringbone (Label-203),41,44.44
INV-1979,2023-10-01,Client-084: M/s Kantilal Embroidery Works,Polyester Grosgrain (Label-408),57,34.05
INV-2457,2026-01-28,Client-033: M/s Vivek Fabrics,Velvet Roll (Label-405),366,130.22
INV-3866,2026-02-15,Client-092: M/s Pushpa Silk House,Satin 1-Inch (Label-101),20,34.88
INV-2213,2023-12-20,Client-128: M/s Balaji Event Planners,Jacquard Brocade (Label-315),1020,176.23
INV-1007,2024-07-06,Client-139: M/s Gopal Fashion House,Kutch Embroidery Border (Label-407),69,243.55
INV-3048,2026-02-16,Client-145: M/s Rahul Decorators,Velvet Roll (Label-405),32,119.34
INV-0706,2026-02-09,Client-122: M/s Bhikhabhai Enterprises,Metallic Zari (Label-306),361,155.31
INV-3144,2024-03-13,Client-138: Smt. Natubhai Weavers,Organza Sheer (Label-210),417,56.38
INV-3597,2024-11-21,Client-074: M/s Amrut Fashion House,Gold Zardozi (Label-501),513,300.97
INV-1988,2025-11-04,Client-117: Smt. Narottam Emporium,Gota Patti (Label-204),44,84.76
INV-0180,2024-01-05,Client-088: M/s Pooja Creations,Satin 2-Inch (Label-102),515,46.92
INV-0110,2024-02-16,Client-139: M/s Gopal Fashion House,Lace Trim Border (Label-217),110,65.4
INV-3079,2024-12-06,Client-066: Smt. Krunal Embroidery Works,Cotton Herringbone (Label-203),155,45.84
INV-1056,2024-02-01,Client-047: M/s Harish Creations,Velvet Roll (Label-405),15,122.37
INV-3953,2025-11-07,Client-092: M/s Pushpa Silk House,Chanderi Block Print (Label-221),6,144.37
INV-0315,2026-02-18,Client-054: Smt. Subhash Creations,Metallic Zari (Label-306),69,153.7
INV-1823,2024-07-15,Client-065: Shri Arvind Emporium,Chanderi Block Print (Label-221),103,143.38
INV-0568,2024-08-29,Client-013: M/s Gopal Exports,Velvet Roll (Label-405),50,127.52
INV-0880,2023-06-27,Client-061: M/s Poonam Enterprises,Lace Trim Border (Label-217),576,64.37
INV-2231,2025-01-29,Client-012: M/s Nayna Event Planners,Silk Printed (Label-112),150,87.37
INV-1412,2025-01-24,Client-099: M/s Sushila Garments,Embroidered Mirror Work (Label-422),128,219.9
INV-3225,2026-06-19,Client-087: M/s Mayur Creations,Silk Printed (Label-112),15,92.56
INV-3937,2023-12-25,Client-076: Smt. Ashok Designs,Organza Sheer (Label-210),108,51.84
INV-3250,2024-08-02,Client-117: Smt. Narottam Emporium,Polyester Grosgrain (Label-408),149,31.87
INV-0930,2024-08-20,Client-007: M/s Hasmukh Collections,Polyester Grosgrain (Label-408),121,31.9
INV-2579,2025-02-01,Client-107: M/s Ramniklal Event Planners,Gota Patti (Label-204),19,92.98
INV-3380,2025-06-10,Client-003: M/s Vinod Traders,Multicolor Taffeta (Label-308),245,92.19
INV-2293,2025-08-20,Client-010: M/s Pallavi Designs,Patola Woven Border (Label-330),3,238.51
INV-1503,2023-10-07,Client-132: M/s Shanta Creations,Patola Woven Border (Label-330),195,274.9
INV-3783,2025-10-28,Client-103: Shri Vijay Fashion House,Gota Patti (Label-204),694,89.11
INV-0606,2023-10-25,Client-015: M/s Savita Decorators,Silk Printed (Label-112),134,90.57
INV-1989,2025-04-02,Client-014: Shri Usha Fabrics,Polyester Grosgrain (Label-408),468,31.52
INV-0015,2025-03-29,Client-002: M/s Chandrika Fashion House,Velvet Roll (Label-405),11,126.68
INV-1262,2023-04-30,Client-026: Smt. Vivek Fabrics,Metallic Zari (Label-306),44,148.56
INV-3239,2025-10-13,Client-023: M/s Navin Embroidery Works,Organza Sheer (Label-210),55,52.88
INV-3319,2025-03-05,Client-064: Smt. Nayna Exports,Nylon Woven (Label-501),69,28.32
INV-0009,2023-01-01,Client-054: Smt. Subhash Creations,Embroidered Mirror Work (Label-422),51,222.0
INV-0890,2026-02-20,Client-053: M/s Malti Enterprises,Silver Tissue (Label-312),17,189.16
INV-3149,2023-04-14,Client-039: Shri Jignesh Designs,Nylon Woven (Label-501),38,29.97
INV-3552,2024-11-20,Client-022: Shri Champa Traders,Silver Tissue (Label-312),72,192.09
INV-1445,2025-02-20,Client-144: M/s Pooja Fashion House,Embroidered Mirror Work (Label-422),124,222.95
INV-0394,2024-12-19,Client-110: M/s Anita Embroidery Works,Jacquard Brocade (Label-315),855,179.07
INV-1583,2026-01-03,Client-099: M/s Sushila Garments,Satin 1-Inch (Label-101),68,35.57
INV-2859,2023-04-24,Client-120: M/s Usha Enterprises,Gold Zardozi (Label-501),239,303.0
INV-0539,2025-12-30,Client-122: M/s Bhikhabhai Enterprises,Patola Woven Border (Label-330),122,242.92
INV-1488,2023-02-23,Client-064: Smt. Nayna Exports,Satin 1-Inch (Label-101),76,33.39
INV-0808,2024-09-16,Client-090: Shri Prital Handloom,Raw Silk Ribbon (Label-115),124,117.07
INV-3415,2024-04-19,Client-081: M/s Mahesh Traders,Gota Patti (Label-204),38,84.81
INV-0799,2023-01-24,Client-098: M/s Bhavna Garments,Banarasi Zari Border (Label-302),187,139.34
INV-3540,2023-09-19,Client-084: M/s Kantilal Embroidery Works,Nylon Woven (Label-501),564,26.76
INV-1816,2026-01-14,Client-007: M/s Hasmukh Collections,Raw Silk Ribbon (Label-115),99,115.6
INV-2330,2024-05-19,Client-084: M/s Kantilal Embroidery Works,Nylon Woven (Label-501),168,30.3
INV-2648,2023-02-11,Client-076: Smt. Ashok Designs,Chiffon Pleated (Label-119),6,79.09
INV-1425,2025-02-12,Client-017: M/s Rahul Creations,Metallic Zari (Label-306),28,144.95
INV-2360,2026-04-06,Client-131: M/s Geeta Fabrics,Jacquard Brocade (Label-315),200,171.4
INV-3322,2024-01-29,Client-001: M/s Geeta Textiles,Silver Tissue (Label-312),213,207.34
INV-0788,2026-05-31,Client-140: M/s Brijesh Weavers,Silk Printed (Label-112),289,92.63
INV-1993,2026-04-23,Client-132: M/s Shanta Creations,Raw Silk Ribbon (Label-115),117,115.01
INV-1117,2024-06-09,Client-061: M/s Poonam Enterprises,Chiffon Pleated (Label-119),8,71.08
INV-1321,2024-06-20,Client-087: M/s Mayur Creations,Silver Tissue (Label-312),132,185.09
INV-3657,2025-12-19,Client-130: M/s Jignesh Creations,Satin 2-Inch (Label-102),33,51.07
INV-1553,2026-07-19,Client-095: M/s Shardaben Handloom,Metallic Zari (Label-306),57,146.66
INV-0033,2024-12-17,Client-018: Smt. Foram Fabrics,Chanderi Block Print (Label-221),88,122.59
INV-0464,2023-11-01,Client-063: Smt. Padma Saree Centre,Chanderi Block Print (Label-221),34,129.47
INV-2516,2025-08-18,Client-067: M/s Bhavik Traders,Kutch Embroidery Border (Label-407),43,232.69
INV-2296,2025-07-10,Client-022: Shri Champa Traders,Patola Woven Border (Label-330),146,270.67
INV-0167,2025-08-18,Client-078: M/s Prital Exports,Cotton Herringbone (Label-203),286,42.77
INV-2863,2023-04-22,Client-045: M/s Akash Saree Centre,Banarasi Zari Border (Label-302),8,156.12
INV-0415,2025-12-22,Client-043: Smt. Manju Weavers,Multicolor Taffeta (Label-308),75,85.38
INV-0034,2024-05-21,Client-006: M/s Naresh Exports,Raw Silk Ribbon (Label-115),25,102.35
INV-0185,2025-08-18,Client-050: Smt. Balaji Boutique,Lace Trim Border (Label-217),24,67.32
INV-3023,2026-03-31,Client-123: M/s Alka Collections,Velvet Roll (Label-405),32,114.58
INV-3241,2025-07-18,Client-145: M/s Rahul Decorators,Gold Zardozi (Label-501),1391,278.58
INV-3302,2023-09-27,Client-139: M/s Gopal Fashion House,Polyester Grosgrain (Label-408),320,31.73
INV-1953,2023-06-26,Client-006: M/s Naresh Exports,Jacquard Brocade (Label-315),51,185.11
INV-3750,2024-08-12,Client-051: M/s Brijesh Saree Centre,Multicolor Taffeta (Label-308),75,82.34
INV-1622,2023-05-30,Client-119: M/s Bhikhabhai Emporium,Patola Woven Border (Label-330),2,229.68
INV-1243,2026-05-17,Client-029: M/s Hitesh Boutique,Velvet Roll (Label-405),147,116.87
INV-3550,2025-07-24,Client-149: Shri Alpesh Saree Centre,Patola Woven Border (Label-330),239,251.6
INV-0722,2024-09-06,Client-146: M/s Yash Fashion House,Banarasi Zari Border (Label-302),739,142.05
INV-1175,2023-11-12,Client-126: M/s Mukesh Garments,Embroidered Mirror Work (Label-422),302,219.91
INV-0671,2025-09-13,Client-106: Smt. Kamlesh Designs,Raw Silk Ribbon (Label-115),114,102.14
INV-3332,2026-04-28,Client-019: M/s Sunil Collections,Metallic Zari (Label-306),257,173.57
INV-1747,2026-03-06,Client-119: M/s Bhikhabhai Emporium,Silver Tissue (Label-312),134,182.65
INV-2425,2025-07-02,Client-140: M/s Brijesh Weavers,Lace Trim Border (Label-217),9,65.75
INV-1557,2026-04-09,Client-098: M/s Bhavna Garments,Chanderi Block Print (Label-221),50,128.45
INV-2867,2023-03-24,Client-072: M/s Arun Fashion House,Polyester Grosgrain (Label-408),16,30.31
INV-3537,2023-07-01,Client-029: M/s Hitesh Boutique,Kutch Embroidery Border (Label-407),83,208.5
INV-2585,2023-06-02,Client-094: M/s Dilip Weavers,Satin 1-Inch (Label-101),45,34.99
INV-1745,2023-12-21,Client-083: M/s Vandana Exports,Kutch Embroidery Border (Label-407),47,213.4
INV-3868,2024-06-07,Client-019: M/s Sunil Collections,Silver Tissue (Label-312),30,206.5
INV-0719,2026-03-25,Client-026: Smt. Vivek Fabrics,Cotton Herringbone (Label-203),13,44.55
INV-1371,2023-10-07,Client-119: M/s Bhikhabhai Emporium,Satin 2-Inch (Label-102),276,49.61
INV-2980,2024-09-08,Client-077: Shri Deepak Fashion House,Gold Zardozi (Label-501),257,306.39
INV-3931,2023-09-30,Client-104: M/s Nirmala Designs,Polyester Grosgrain (Label-408),37,30.46
INV-2021,2025-05-06,Client-072: M/s Arun Fashion House,Metallic Zari (Label-306),214,168.66
INV-2611,2023-05-03,Client-135: M/s Anjali Emporium,Polyester Grosgrain (Label-408),15,30.1
INV-1627,2026-05-16,Client-016: M/s Padma Garments,Lace Trim Border (Label-217),189,68.76
INV-2426,2024-01-15,Client-030: M/s Shardaben Fashion House,Silver Tissue (Label-312),29,177.05
INV-3054,2026-02-07,Client-147: M/s Jagdish Silk House,Lace Trim Border (Label-217),14,70.65
INV-3008,2025-09-29,Client-050: Smt. Balaji Boutique,Silver Tissue (Label-312),47,196.52
INV-0600,2025-04-25,Client-132: M/s Shanta Creations,Polyester Grosgrain (Label-408),32,34.2
INV-1748,2025-06-13,Client-135: M/s Anjali Emporium,Multicolor Taffeta (Label-308),113,91.42
INV-2352,2023-05-23,Client-140: M/s Brijesh Weavers,Banarasi Zari Border (Label-302),42,145.72
INV-1430,2025-03-27,Client-015: M/s Savita Decorators,Lace Trim Border (Label-217),373,69.85
INV-1115,2024-05-07,Client-077: Shri Deepak Fashion House,Embroidered Mirror Work (Label-422),81,206.23
INV-0643,2023-07-21,Client-149: Shri Alpesh Saree Centre,Satin 2-Inch (Label-102),11,54.52
INV-0403,2025-01-03,Client-137: M/s Vandana Traders,Chiffon Pleated (Label-119),11,70.77
INV-0491,2023-08-03,Client-044: Shri Meena Silk House,Chiffon Pleated (Label-119),77,69.91
INV-2500,2025-05-01,Client-063: Smt. Padma Saree Centre,Organza Sheer (Label-210),255,59.37
INV-1004,2026-03-14,Client-007: M/s Hasmukh Collections,Multicolor Taffeta (Label-308),22,87.36
INV-2115,2025-08-23,,Cotton Herringbone (Label-203),90,43.93
INV-3485,2023-10-03,Client-131: M/s Geeta Fabrics,Velvet Roll (Label-405),80,114.32
INV-1879,2023-12-31,Client-068: M/s Madhuri Fabrics,Raw Silk Ribbon (Label-115),411,107.37
INV-2474,2023-02-14,Client-089: M/s Naresh Fashion House,Lace Trim Border (Label-217),53,63.45
INV-0271,2024-04-07,Client-014: Shri Usha Fabrics,Velvet Roll (Label-405),638,117.92
INV-2342,2023-01-23,Client-053: M/s Malti Enterprises,Organza Sheer (Label-210),72,52.76
INV-3059,2023-10-10,Client-046: M/s Bhikhabhai Textiles,Jacquard Brocade (Label-315),19,162.43
INV-3199,2024-10-25,Client-050: Smt. Balaji Boutique,Multicolor Taffeta (Label-308),247,79.26
INV-1045,2025-04-28,Client-119: M/s Bhikhabhai Emporium,Kutch Embroidery Border (Label-407),94,241.74
INV-3498,2024-12-15,Client-108: M/s Shyam Event Planners,Gota Patti (Label-204),78,79.67
INV-2794,2026-06-04,Client-099: M/s Sushila Garments,Silver Tissue (Label-312),594,181.35
INV-2393,2023-08-18,Client-140: M/s Brijesh Weavers,Banarasi Zari Border (Label-302),10,145.57
INV-3471,2026-05-12,Client-063: Smt. Padma Saree Centre,Silk Printed (Label-112),47,92.21
INV-3838,2024-02-14,Client-049: Shri Ketan Industries,Raw Silk Ribbon (Label-115),10,100.86
INV-2359,2023-03-15,Client-150: M/s Kantilal Event Planners,Satin 2-Inch (Label-102),89,45.07
INV-2335,2023-06-16,Client-119: M/s Bhikhabhai Emporium,Raw Silk Ribbon (Label-115),318,118.81
INV-0018,2025-06-25,Client-130: M/s Jignesh Creations,Embroidered Mirror Work (Label-422),131,223.88
INV-3655,2023-05-19,Client-053: M/s Malti Enterprises,Metallic Zari (Label-306),134,150.66
INV-1211,2024-11-27,Client-012: M/s Nayna Event Planners,Silver Tissue (Label-312),18,185.93
INV-2118,2024-08-23,Client-107: M/s Ramniklal Event Planners,Jacquard Brocade (Label-315),5,172.17
INV-0230,2023-09-22,Client-015: M/s Savita Decorators,Velvet Roll (Label-405),97,120.43
INV-1118,2023-02-26,Client-080: Shri Nayna Weavers,Multicolor Taffeta (Label-308),270,87.74
INV-1293,2024-04-04,Client-108: M/s Shyam Event Planners,Silver Tissue (Label-312),-38,193.01
INV-0496,2023-04-22,Client-110: M/s Anita Embroidery Works,Satin 1-Inch (Label-101),16,33.56
INV-3545,2024-03-22,,Gota Patti (Label-204),69,76.81
INV-0462,2023-12-11,Client-111: Shri Rekha Textiles,Chiffon Pleated (Label-119),164,74.94
INV-2904,2023-07-04,Client-109: M/s Padma Silk House,Gold Zardozi (Label-501),-44,254.39
INV-1564,2025-12-14,Client-004: Smt. Narottam Fabrics,Raw Silk Ribbon (Label-115),13,101.19
INV-2554,2024-08-17,Client-117: Smt. Narottam Emporium,Banarasi Zari Border (Label-302),-13,138.75
INV-0319,2025-10-15,Client-121: M/s Harish Traders,Metallic Zari (Label-306),431,173.26
INV-2454,2026-03-08,Client-069: Smt. Mohan Designs,Banarasi Zari Border (Label-302),143,158.97
INV-3266,2024-04-08,Client-070: M/s Yash Designs,Embroidered Mirror Work (Label-422),47,200.08
INV-2453,2024-06-05,Client-117: Smt. Narottam Emporium,Silver Tissue (Label-312),135,198.26
INV-1492,2024-09-19,Client-126: M/s Mukesh Garments,Velvet Roll (Label-405),44,120.7
INV-3573,2024-05-11,Client-118: M/s Pravin Textiles,Satin 1-Inch (Label-101),417,31.71
INV-1290,2025-12-27,Client-144: M/s Pooja Fashion House,Multicolor Taffeta (Label-308),396,79.23
INV-3323,2024-08-16,Client-114: M/s Padma Enterprises,Gota Patti (Label-204),29,81.68
INV-3519,2023-06-04,Client-127: M/s Nayna Boutique,Organza Sheer (Label-210),54,51.54
INV-3394,2026-02-13,Client-147: M/s Jagdish Silk House,Silver Tissue (Label-312),393,182.91
INV-2234,2024-08-17,,Nylon Woven (Label-501),161,28.89
INV-0658,2025-11-26,Client-093: Shri Niraj Boutique,Chiffon Pleated (Label-119),64,74.55
INV-1057,2024-10-22,Client-078: M/s Prital Exports,Cotton Herringbone (Label-203),117,43.56
INV-2120,2023-11-29,,Silk Printed (Label-112),20,91.32
INV-3195,2023-12-27,Client-130: M/s Jignesh Creations,Multicolor Taffeta (Label-308),38,83.77
INV-3895,2023-01-28,Client-099: M/s Sushila Garments,Satin 1-Inch (Label-101),70,36.68
INV-1663,2024-07-17,Client-037: M/s Vinod Fashion House,Chanderi Block Print (Label-221),41,122.12
INV-1331,2024-10-21,Client-135: M/s Anjali Emporium,Satin 2-Inch (Label-102),159,52.16
INV-1179,2024-11-30,Client-058: Smt. Deepika Fashion House,Chanderi Block Print (Label-221),60,140.03
INV-3721,2025-10-05,Client-127: M/s Nayna Boutique,Chanderi Block Print (Label-221),37,131.82
INV-2158,2026-06-03,Client-019: M/s Sunil Collections,Metallic Zari (Label-306),65,172.01
INV-0299,2024-01-01,Client-101: Smt. Manju Garments,Gold Zardozi (Label-501),138,259.13
INV-0094,2025-12-28,Client-082: M/s Dhaval Event Planners,Chanderi Block Print (Label-221),38,140.91
INV-2405,2024-10-16,Client-066: Smt. Krunal Embroidery Works,Satin 2-Inch (Label-102),74,53.61
INV-3549,2023-07-09,Client-039: Shri Jignesh Designs,Nylon Woven (Label-501),917,25.98
INV-1576,2024-09-09,Client-074: M/s Amrut Fashion House,Lace Trim Border (Label-217),129,69.88
INV-3746,2025-08-06,Client-070: M/s Yash Designs,Embroidered Mirror Work (Label-422),32,192.79
INV-2887,2024-12-08,Client-150: M/s Kantilal Event Planners,Satin 2-Inch (Label-102),22,53.23
INV-1794,2026-02-28,Client-010: M/s Pallavi Designs,Lace Trim Border (Label-217),13,71.25
INV-0024,2025-05-10,Client-150: M/s Kantilal Event Planners,Gota Patti (Label-204),16,91.06
INV-3351,2023-04-04,Client-065: Shri Arvind Emporium,Silver Tissue (Label-312),116,183.96
INV-3624,2025-03-11,Client-099: M/s Sushila Garments,Raw Silk Ribbon (Label-115),117,113.72
INV-1732,2025-02-12,Client-071: M/s Kavya Fabrics,Chanderi Block Print (Label-221),161,139.83
INV-1085,2025-04-08,Client-131: M/s Geeta Fabrics,Cotton Herringbone (Label-203),23,39.04
INV-3992,2023-11-10,Client-029: M/s Hitesh Boutique,Silk Printed (Label-112),60,92.39
INV-2666,2025-10-23,Client-011: M/s Kavya Industries,Metallic Zari (Label-306),32,156.14
INV-2379,2023-03-03,Client-111: Shri Rekha Textiles,Multicolor Taffeta (Label-308),6,86.46
INV-1273,2023-11-27,Client-145: M/s Rahul Decorators,Satin 1-Inch (Label-101),141,33.6
INV-0306,2024-10-15,Client-083: M/s Vandana Exports,Nylon Woven (Label-501),45,26.89
INV-2903,2025-04-24,Client-026: Smt. Vivek Fabrics,Multicolor Taffeta (Label-308),113,86.22
INV-2762,2023-12-03,Client-021: M/s Yash Emporium,Raw Silk Ribbon (Label-115),939,102.59
INV-0599,2024-05-23,Client-088: M/s Pooja Creations,Polyester Grosgrain (Label-408),51,31.7
INV-3880,2023-04-24,Client-120: M/s Usha Enterprises,Polyester Grosgrain (Label-408),56,30.49
INV-0872,2026-03-11,Client-008: M/s Natubhai Exports,Jacquard Brocade (Label-315),495,164.29
INV-2546,2025-05-14,Client-146: M/s Yash Fashion House,Jacquard Brocade (Label-315),160,157.76
INV-2122,2023-03-12,Client-037: M/s Vinod Fashion House,Embroidered Mirror Work (Label-422),75,190.95
INV-1361,2026-05-23,Client-135: M/s Anjali Emporium,Metallic Zari (Label-306),56,173.13
INV-1937,2025-01-18,Client-089: M/s Naresh Fashion House,Embroidered Mirror Work (Label-422),140,197.98
INV-2759,2024-02-04,Client-117: Smt. Narottam Emporium,Nylon Woven (Label-501),260,25.7
INV-3645,2025-01-27,Client-109: M/s Padma Silk House,Multicolor Taffeta (Label-308),398,87.45
INV-1540,2023-06-03,Client-088: M/s Pooja Creations,Polyester Grosgrain (Label-408),71,33.44
INV-2211,2025-02-03,Client-001: M/s Geeta Textiles,Gold Zardozi (Label-501),13,252.7
INV-1053,2024-06-15,Client-015: M/s Savita Decorators,Organza Sheer (Label-210),50,53.02
INV-1567,2024-11-24,Client-022: Shri Champa Traders,Silk Printed (Label-112),22,88.15
INV-3247,2024-01-21,Client-132: M/s Shanta Creations,Patola Woven Border (Label-330),57,261.25
INV-1927,2026-04-28,Client-056: M/s Shyamlal Textiles,Cotton Herringbone (Label-203),78,39.3
INV-2024,2023-12-30,Client-001: M/s Geeta Textiles,Silver Tissue (Label-312),151,207.86
INV-0409,2025-01-31,Client-043: Smt. Manju Weavers,Banarasi Zari Border (Label-302),90,141.99
INV-0100,2024-05-08,Client-150: M/s Kantilal Event Planners,Organza Sheer (Label-210),90,52.05
INV-1212,2025-11-21,Client-027: M/s Rajendra Creations,Banarasi Zari Border (Label-302),43,157.37
INV-1433,2025-08-31,Client-049: Shri Ketan Industries,Gota Patti (Label-204),36,93.27
INV-0316,2024-03-09,Client-031: M/s Paresh Garments,Satin 2-Inch (Label-102),336,54.14
INV-1174,2025-03-27,Client-054: Smt. Subhash Creations,Jacquard Brocade (Label-315),645,171.1
INV-1236,2025-11-23,Client-093: Shri Niraj Boutique,Multicolor Taffeta (Label-308),40,80.92
INV-3160,2023-01-29,Client-094: M/s Dilip Weavers,Chiffon Pleated (Label-119),64,75.86
INV-2733,2023-04-23,Client-006: M/s Naresh Exports,Silver Tissue (Label-312),67,193.95
INV-3973,2024-07-05,Client-100: Smt. Kavita Saree Centre,Silk Printed (Label-112),441,102.29
INV-3641,2025-07-08,Client-085: M/s Nayna Industries,Velvet Roll (Label-405),98,111.22
INV-0752,2024-07-05,Client-113: Smt. Kantilal Exports,Gota Patti (Label-204),292,80.46
INV-3116,2023-09-14,Client-056: M/s Shyamlal Textiles,Patola Woven Border (Label-330),117,234.69
INV-0157,2024-12-26,Client-011: M/s Kavya Industries,Embroidered Mirror Work (Label-422),127,189.79
INV-2562,2026-02-05,Client-030: M/s Shardaben Fashion House,Nylon Woven (Label-501),160,30.38
INV-0121,2026-06-14,Client-072: M/s Arun Fashion House,Banarasi Zari Border (Label-302),354,150.52
INV-1455,2024-03-07,Client-058: Smt. Deepika Fashion House,Banarasi Zari Border (Label-302),23,157.27
INV-0512,2023-07-25,Client-145: M/s Rahul Decorators,Velvet Roll (Label-405),890,126.86
INV-1518,2024-02-11,Client-073: M/s Lakshmi Event Planners,Banarasi Zari Border (Label-302),409,134.38
INV-3505,2023-07-22,Client-037: M/s Vinod Fashion House,Organza Sheer (Label-210),45,57.76
INV-2017,2023-02-17,Client-073: M/s Lakshmi Event Planners,Silver Tissue (Label-312),42,204.52
INV-3441,2025-05-30,Client-088: M/s Pooja Creations,Banarasi Zari Border (Label-302),13,148.18
INV-2847,2023-07-29,Client-141: Shri Brijesh Event Planners,Jacquard Brocade (Label-315),26,182.64
INV-1603,2025-09-17,Client-081: M/s Mahesh Traders,Satin 1-Inch (Label-101),-28,38.1
INV-3779,2025-08-31,Client-072: M/s Arun Fashion House,Satin 1-Inch (Label-101),1435,35.8
INV-3804,2025-11-12,Client-001: M/s Geeta Textiles,Silk Printed (Label-112),132,103.35
INV-0677,2025-06-02,Client-095: M/s Shardaben Handloom,Banarasi Zari Border (Label-302),38,150.73
INV-0241,2025-07-09,Client-025: M/s Ruchita Exports,Banarasi Zari Border (Label-302),112,138.92
INV-1024,2025-01-31,Client-013: M/s Gopal Exports,Organza Sheer (Label-210),144,53.38
INV-2217,2024-08-19,Client-047: M/s Harish Creations,Kutch Embroidery Border (Label-407),72,230.85
INV-1512,2024-11-03,Client-028: Shri Tarun Industries,Gota Patti (Label-204),117,82.45
INV-2814,2024-11-14,Client-069: Smt. Mohan Designs,Banarasi Zari Border (Label-302),36,132.99
INV-3226,2025-03-08,Client-123: M/s Alka Collections,Nylon Woven (Label-501),49,25.57
INV-3800,2023-06-04,Client-138: Smt. Natubhai Weavers,Velvet Roll (Label-405),57,117.94
INV-3764,2024-04-25,Client-005: M/s Nayna Garments,Banarasi Zari Border (Label-302),32,147.36
INV-2883,2023-10-15,Client-003: M/s Vinod Traders,Kutch Embroidery Border (Label-407),74,237.59
INV-0487,2023-05-19,Client-028: Shri Tarun Industries,Gota Patti (Label-204),179,77.32
INV-3362,2025-07-25,Client-063: Smt. Padma Saree Centre,Nylon Woven (Label-501),154,26.19
INV-1874,2025-12-03,Client-143: M/s Prakash Silk House,Patola Woven Border (Label-330),9,266.88
INV-2462,2025-02-23,Client-005: M/s Nayna Garments,Jacquard Brocade (Label-315),178,160.69
INV-2438,2023-06-03,Client-008: M/s Natubhai Exports,Embroidered Mirror Work (Label-422),64,191.79
INV-0355,2024-11-05,Client-111: Shri Rekha Textiles,Chanderi Block Print (Label-221),38,147.8
INV-1018,2023-10-31,Client-053: M/s Malti Enterprises,Gold Zardozi (Label-501),178,305.32
INV-3664,2024-11-25,Client-041: M/s Varsha Handloom,Embroidered Mirror Work (Label-422),329,224.72
INV-1742,2023-10-20,Client-051: M/s Brijesh Saree Centre,Embroidered Mirror Work (Label-422),77,213.58
INV-2331,2026-07-22,Client-122: M/s Bhikhabhai Enterprises,Cotton Herringbone (Label-203),148,42.46
INV-2404,2026-07-24,Client-011: M/s Kavya Industries,Patola Woven Border (Label-330),396,249.57
INV-1221,2025-04-18,Client-133: Smt. Manisha Designs,Patola Woven Border (Label-330),53,243.09
INV-0052,2024-01-30,Client-138: Smt. Natubhai Weavers,Jacquard Brocade (Label-315),56,164.2
INV-2723,2025-02-05,Client-032: Shri Lakshmi Event Planners,Banarasi Zari Border (Label-302),60,133.47
INV-1721,2026-06-28,Client-079: M/s Savita Weavers,Nylon Woven (Label-501),182,26.15
INV-0074,2023-08-03,Client-085: M/s Nayna Industries,Embroidered Mirror Work (Label-422),588,218.13
INV-1689,2024-04-29,Client-073: M/s Lakshmi Event Planners,Gota Patti (Label-204),26,87.44
INV-2586,2025-04-13,,Polyester Grosgrain (Label-408),306,30.9
INV-0439,2024-10-17,Client-020: M/s Jagdish Fabrics,Kutch Embroidery Border (Label-407),21,224.15
INV-1475,2026-05-11,Client-002: M/s Chandrika Fashion House,Silver Tissue (Label-312),181,192.94
INV-2761,2023-08-11,Client-021: M/s Yash Emporium,Multicolor Taffeta (Label-308),104,79.39
INV-0803,2026-01-27,Client-022: Shri Champa Traders,Chiffon Pleated (Label-119),156,75.03
INV-0466,2025-12-12,Client-140: M/s Brijesh Weavers,Gota Patti (Label-204),25,93.32
INV-3085,2025-05-11,Client-104: M/s Nirmala Designs,Cotton Herringbone (Label-203),28,46.02
INV-1065,2023-06-10,Client-029: M/s Hitesh Boutique,Satin 1-Inch (Label-101),196,31.63
INV-3911,2024-08-02,Client-102: M/s Sita Industries,Chiffon Pleated (Label-119),333,69.85
INV-0158,2024-10-03,Client-147: M/s Jagdish Silk House,Chiffon Pleated (Label-119),38,78.14
INV-2004,2026-03-15,Client-078: M/s Prital Exports,Raw Silk Ribbon (Label-115),350,110.31
INV-1654,2026-03-17,Client-062: M/s Deepak Creations,Silver Tissue (Label-312),40,213.47
INV-0053,2024-07-20,Client-135: M/s Anjali Emporium,Raw Silk Ribbon (Label-115),39,105.23
INV-1345,2025-08-02,Client-022: Shri Champa Traders,Metallic Zari (Label-306),82,171.07
INV-0221,2025-10-02,Client-035: M/s Chandrakant Silk House,Satin 1-Inch (Label-101),67,34.66
INV-0565,2023-03-22,Client-054: Smt. Subhash Creations,Satin 2-Inch (Label-102),-8,48.31
INV-0027,2024-07-12,Client-008: M/s Natubhai Exports,Chiffon Pleated (Label-119),22,72.54
INV-1584,2026-03-29,Client-057: M/s Drashti Emporium,Satin 1-Inch (Label-101),-49,33.15
INV-2015,2025-01-26,Client-081: M/s Mahesh Traders,Multicolor Taffeta (Label-308),28,91.07
INV-0215,2023-11-24,Client-037: M/s Vinod Fashion House,Raw Silk Ribbon (Label-115),351,113.92
INV-2058,2026-02-04,Client-049: Shri Ketan Industries,Satin 1-Inch (Label-101),18,37.84
INV-0938,2025-09-02,Client-137: M/s Vandana Traders,Nylon Woven (Label-501),326,27.33
INV-0552,2026-07-07,Client-058: Smt. Deepika Fashion House,Lace Trim Border (Label-217),23,62.56
INV-3027,2024-05-02,Client-027: M/s Rajendra Creations,Organza Sheer (Label-210),414,60.23
INV-2587,2023-10-09,Client-026: Smt. Vivek Fabrics,Lace Trim Border (Label-217),1103,59.97
INV-0326,2026-07-15,Client-039: Shri Jignesh Designs,Gota Patti (Label-204),101,80.22
INV-3271,2023-12-21,Client-123: M/s Alka Collections,Banarasi Zari Border (Label-302),466,144.39
INV-3976,2025-02-25,Client-002: M/s Chandrika Fashion House,Velvet Roll (Label-405),37,118.05
INV-1671,2023-09-07,Client-008: M/s Natubhai Exports,Silver Tissue (Label-312),92,176.4
INV-0830,2025-04-27,Client-078: M/s Prital Exports,Multicolor Taffeta (Label-308),310,92.32
INV-3117,2024-09-20,Client-096: M/s Kiran Emporium,Nylon Woven (Label-501),206,25.31
INV-0753,2025-10-07,Client-108: M/s Shyam Event Planners,Polyester Grosgrain (Label-408),664,33.83
INV-3703,2024-11-13,Client-101: Smt. Manju Garments,Metallic Zari (Label-306),86,173.05
INV-3238,2023-02-07,Client-112: M/s Indira Traders,Jacquard Brocade (Label-315),808,180.83
INV-2477,2026-04-14,Client-136: M/s Anjali Decorators,Silk Printed (Label-112),472,101.57
INV-0045,2025-08-09,Client-098: M/s Bhavna Garments,Metallic Zari (Label-306),15,144.92
INV-3988,2025-04-22,Client-012: M/s Nayna Event Planners,Metallic Zari (Label-306),117,167.4
INV-1554,2026-01-29,Client-035: M/s Chandrakant Silk House,Embroidered Mirror Work (Label-422),332,226.73
INV-0502,2026-01-13,Client-059: M/s Sita Fabrics,Silver Tissue (Label-312),531,177.88
INV-2399,2024-09-19,Client-104: M/s Nirmala Designs,Polyester Grosgrain (Label-408),42,34.08
INV-0977,2026-04-06,Client-026: Smt. Vivek Fabrics,Chanderi Block Print (Label-221),154,138.04
INV-2528,2025-02-10,Client-026: Smt. Vivek Fabrics,Satin 1-Inch (Label-101),49,32.08
INV-1193,2024-01-21,Client-054: Smt. Subhash Creations,Satin 2-Inch (Label-102),83,51.49
INV-0811,2024-08-12,,Velvet Roll (Label-405),318,115.32
INV-1000,2025-08-21,Client-130: M/s Jignesh Creations,Banarasi Zari Border (Label-302),28,142.85
INV-0569,2024-08-18,Client-081: M/s Mahesh Traders,Embroidered Mirror Work (Label-422),53,220.02
INV-2793,2023-06-09,Client-017: M/s Rahul Creations,Chanderi Block Print (Label-221),739,139.42
INV-3809,2023-03-03,Client-005: M/s Nayna Garments,Multicolor Taffeta (Label-308),111,81.79
INV-2032,2025-08-02,Client-114: M/s Padma Enterprises,Nylon Woven (Label-501),31,29.66
INV-0367,2024-03-30,Client-133: Smt. Manisha Designs,Silver Tissue (Label-312),167,198.14
INV-0458,2023-10-14,Client-016: M/s Padma Garments,Nylon Woven (Label-501),25,25.93
INV-0257,2026-03-30,Client-014: Shri Usha Fabrics,Kutch Embroidery Border (Label-407),1148,229.1
INV-2187,2024-05-17,Client-113: Smt. Kantilal Exports,Chanderi Block Print (Label-221),92,143.41
INV-2271,2024-02-27,Client-045: M/s Akash Saree Centre,Cotton Herringbone (Label-203),91,46.06
INV-1477,2023-03-13,Client-032: Shri Lakshmi Event Planners,Gold Zardozi (Label-501),92,268.72
INV-0577,2023-05-10,Client-081: M/s Mahesh Traders,Gota Patti (Label-204),55,88.48
INV-2340,2024-01-21,Client-031: M/s Paresh Garments,Polyester Grosgrain (Label-408),3758,33.49
INV-2141,2023-09-16,Client-118: M/s Pravin Textiles,Velvet Roll (Label-405),30,110.89
INV-2283,2025-06-22,Client-047: M/s Harish Creations,Multicolor Taffeta (Label-308),71,94.93
INV-3737,2024-12-02,Client-014: Shri Usha Fabrics,Kutch Embroidery Border (Label-407),98,223.62
INV-1765,2023-08-08,Client-109: M/s Padma Silk House,Organza Sheer (Label-210),235,49.81
INV-2305,2025-10-11,Client-048: M/s Bhavesh Traders,Satin 2-Inch (Label-102),136,47.88
INV-2894,2025-06-02,Client-006: M/s Naresh Exports,Embroidered Mirror Work (Label-422),46,198.58
INV-0292,2025-09-28,Client-131: M/s Geeta Fabrics,Multicolor Taffeta (Label-308),182,93.43
INV-0730,2023-05-27,Client-088: M/s Pooja Creations,Nylon Woven (Label-501),338,26.96
INV-1614,2023-06-28,Client-117: Smt. Narottam Emporium,Metallic Zari (Label-306),96,149.43
INV-0135,2024-10-27,Client-136: M/s Anjali Decorators,Polyester Grosgrain (Label-408),25,31.7
INV-1511,2025-08-06,Client-125: Shri Padma Saree Centre,Banarasi Zari Border (Label-302),55,140.82
INV-3222,2025-11-07,,Velvet Roll (Label-405),228,126.11
INV-0681,2023-01-15,Client-031: M/s Paresh Garments,Gold Zardozi (Label-501),547,252.4
INV-3474,2024-11-15,Client-097: M/s Deepika Designs,Nylon Woven (Label-501),150,28.47
INV-0264,2024-07-25,Client-058: Smt. Deepika Fashion House,Polyester Grosgrain (Label-408),228,33.74
INV-2429,2023-10-08,Client-063: Smt. Padma Saree Centre,Satin 2-Inch (Label-102),81,53.01
INV-3350,2023-10-24,Client-050: Smt. Balaji Boutique,Jacquard Brocade (Label-315),29,158.1
INV-2242,2023-12-09,Client-066: Smt. Krunal Embroidery Works,Patola Woven Border (Label-330),137,260.75
INV-0765,2026-07-04,Client-092: M/s Pushpa Silk House,Chanderi Block Print (Label-221),29,125.66
INV-0057,2025-08-19,Client-088: M/s Pooja Creations,Jacquard Brocade (Label-315),32,191.29
INV-2785,2026-06-01,Client-140: M/s Brijesh Weavers,Gota Patti (Label-204),94,92.7
INV-0683,2024-06-19,Client-109: M/s Padma Silk House,Kutch Embroidery Border (Label-407),333,223.82
INV-1294,2024-11-16,Client-147: M/s Jagdish Silk House,Gota Patti (Label-204),24,93.33
INV-2186,2024-07-14,,Nylon Woven (Label-501),661,29.87
INV-1310,2025-01-02,Client-139: M/s Gopal Fashion House,Organza Sheer (Label-210),23,51.12
INV-3401,2025-03-04,Client-143: M/s Prakash Silk House,Cotton Herringbone (Label-203),48,44.24
INV-0545,2025-02-20,Client-106: Smt. Kamlesh Designs,Banarasi Zari Border (Label-302),41,155.75
INV-1861,2024-08-07,Client-082: M/s Dhaval Event Planners,Jacquard Brocade (Label-315),79,190.87
INV-2709,2024-11-17,Client-020: M/s Jagdish Fabrics,Satin 1-Inch (Label-101),174,33.29
INV-3932,2026-02-22,Client-083: M/s Vandana Exports,Nylon Woven (Label-501),132,29.47
INV-1729,2026-05-05,Client-070: M/s Yash Designs,Patola Woven Border (Label-330),166,250.97
INV-2346,2023-02-04,Client-084: M/s Kantilal Embroidery Works,Silver Tissue (Label-312),776,194.11
INV-0839,2025-02-18,Client-101: Smt. Manju Garments,Raw Silk Ribbon (Label-115),58,119.66
INV-0171,2024-01-21,Client-122: M/s Bhikhabhai Enterprises,Gold Zardozi (Label-501),67,260.45
INV-2025,2023-12-19,Client-026: Smt. Vivek Fabrics,Chiffon Pleated (Label-119),235,76.2
INV-3847,2023-11-06,Client-047: M/s Harish Creations,Nylon Woven (Label-501),22,27.09
INV-3585,2023-11-09,Client-071: M/s Kavya Fabrics,Satin 1-Inch (Label-101),25,38.19
INV-1551,2023-03-22,Client-072: M/s Arun Fashion House,Organza Sheer (Label-210),68,52.47
INV-1589,2026-04-06,Client-041: M/s Varsha Handloom,Gota Patti (Label-204),65,79.0
INV-2764,2025-08-15,Client-147: M/s Jagdish Silk House,Lace Trim Border (Label-217),25,63.39
INV-0189,2023-11-25,Client-132: M/s Shanta Creations,Organza Sheer (Label-210),158,58.64
INV-0013,2023-10-29,,Nylon Woven (Label-501),120,30.71
INV-3839,2025-04-04,,Gota Patti (Label-204),158,91.75
INV-0323,2024-11-22,Client-126: M/s Mukesh Garments,Chanderi Block Print (Label-221),132,141.47
INV-0986,2025-01-15,Client-112: M/s Indira Traders,Cotton Herringbone (Label-203),85,40.61
INV-3630,2025-12-06,Client-041: M/s Varsha Handloom,Polyester Grosgrain (Label-408),113,34.23
INV-0433,2024-07-04,Client-031: M/s Paresh Garments,Gota Patti (Label-204),465,82.2
INV-1092,2023-09-01,Client-081: M/s Mahesh Traders,Chiffon Pleated (Label-119),98,74.14
INV-2895,2024-07-30,Client-028: Shri Tarun Industries,Metallic Zari (Label-306),244,154.22
INV-2837,2023-09-23,Client-132: M/s Shanta Creations,Jacquard Brocade (Label-315),86,189.67
INV-2892,2025-01-11,Client-123: M/s Alka Collections,Nylon Woven (Label-501),43,28.32
INV-2239,2024-01-24,Client-125: Shri Padma Saree Centre,Cotton Herringbone (Label-203),28,42.84
INV-3124,2025-05-13,Client-012: M/s Nayna Event Planners,Lace Trim Border (Label-217),228,61.68
INV-3685,2024-12-13,Client-077: Shri Deepak Fashion House,Kutch Embroidery Border (Label-407),225,244.59
INV-1806,2025-01-01,Client-057: M/s Drashti Emporium,Multicolor Taffeta (Label-308),36,91.75
INV-1316,2023-03-28,Client-001: M/s Geeta Textiles,Chanderi Block Print (Label-221),99,127.52
INV-2958,2023-05-10,Client-019: M/s Sunil Collections,Silk Printed (Label-112),37,104.48
INV-1097,2024-08-05,Client-008: M/s Natubhai Exports,Kutch Embroidery Border (Label-407),53,209.08
INV-1946,2024-02-02,Client-005: M/s Nayna Garments,Metallic Zari (Label-306),193,170.79
INV-1033,2025-09-07,Client-036: M/s Rahul Enterprises,Patola Woven Border (Label-330),722,252.55
INV-1019,2025-05-03,Client-139: M/s Gopal Fashion House,Organza Sheer (Label-210),482,54.71
INV-0239,2024-10-02,Client-082: M/s Dhaval Event Planners,Lace Trim Border (Label-217),192,71.18
INV-0175,2023-04-18,Client-086: M/s Neha Fashion House,Satin 1-Inch (Label-101),82,33.81
INV-2241,2026-07-29,Client-041: M/s Varsha Handloom,Satin 2-Inch (Label-102),534,45.67
INV-2568,2023-09-06,Client-001: M/s Geeta Textiles,Nylon Woven (Label-501),29,25.57
INV-0819,2025-07-26,Client-006: M/s Naresh Exports,Banarasi Zari Border (Label-302),51,137.67
INV-0991,2025-08-22,Client-014: Shri Usha Fabrics,Embroidered Mirror Work (Label-422),41,195.09
INV-1917,2025-03-28,,Velvet Roll (Label-405),44,118.45
INV-1114,2026-03-05,Client-016: M/s Padma Garments,Gold Zardozi (Label-501),216,263.24
INV-1379,2023-02-02,Client-004: Smt. Narottam Fabrics,Metallic Zari (Label-306),223,170.26
INV-1427,2023-01-15,Client-011: M/s Kavya Industries,Velvet Roll (Label-405),40,113.07
INV-0411,2023-09-29,Client-133: Smt. Manisha Designs,Patola Woven Border (Label-330),-29,247.25
INV-1139,2024-10-04,Client-029: M/s Hitesh Boutique,Jacquard Brocade (Label-315),317,166.24
INV-0818,2024-10-08,Client-137: M/s Vandana Traders,Satin 1-Inch (Label-101),101,32.8
INV-2963,2024-06-20,Client-025: M/s Ruchita Exports,Embroidered Mirror Work (Label-422),200,202.35
INV-1733,2025-07-09,Client-135: M/s Anjali Emporium,Jacquard Brocade (Label-315),192,166.79
INV-2349,2026-03-10,Client-131: M/s Geeta Fabrics,Banarasi Zari Border (Label-302),200,151.46
INV-1451,2025-08-01,Client-076: Smt. Ashok Designs,Nylon Woven (Label-501),32,28.0
INV-0228,2026-03-23,Client-082: M/s Dhaval Event Planners,Chanderi Block Print (Label-221),51,123.5
INV-2701,2023-08-18,Client-135: M/s Anjali Emporium,Gota Patti (Label-204),21,80.65
INV-1581,2025-10-09,Client-106: Smt. Kamlesh Designs,Raw Silk Ribbon (Label-115),31,116.46
INV-1162,2024-01-11,Client-067: M/s Bhavik Traders,Jacquard Brocade (Label-315),75,182.21
INV-0352,2023-12-09,Client-108: M/s Shyam Event Planners,Polyester Grosgrain (Label-408),118,31.9
INV-1394,2023-03-23,Client-107: M/s Ramniklal Event Planners,Chanderi Block Print (Label-221),29,143.44
INV-1264,2026-04-15,Client-131: M/s Geeta Fabrics,Gold Zardozi (Label-501),41,273.56
INV-1238,2025-07-02,Client-135: M/s Anjali Emporium,Chiffon Pleated (Label-119),33,76.32
INV-1201,2026-02-07,Client-107: M/s Ramniklal Event Planners,Satin 2-Inch (Label-102),478,46.17
INV-2179,2025-02-22,Client-125: Shri Padma Saree Centre,Lace Trim Border (Label-217),68,62.88
INV-2467,2025-06-28,Client-099: M/s Sushila Garments,Raw Silk Ribbon (Label-115),26,115.52
INV-2011,2026-01-13,Client-143: M/s Prakash Silk House,Gota Patti (Label-204),346,82.33
INV-1378,2025-02-11,Client-064: Smt. Nayna Exports,Lace Trim Border (Label-217),172,70.31
INV-0070,2024-10-22,Client-007: M/s Hasmukh Collections,Satin 1-Inch (Label-101),41,33.1
INV-3598,2024-01-02,Client-136: M/s Anjali Decorators,Gold Zardozi (Label-501),258,267.52
INV-0046,2024-01-08,Client-091: M/s Bharat Silk House,Cotton Herringbone (Label-203),37,40.66
INV-1069,2024-12-20,,Organza Sheer (Label-210),42,58.8
INV-3494,2025-10-28,Client-017: M/s Rahul Creations,Gold Zardozi (Label-501),106,279.63
INV-0184,2024-05-01,Client-073: M/s Lakshmi Event Planners,Multicolor Taffeta (Label-308),32,83.32
INV-2251,2024-08-20,Client-058: Smt. Deepika Fashion House,Jacquard Brocade (Label-315),53,179.45
INV-1414,2023-10-30,Client-117: Smt. Narottam Emporium,Patola Woven Border (Label-330),586,232.37
INV-1587,2024-05-11,Client-058: Smt. Deepika Fashion House,Banarasi Zari Border (Label-302),34,152.16
INV-1271,2023-12-09,,Satin 2-Inch (Label-102),244,47.73
INV-1415,2026-03-30,Client-042: M/s Pooja Traders,Gota Patti (Label-204),93,78.48
INV-0140,2025-06-03,Client-096: M/s Kiran Emporium,Organza Sheer (Label-210),61,55.62
INV-3354,2026-06-02,Client-072: M/s Arun Fashion House,Kutch Embroidery Border (Label-407),321,238.77
INV-3212,2024-08-11,Client-122: M/s Bhikhabhai Enterprises,Nylon Woven (Label-501),39,29.58
INV-0310,2024-01-12,Client-122: M/s Bhikhabhai Enterprises,Nylon Woven (Label-501),103,29.96
INV-0267,2025-03-19,Client-038: M/s Natubhai Creations,Polyester Grosgrain (Label-408),1,29.07
INV-3151,2023-03-26,Client-034: M/s Mansukhbhai Event Planners,Gold Zardozi (Label-501),651,257.24
INV-2169,2026-05-21,Client-101: Smt. Manju Garments,Banarasi Zari Border (Label-302),58,140.57
INV-3208,2023-02-24,Client-048: M/s Bhavesh Traders,Kutch Embroidery Border (Label-407),131,240.41
INV-0064,2026-05-01,Client-009: M/s Narottam Weavers,Nylon Woven (Label-501),21,26.81
INV-2572,2026-01-21,Client-005: M/s Nayna Garments,Raw Silk Ribbon (Label-115),63,116.7
INV-1992,2025-12-24,Client-021: M/s Yash Emporium,Organza Sheer (Label-210),319,49.58
INV-1579,2025-09-06,Client-029: M/s Hitesh Boutique,Kutch Embroidery Border (Label-407),79,226.66
INV-2683,2024-05-30,Client-011: M/s Kavya Industries,Chiffon Pleated (Label-119),32,71.87
INV-0145,2025-05-28,Client-143: M/s Prakash Silk House,Gota Patti (Label-204),13,86.85
INV-3457,2026-06-02,Client-126: M/s Mukesh Garments,Silver Tissue (Label-312),204,178.61
INV-3402,2025-06-16,Client-076: Smt. Ashok Designs,Embroidered Mirror Work (Label-422),59,207.85
INV-3993,2025-12-14,,Metallic Zari (Label-306),284,173.26
INV-1406,2025-07-17,Client-144: M/s Pooja Fashion House,Raw Silk Ribbon (Label-115),805,109.58
INV-3667,2023-12-27,Client-038: M/s Natubhai Creations,Satin 2-Inch (Label-102),93,46.03
INV-2580,2023-06-24,Client-025: M/s Ruchita Exports,Raw Silk Ribbon (Label-115),69,110.45
INV-0777,2023-03-07,Client-100: Smt. Kavita Saree Centre,Patola Woven Border (Label-330),1943,249.5
INV-2172,2024-01-06,,Metallic Zari (Label-306),577,147.16
INV-3025,2026-05-10,Client-098: M/s Bhavna Garments,Cotton Herringbone (Label-203),114,39.27
INV-1965,2023-01-17,Client-122: M/s Bhikhabhai Enterprises,Metallic Zari (Label-306),163,154.77
INV-0970,2024-05-12,Client-034: M/s Mansukhbhai Event Planners,Gota Patti (Label-204),20,79.43
INV-2282,2025-09-03,Client-006: M/s Naresh Exports,Kutch Embroidery Border (Label-407),18,238.65
INV-0252,2025-11-29,Client-132: M/s Shanta Creations,Organza Sheer (Label-210),748,53.11
INV-3615,2025-08-16,Client-015: M/s Savita Decorators,Nylon Woven (Label-501),18,27.82
INV-0865,2024-08-11,Client-082: M/s Dhaval Event Planners,Cotton Herringbone (Label-203),41,42.21
INV-0810,2023-06-25,Client-014: Shri Usha Fabrics,Nylon Woven (Label-501),24,30.51
INV-1599,2024-02-03,Client-027: M/s Rajendra Creations,Satin 1-Inch (Label-101),47,34.04
INV-2593,2023-04-17,Client-025: M/s Ruchita Exports,Kutch Embroidery Border (Label-407),170,207.18
INV-3493,2024-07-08,Client-009: M/s Narottam Weavers,Silk Printed (Label-112),43,91.3
INV-1299,2026-05-13,Client-025: M/s Ruchita Exports,Chanderi Block Print (Label-221),144,133.55
INV-3871,2023-08-28,Client-013: M/s Gopal Exports,Chanderi Block Print (Label-221),8,134.78
INV-0280,2024-06-10,Client-004: Smt. Narottam Fabrics,Metallic Zari (Label-306),156,169.3
INV-1462,2024-02-05,Client-003: M/s Vinod Traders,Lace Trim Border (Label-217),73,67.94
INV-1423,2024-03-11,Client-016: M/s Padma Garments,Jacquard Brocade (Label-315),112,185.82
INV-3284,2023-03-10,Client-050: Smt. Balaji Boutique,Polyester Grosgrain (Label-408),112,31.73
INV-1573,2023-07-28,Client-073: M/s Lakshmi Event Planners,Lace Trim Border (Label-217),43,59.49
INV-0359,2026-04-27,Client-047: M/s Harish Creations,Patola Woven Border (Label-330),251,263.38
INV-3928,2025-08-28,Client-023: M/s Navin Embroidery Works,Silver Tissue (Label-312),89,185.85
INV-0300,2023-01-08,Client-077: Shri Deepak Fashion House,Multicolor Taffeta (Label-308),39,91.05
INV-1076,2025-10-12,Client-074: M/s Amrut Fashion House,Silver Tissue (Label-312),367,203.66
INV-1030,2025-07-27,Client-040: M/s Drashti Fashion House,Gota Patti (Label-204),114,92.99
INV-0535,2024-09-03,Client-133: Smt. Manisha Designs,Nylon Woven (Label-501),36,30.24
INV-3318,2023-08-13,Client-045: M/s Akash Saree Centre,Jacquard Brocade (Label-315),195,162.47
INV-3253,2024-09-25,Client-023: M/s Navin Embroidery Works,Embroidered Mirror Work (Label-422),28,223.28
INV-1771,2023-10-14,Client-078: M/s Prital Exports,Chiffon Pleated (Label-119),79,68.52
INV-2919,2026-04-14,Client-142: M/s Vandana Boutique,Satin 1-Inch (Label-101),86,37.24
INV-0416,2023-11-07,Client-114: M/s Padma Enterprises,Silk Printed (Label-112),103,87.15
INV-0840,2026-01-03,Client-010: M/s Pallavi Designs,Gold Zardozi (Label-501),52,258.12
INV-2628,2024-04-18,Client-012: M/s Nayna Event Planners,Silk Printed (Label-112),70,94.37
INV-3805,2023-08-23,Client-040: M/s Drashti Fashion House,Embroidered Mirror Work (Label-422),110,215.49
INV-1043,2023-10-22,Client-122: M/s Bhikhabhai Enterprises,Gold Zardozi (Label-501),715,307.25
INV-1498,2024-01-10,Client-091: M/s Bharat Silk House,Multicolor Taffeta (Label-308),378,88.04
INV-1399,2026-01-29,Client-053: M/s Malti Enterprises,Nylon Woven (Label-501),17,28.04
INV-0309,2025-02-19,Client-082: M/s Dhaval Event Planners,Embroidered Mirror Work (Label-422),87,206.15
INV-1533,2024-05-20,Client-013: M/s Gopal Exports,Jacquard Brocade (Label-315),73,158.93
INV-2488,2023-09-28,Client-095: M/s Shardaben Handloom,Kutch Embroidery Border (Label-407),83,243.03
INV-3285,2025-04-12,Client-028: Shri Tarun Industries,Gota Patti (Label-204),301,81.62
INV-2619,2023-08-08,Client-073: M/s Lakshmi Event Planners,Cotton Herringbone (Label-203),126,44.6
INV-1074,2023-08-08,Client-091: M/s Bharat Silk House,Chiffon Pleated (Label-119),40,73.86
INV-3300,2023-12-21,Client-149: Shri Alpesh Saree Centre,Silver Tissue (Label-312),128,205.51
INV-3053,2026-03-28,Client-048: M/s Bhavesh Traders,Chiffon Pleated (Label-119),161,67.72
INV-3518,2023-08-12,Client-098: M/s Bhavna Garments,Kutch Embroidery Border (Label-407),18,208.9
INV-0762,2023-01-31,Client-071: M/s Kavya Fabrics,Kutch Embroidery Border (Label-407),36,212.5
INV-2772,2025-05-09,Client-140: M/s Brijesh Weavers,Metallic Zari (Label-306),394,167.51
INV-1111,2026-07-03,Client-141: Shri Brijesh Event Planners,Jacquard Brocade (Label-315),86,188.33
INV-1877,2025-10-14,Client-051: M/s Brijesh Saree Centre,Chanderi Block Print (Label-221),109,145.15
INV-2054,2023-03-09,Client-026: Smt. Vivek Fabrics,Metallic Zari (Label-306),20,160.24
INV-0059,2023-04-20,Client-145: M/s Rahul Decorators,Polyester Grosgrain (Label-408),133,29.35
INV-0077,2025-08-04,Client-049: Shri Ketan Industries,Gold Zardozi (Label-501),241,272.26
INV-0369,2024-12-07,Client-124: M/s Bhavesh Exports,Velvet Roll (Label-405),79,115.09
INV-2430,2025-08-30,Client-055: M/s Balaji Collections,Velvet Roll (Label-405),15,112.14
INV-3201,2025-06-18,Client-017: M/s Rahul Creations,Gota Patti (Label-204),2,92.27
INV-0734,2023-06-13,Client-102: M/s Sita Industries,Velvet Roll (Label-405),84,110.29
INV-3830,2023-12-23,Client-013: M/s Gopal Exports,Cotton Herringbone (Label-203),430,39.36
INV-2320,2026-07-18,Client-094: M/s Dilip Weavers,Gota Patti (Label-204),156,83.88
INV-2385,2025-02-03,Client-096: M/s Kiran Emporium,Silver Tissue (Label-312),321,196.59
INV-2731,2024-09-26,Client-050: Smt. Balaji Boutique,Jacquard Brocade (Label-315),187,188.67
INV-1840,2023-11-04,Client-021: M/s Yash Emporium,Satin 1-Inch (Label-101),13,38.21
INV-2665,2024-08-11,Client-020: M/s Jagdish Fabrics,Organza Sheer (Label-210),147,51.43
INV-0125,2023-04-14,Client-063: Smt. Padma Saree Centre,Organza Sheer (Label-210),484,58.16
INV-3473,2025-05-31,Client-075: Smt. Seema Exports,Multicolor Taffeta (Label-308),82,90.92
INV-3732,2025-07-04,Client-106: Smt. Kamlesh Designs,Silk Printed (Label-112),22,96.69
INV-2257,2026-03-07,Client-058: Smt. Deepika Fashion House,Chanderi Block Print (Label-221),219,122.45
INV-2314,2025-01-10,Client-017: M/s Rahul Creations,Kutch Embroidery Border (Label-407),156,219.07
INV-0430,2025-06-08,Client-015: M/s Savita Decorators,Polyester Grosgrain (Label-408),66,33.06
INV-1974,2023-12-05,Client-038: M/s Natubhai Creations,Silk Printed (Label-112),130,102.28
INV-3954,2025-04-06,Client-068: M/s Madhuri Fabrics,Embroidered Mirror Work (Label-422),74,219.61
INV-0817,2025-03-02,Client-098: M/s Bhavna Garments,Gold Zardozi (Label-501),48,306.69
INV-2717,2024-06-04,Client-092: M/s Pushpa Silk House,Banarasi Zari Border (Label-302),136,154.2
INV-3056,2025-09-23,Client-024: M/s Chirag Industries,Patola Woven Border (Label-330),51,262.4
INV-1692,2023-07-14,Client-107: M/s Ramniklal Event Planners,Polyester Grosgrain (Label-408),78,30.56
INV-0388,2024-03-27,Client-071: M/s Kavya Fabrics,Nylon Woven (Label-501),43,28.21
INV-0031,2024-11-22,Client-098: M/s Bhavna Garments,Cotton Herringbone (Label-203),43,44.12
INV-1176,2026-05-20,Client-025: M/s Ruchita Exports,Lace Trim Border (Label-217),39,65.16
INV-0204,2026-07-17,Client-035: M/s Chandrakant Silk House,Satin 1-Inch (Label-101),138,36.51
INV-1026,2023-11-11,Client-030: M/s Shardaben Fashion House,Banarasi Zari Border (Label-302),192,159.32
INV-3858,2023-05-08,Client-023: M/s Navin Embroidery Works,Kutch Embroidery Border (Label-407),90,242.04
INV-3758,2024-11-17,Client-129: M/s Padma Industries,Chiffon Pleated (Label-119),134,76.09
INV-0894,2026-05-05,Client-115: M/s Vijay Fashion House,Raw Silk Ribbon (Label-115),48,106.82
INV-2679,2024-05-11,Client-017: M/s Rahul Creations,Organza Sheer (Label-210),26,57.16
INV-2667,2025-06-09,Client-012: M/s Nayna Event Planners,Raw Silk Ribbon (Label-115),484,100.07
INV-0479,2025-03-21,Client-087: M/s Mayur Creations,Polyester Grosgrain (Label-408),45,30.86
INV-1685,2024-03-10,Client-027: M/s Rajendra Creations,Silver Tissue (Label-312),135,186.34
INV-1351,2026-05-29,Client-101: Smt. Manju Garments,Chiffon Pleated (Label-119),21,70.56
INV-0444,2024-05-17,Client-105: M/s Anjali Collections,Gota Patti (Label-204),98,80.46
INV-2771,2026-04-21,Client-047: M/s Harish Creations,Velvet Roll (Label-405),50,123.08
INV-1339,2023-06-10,Client-059: M/s Sita Fabrics,Velvet Roll (Label-405),62,110.85
INV-0193,2025-08-25,Client-036: M/s Rahul Enterprises,Satin 2-Inch (Label-102),-45,49.49
INV-2970,2025-05-14,Client-138: Smt. Natubhai Weavers,Raw Silk Ribbon (Label-115),100,116.7
INV-1129,2023-10-24,Client-095: M/s Shardaben Handloom,Polyester Grosgrain (Label-408),895,28.93
INV-0007,2025-04-04,Client-142: M/s Vandana Boutique,Organza Sheer (Label-210),598,51.61
INV-0440,2023-04-18,Client-133: Smt. Manisha Designs,Banarasi Zari Border (Label-302),7,158.17
INV-0290,2023-05-07,Client-130: M/s Jignesh Creations,Silk Printed (Label-112),8,96.38
INV-1107,2024-08-31,Client-103: Shri Vijay Fashion House,Nylon Woven (Label-501),119,28.7
INV-3694,2024-12-14,Client-064: Smt. Nayna Exports,Silk Printed (Label-112),149,88.79
INV-3417,2026-05-05,Client-064: Smt. Nayna Exports,Chiffon Pleated (Label-119),47,69.42
INV-3941,2025-06-12,Client-018: Smt. Foram Fabrics,Silk Printed (Label-112),37,95.97
INV-1922,2023-01-12,Client-049: Shri Ketan Industries,Silk Printed (Label-112),50,98.69
INV-2478,2025-01-16,Client-059: M/s Sita Fabrics,Satin 1-Inch (Label-101),19,36.45
INV-2368,2024-03-20,Client-080: Shri Nayna Weavers,Gota Patti (Label-204),58,80.18
INV-1736,2024-12-11,Client-003: M/s Vinod Traders,Satin 2-Inch (Label-102),67,54.27
INV-2685,2025-04-05,Client-095: M/s Shardaben Handloom,Metallic Zari (Label-306),24,161.39
INV-3883,2023-08-29,Client-024: M/s Chirag Industries,Silver Tissue (Label-312),21,208.22
INV-0195,2025-05-16,Client-074: M/s Amrut Fashion House,Nylon Woven (Label-501),251,26.89
INV-0451,2024-10-30,Client-070: M/s Yash Designs,Nylon Woven (Label-501),7,25.62
INV-1594,2025-07-19,Client-067: M/s Bhavik Traders,Kutch Embroidery Border (Label-407),217,230.09
INV-1106,2026-07-25,Client-020: M/s Jagdish Fabrics,Silver Tissue (Label-312),309,183.85
INV-0030,2025-08-03,Client-067: M/s Bhavik Traders,Chiffon Pleated (Label-119),63,72.41
INV-0786,2023-11-20,Client-114: M/s Padma Enterprises,Lace Trim Border (Label-217),45,70.23
INV-3998,2024-07-07,Client-012: M/s Nayna Event Planners,Nylon Woven (Label-501),563,30.63
INV-2623,2024-09-19,Client-109: M/s Padma Silk House,Cotton Herringbone (Label-203),84,43.65
INV-2908,2023-04-08,Client-074: M/s Amrut Fashion House,Lace Trim Border (Label-217),203,71.11
INV-3388,2025-12-28,Client-098: M/s Bhavna Garments,Polyester Grosgrain (Label-408),75,33.77
INV-3787,2025-06-25,,Chiffon Pleated (Label-119),181,70.59
INV-0882,2024-02-18,Client-114: M/s Padma Enterprises,Gold Zardozi (Label-501),43,253.4
INV-3700,2023-12-01,Client-034: M/s Mansukhbhai Event Planners,Gota Patti (Label-204),49,90.3
INV-2370,2023-12-05,Client-123: M/s Alka Collections,Silver Tissue (Label-312),179,198.77
INV-2737,2023-02-05,Client-073: M/s Lakshmi Event Planners,Gota Patti (Label-204),501,91.75
INV-3595,2025-10-06,Client-140: M/s Brijesh Weavers,Silver Tissue (Label-312),74,178.63
INV-0223,2026-01-15,Client-077: Shri Deepak Fashion House,Jacquard Brocade (Label-315),99,182.41
INV-1996,2023-02-18,Client-046: M/s Bhikhabhai Textiles,Polyester Grosgrain (Label-408),-30,31.08
INV-1718,2025-12-25,Client-058: Smt. Deepika Fashion House,Raw Silk Ribbon (Label-115),114,114.39
INV-0574,2023-11-23,Client-124: M/s Bhavesh Exports,Kutch Embroidery Border (Label-407),256,238.21
INV-3329,2025-10-16,Client-044: Shri Meena Silk House,Jacquard Brocade (Label-315),32,189.42
INV-3378,2023-07-12,Client-115: M/s Vijay Fashion House,Silk Printed (Label-112),44,91.35
INV-1538,2025-02-25,Client-028: Shri Tarun Industries,Organza Sheer (Label-210),530,56.43
INV-1259,2025-12-17,Client-066: Smt. Krunal Embroidery Works,Satin 1-Inch (Label-101),635,32.3
INV-2755,2023-10-14,Client-106: Smt. Kamlesh Designs,Patola Woven Border (Label-330),16,231.5
INV-1346,2025-05-05,Client-116: Shri Alka Industries,Silver Tissue (Label-312),161,176.67
INV-0081,2024-04-05,Client-030: M/s Shardaben Fashion House,Multicolor Taffeta (Label-308),8,95.87
INV-0258,2026-06-23,Client-098: M/s Bhavna Garments,Organza Sheer (Label-210),310,58.54
INV-0296,2023-05-04,Client-018: Smt. Foram Fabrics,Satin 2-Inch (Label-102),49,45.32
INV-2093,2024-10-31,Client-126: M/s Mukesh Garments,Polyester Grosgrain (Label-408),123,32.48
INV-1035,2026-05-30,Client-150: M/s Kantilal Event Planners,Gold Zardozi (Label-501),41,264.44
INV-1546,2025-03-25,Client-137: M/s Vandana Traders,Gold Zardozi (Label-501),191,306.41
INV-1841,2026-03-03,Client-148: M/s Navin Fabrics,Chanderi Block Print (Label-221),263,136.3
INV-1741,2025-10-25,Client-144: M/s Pooja Fashion House,Organza Sheer (Label-210),339,59.99
INV-2376,2024-02-24,Client-008: M/s Natubhai Exports,Satin 2-Inch (Label-102),149,46.75
INV-0655,2026-06-11,Client-132: M/s Shanta Creations,Organza Sheer (Label-210),65,54.41
INV-2777,2025-07-17,Client-016: M/s Padma Garments,Chiffon Pleated (Label-119),47,80.41
INV-2856,2024-05-21,Client-147: M/s Jagdish Silk House,Metallic Zari (Label-306),725,152.35
INV-2326,2025-11-28,Client-056: M/s Shyamlal Textiles,Embroidered Mirror Work (Label-422),291,209.6
INV-3183,2023-02-15,Client-003: M/s Vinod Traders,Kutch Embroidery Border (Label-407),94,222.27
INV-3568,2023-01-18,Client-041: M/s Varsha Handloom,Raw Silk Ribbon (Label-115),11,101.08
INV-3571,2025-03-25,Client-009: M/s Narottam Weavers,Banarasi Zari Border (Label-302),34,143.97
INV-2813,2025-09-12,Client-043: Smt. Manju Weavers,Banarasi Zari Border (Label-302),70,136.28
INV-2531,2025-01-21,Client-092: M/s Pushpa Silk House,Patola Woven Border (Label-330),238,253.6
INV-0656,2026-03-04,Client-038: M/s Natubhai Creations,Satin 2-Inch (Label-102),14,54.39
INV-1910,2025-04-23,Client-087: M/s Mayur Creations,Organza Sheer (Label-210),45,49.9
INV-1746,2024-05-27,Client-142: M/s Vandana Boutique,Silk Printed (Label-112),80,91.22
INV-2416,2023-06-07,Client-125: Shri Padma Saree Centre,Nylon Woven (Label-501),28,25.23
INV-2214,2023-07-18,Client-040: M/s Drashti Fashion House,Raw Silk Ribbon (Label-115),90,107.23
INV-0412,2023-09-04,Client-109: M/s Padma Silk House,Organza Sheer (Label-210),52,54.75
INV-0979,2026-04-30,Client-107: M/s Ramniklal Event Planners,Satin 2-Inch (Label-102),443,51.92
INV-1172,2026-03-11,Client-013: M/s Gopal Exports,Chanderi Block Print (Label-221),41,129.14
INV-1432,2025-12-22,Client-064: Smt. Nayna Exports,Lace Trim Border (Label-217),297,64.37
INV-1075,2025-04-14,Client-081: M/s Mahesh Traders,Velvet Roll (Label-405),87,119.18
INV-1023,2023-09-28,Client-079: M/s Savita Weavers,Jacquard Brocade (Label-315),208,185.12
INV-3227,2025-12-24,Client-102: M/s Sita Industries,Patola Woven Border (Label-330),290,264.65
INV-0721,2025-10-20,Client-133: Smt. Manisha Designs,Silver Tissue (Label-312),19,203.6
INV-0153,2026-04-29,Client-079: M/s Savita Weavers,Banarasi Zari Border (Label-302),121,136.9
INV-0949,2026-03-05,Client-048: M/s Bhavesh Traders,Velvet Roll (Label-405),860,124.7
INV-2358,2023-02-18,Client-107: M/s Ramniklal Event Planners,Silver Tissue (Label-312),671,178.15
INV-1831,2023-05-05,Client-067: M/s Bhavik Traders,Cotton Herringbone (Label-203),92,37.94
INV-0103,2024-05-27,Client-078: M/s Prital Exports,Silk Printed (Label-112),54,104.49
INV-3456,2024-11-30,Client-138: Smt. Natubhai Weavers,Velvet Roll (Label-405),4,126.61
INV-0732,2025-01-13,Client-134: M/s Rakesh Weavers,Multicolor Taffeta (Label-308),107,86.49
INV-0240,2025-01-28,Client-028: Shri Tarun Industries,Metallic Zari (Label-306),7,151.74
INV-3352,2024-07-30,Client-131: M/s Geeta Fabrics,Kutch Embroidery Border (Label-407),26,242.53
INV-2974,2026-05-11,Client-015: M/s Savita Decorators,Patola Woven Border (Label-330),598,264.05
INV-1728,2025-01-16,Client-091: M/s Bharat Silk House,Polyester Grosgrain (Label-408),39,33.35
INV-2094,2023-06-04,Client-143: M/s Prakash Silk House,Velvet Roll (Label-405),113,120.76
INV-2841,2025-11-30,Client-068: M/s Madhuri Fabrics,Satin 2-Inch (Label-102),10,46.6
INV-0858,2023-03-08,Client-077: Shri Deepak Fashion House,Metallic Zari (Label-306),202,173.45
INV-1158,2024-10-03,Client-033: M/s Vivek Fabrics,Satin 2-Inch (Label-102),184,53.72
INV-0863,2024-07-16,Client-106: Smt. Kamlesh Designs,Gold Zardozi (Label-501),127,263.75
INV-2520,2025-04-08,Client-077: Shri Deepak Fashion House,Cotton Herringbone (Label-203),46,38.69
INV-2848,2025-08-18,Client-118: M/s Pravin Textiles,Patola Woven Border (Label-330),80,235.75
INV-2726,2024-06-06,Client-043: Smt. Manju Weavers,Chiffon Pleated (Label-119),134,78.84
INV-3793,2026-06-04,Client-104: M/s Nirmala Designs,Kutch Embroidery Border (Label-407),33,220.43
INV-0756,2024-05-27,Client-004: Smt. Narottam Fabrics,Velvet Roll (Label-405),19,131.39
INV-0333,2023-06-15,Client-009: M/s Narottam Weavers,Satin 1-Inch (Label-101),361,34.34
INV-0745,2025-09-04,Client-111: Shri Rekha Textiles,Polyester Grosgrain (Label-408),113,32.62
INV-3289,2025-09-24,Client-074: M/s Amrut Fashion House,Satin 1-Inch (Label-101),91,34.76
INV-2644,2025-06-09,Client-043: Smt. Manju Weavers,Cotton Herringbone (Label-203),21,43.8
INV-2275,2023-02-13,,Banarasi Zari Border (Label-302),102,140.11
INV-3632,2024-08-22,Client-057: M/s Drashti Emporium,Gota Patti (Label-204),127,76.67
INV-3803,2023-04-17,Client-065: Shri Arvind Emporium,Kutch Embroidery Border (Label-407),168,249.37
INV-3780,2025-07-14,Client-130: M/s Jignesh Creations,Embroidered Mirror Work (Label-422),72,202.82
INV-3129,2024-01-17,Client-109: M/s Padma Silk House,Polyester Grosgrain (Label-408),380,29.87
INV-2084,2024-07-19,Client-113: Smt. Kantilal Exports,Polyester Grosgrain (Label-408),108,29.51
INV-2703,2026-05-05,Client-107: M/s Ramniklal Event Planners,Gota Patti (Label-204),184,91.5
INV-3963,2023-02-03,,Satin 1-Inch (Label-101),479,32.78
INV-0908,2026-04-04,Client-001: M/s Geeta Textiles,Organza Sheer (Label-210),240,56.77
INV-2284,2026-03-06,Client-087: M/s Mayur Creations,Satin 1-Inch (Label-101),272,37.71
INV-1164,2023-10-31,Client-024: M/s Chirag Industries,Silk Printed (Label-112),73,102.0
INV-2184,2025-02-27,Client-076: Smt. Ashok Designs,Raw Silk Ribbon (Label-115),12,111.54
INV-3723,2024-12-26,Client-015: M/s Savita Decorators,Jacquard Brocade (Label-315),130,169.41
INV-2212,2024-09-19,,Kutch Embroidery Border (Label-407),112,232.91
INV-2068,2025-09-25,,Gold Zardozi (Label-501),165,278.35
INV-0555,2023-10-02,Client-126: M/s Mukesh Garments,Lace Trim Border (Label-217),4,68.25
INV-3026,2024-02-22,Client-058: Smt. Deepika Fashion House,Kutch Embroidery Border (Label-407),123,227.68
INV-3610,2026-06-17,Client-014: Shri Usha Fabrics,Gold Zardozi (Label-501),9,266.47
INV-0832,2024-01-14,,Raw Silk Ribbon (Label-115),124,112.57
INV-3432,2023-03-18,Client-130: M/s Jignesh Creations,Silver Tissue (Label-312),375,210.2
INV-3202,2025-11-29,Client-012: M/s Nayna Event Planners,Banarasi Zari Border (Label-302),57,131.23
INV-2091,2025-03-22,Client-013: M/s Gopal Exports,Gold Zardozi (Label-501),50,255.38
INV-1755,2026-03-04,Client-085: M/s Nayna Industries,Banarasi Zari Border (Label-302),29,134.02
INV-0812,2024-11-10,Client-138: Smt. Natubhai Weavers,Silk Printed (Label-112),85,89.37
INV-0889,2023-08-29,Client-041: M/s Varsha Handloom,Cotton Herringbone (Label-203),34,38.76
INV-2464,2024-05-10,Client-043: Smt. Manju Weavers,Jacquard Brocade (Label-315),346,189.62
INV-2989,2023-04-20,,Patola Woven Border (Label-330),71,246.27
INV-1660,2026-01-18,Client-021: M/s Yash Emporium,Kutch Embroidery Border (Label-407),250,224.59
INV-2510,2026-07-24,Client-037: M/s Vinod Fashion House,Silk Printed (Label-112),129,87.27
INV-1234,2026-04-06,Client-137: M/s Vandana Traders,Raw Silk Ribbon (Label-115),63,104.14
INV-3874,2026-01-23,Client-021: M/s Yash Emporium,Silver Tissue (Label-312),27,176.44
INV-1449,2025-03-05,Client-082: M/s Dhaval Event Planners,Lace Trim Border (Label-217),326,68.87
INV-2874,2023-11-07,Client-041: M/s Varsha Handloom,Velvet Roll (Label-405),11,128.8
INV-1966,2024-01-19,Client-079: M/s Savita Weavers,Jacquard Brocade (Label-315),51,173.84
INV-0694,2024-05-04,Client-041: M/s Varsha Handloom,Satin 1-Inch (Label-101),214,38.48
INV-1058,2023-07-16,Client-091: M/s Bharat Silk House,Organza Sheer (Label-210),316,49.64
INV-1799,2023-04-17,Client-097: M/s Deepika Designs,Organza Sheer (Label-210),72,54.23
INV-1028,2024-10-11,Client-038: M/s Natubhai Creations,Lace Trim Border (Label-217),47,64.33
INV-1537,2026-04-21,Client-096: M/s Kiran Emporium,Nylon Woven (Label-501),100,28.84
INV-3433,2026-02-14,Client-045: M/s Akash Saree Centre,Satin 2-Inch (Label-102),116,50.43
INV-1703,2023-06-19,Client-063: Smt. Padma Saree Centre,Patola Woven Border (Label-330),56,257.36
INV-2336,2024-06-28,Client-100: Smt. Kavita Saree Centre,Silk Printed (Label-112),27,100.53
INV-0347,2025-01-07,Client-027: M/s Rajendra Creations,Organza Sheer (Label-210),33,50.46
INV-0924,2024-07-26,Client-021: M/s Yash Emporium,Gold Zardozi (Label-501),17,301.84
INV-3260,2025-04-26,Client-110: M/s Anita Embroidery Works,Polyester Grosgrain (Label-408),21,30.3
INV-1188,2024-01-19,Client-021: M/s Yash Emporium,Raw Silk Ribbon (Label-115),183,104.7
INV-0843,2025-06-19,Client-078: M/s Prital Exports,Polyester Grosgrain (Label-408),48,31.75
INV-3279,2025-08-23,Client-143: M/s Prakash Silk House,Embroidered Mirror Work (Label-422),54,229.78
INV-3777,2025-06-20,Client-006: M/s Naresh Exports,Chiffon Pleated (Label-119),74,74.57
INV-2728,2024-08-30,Client-117: Smt. Narottam Emporium,Satin 1-Inch (Label-101),158,37.72
INV-2828,2024-09-15,Client-031: M/s Paresh Garments,Satin 1-Inch (Label-101),59,37.19
INV-1421,2025-05-05,Client-074: M/s Amrut Fashion House,Embroidered Mirror Work (Label-422),106,196.17
INV-1925,2024-08-05,Client-110: M/s Anita Embroidery Works,Kutch Embroidery Border (Label-407),90,240.55
INV-0179,2025-12-14,Client-109: M/s Padma Silk House,Gold Zardozi (Label-501),91,272.26
INV-2277,2026-06-30,Client-150: M/s Kantilal Event Planners,Multicolor Taffeta (Label-308),964,87.56
INV-3186,2025-07-03,Client-062: M/s Deepak Creations,Gota Patti (Label-204),26,84.2
INV-0813,2024-06-13,Client-037: M/s Vinod Fashion House,Patola Woven Border (Label-330),203,225.92
INV-1878,2024-03-14,,Satin 1-Inch (Label-101),26,34.93
INV-1337,2025-10-15,Client-098: M/s Bhavna Garments,Gota Patti (Label-204),18,79.55
INV-3159,2023-11-29,Client-021: M/s Yash Emporium,Silk Printed (Label-112),22,103.34
INV-3108,2024-03-15,Client-130: M/s Jignesh Creations,Raw Silk Ribbon (Label-115),131,114.37
INV-1558,2026-05-22,Client-114: M/s Padma Enterprises,Nylon Woven (Label-501),23,27.02
INV-2802,2024-02-06,Client-076: Smt. Ashok Designs,Jacquard Brocade (Label-315),190,179.84
INV-2177,2024-11-14,Client-138: Smt. Natubhai Weavers,Nylon Woven (Label-501),110,26.97
INV-1813,2024-09-07,Client-022: Shri Champa Traders,Banarasi Zari Border (Label-302),81,138.59
INV-0174,2025-02-02,Client-100: Smt. Kavita Saree Centre,Embroidered Mirror Work (Label-422),33,221.53
INV-2355,2026-02-16,,Chanderi Block Print (Label-221),152,144.26
INV-3058,2026-02-03,Client-024: M/s Chirag Industries,Raw Silk Ribbon (Label-115),441,114.68
INV-0332,2025-04-11,Client-063: Smt. Padma Saree Centre,Nylon Woven (Label-501),20,26.88
INV-1362,2025-07-31,Client-011: M/s Kavya Industries,Satin 1-Inch (Label-101),110,33.52
INV-0431,2023-12-26,Client-036: M/s Rahul Enterprises,Gota Patti (Label-204),288,79.29
INV-3653,2024-09-06,Client-115: M/s Vijay Fashion House,Embroidered Mirror Work (Label-422),27,207.0
INV-2010,2023-05-11,Client-118: M/s Pravin Textiles,Kutch Embroidery Border (Label-407),56,226.36
INV-1105,2024-11-26,Client-077: Shri Deepak Fashion House,Lace Trim Border (Label-217),150,71.1
INV-2563,2024-11-03,Client-052: Smt. Anita Saree Centre,Gota Patti (Label-204),149,88.15
INV-0480,2025-06-13,Client-125: Shri Padma Saree Centre,Chanderi Block Print (Label-221),64,130.07
INV-1279,2025-09-28,Client-138: Smt. Natubhai Weavers,Satin 1-Inch (Label-101),38,37.01
INV-2604,2024-05-26,Client-019: M/s Sunil Collections,Patola Woven Border (Label-330),30,244.74
INV-0747,2025-03-09,Client-057: M/s Drashti Emporium,Cotton Herringbone (Label-203),146,38.47
INV-1770,2023-11-07,Client-145: M/s Rahul Decorators,Metallic Zari (Label-306),701,158.7
INV-3555,2024-05-15,Client-022: Shri Champa Traders,Velvet Roll (Label-405),42,120.56
INV-2338,2024-11-01,Client-124: M/s Bhavesh Exports,Silver Tissue (Label-312),121,181.2
INV-3752,2025-05-14,Client-054: Smt. Subhash Creations,Cotton Herringbone (Label-203),246,42.88
INV-1941,2025-09-07,Client-065: Shri Arvind Emporium,Cotton Herringbone (Label-203),23,43.05
INV-1796,2023-03-27,Client-128: M/s Balaji Event Planners,Gold Zardozi (Label-501),32,264.61
INV-0325,2023-05-01,Client-020: M/s Jagdish Fabrics,Patola Woven Border (Label-330),-42,227.43
INV-1269,2026-01-11,Client-063: Smt. Padma Saree Centre,Silver Tissue (Label-312),13,212.65
INV-0469,2024-07-29,Client-121: M/s Harish Traders,Gold Zardozi (Label-501),951,272.02
INV-0562,2024-07-06,Client-036: M/s Rahul Enterprises,Embroidered Mirror Work (Label-422),74,223.89
INV-2631,2025-04-17,Client-072: M/s Arun Fashion House,Chanderi Block Print (Label-221),397,137.39
INV-2351,2024-04-26,Client-093: Shri Niraj Boutique,Lace Trim Border (Label-217),246,62.9
INV-2079,2024-08-26,Client-007: M/s Hasmukh Collections,Metallic Zari (Label-306),33,157.68
INV-3785,2023-10-12,Client-117: Smt. Narottam Emporium,Banarasi Zari Border (Label-302),10,138.11
INV-2971,2026-04-06,Client-141: Shri Brijesh Event Planners,Multicolor Taffeta (Label-308),121,84.68
INV-2347,2025-02-07,Client-112: M/s Indira Traders,Chanderi Block Print (Label-221),118,130.24
INV-0062,2023-07-23,Client-054: Smt. Subhash Creations,Chanderi Block Print (Label-221),72,127.2
INV-2804,2024-03-31,Client-050: Smt. Balaji Boutique,Silver Tissue (Label-312),34,212.96
INV-1898,2025-02-12,Client-034: M/s Mansukhbhai Event Planners,Cotton Herringbone (Label-203),12,45.04
INV-2877,2023-03-27,Client-009: M/s Narottam Weavers,Multicolor Taffeta (Label-308),64,81.59
INV-0255,2023-08-13,Client-150: M/s Kantilal Event Planners,Polyester Grosgrain (Label-408),19,33.9
INV-3782,2025-04-29,Client-044: Shri Meena Silk House,Gold Zardozi (Label-501),297,290.84
INV-1095,2026-01-09,Client-122: M/s Bhikhabhai Enterprises,Silver Tissue (Label-312),49,208.82
INV-1062,2023-08-27,Client-005: M/s Nayna Garments,Satin 2-Inch (Label-102),85,48.48
INV-0916,2025-05-04,Client-033: M/s Vivek Fabrics,Organza Sheer (Label-210),382,49.63
INV-1042,2025-05-18,Client-107: M/s Ramniklal Event Planners,Organza Sheer (Label-210),1177,58.69
INV-2567,2024-09-25,Client-141: Shri Brijesh Event Planners,Chanderi Block Print (Label-221),158,123.35
INV-0068,2024-08-14,Client-120: M/s Usha Enterprises,Polyester Grosgrain (Label-408),300,33.28
INV-1872,2024-07-19,Client-132: M/s Shanta Creations,Patola Woven Border (Label-330),70,263.85
INV-2789,2023-06-22,Client-116: Shri Alka Industries,Chanderi Block Print (Label-221),120,136.23
INV-0222,2025-06-30,Client-082: M/s Dhaval Event Planners,Patola Woven Border (Label-330),50,242.37
INV-1963,2023-08-25,Client-048: M/s Bhavesh Traders,Satin 2-Inch (Label-102),943,46.4
INV-2409,2026-07-16,Client-117: Smt. Narottam Emporium,Chiffon Pleated (Label-119),344,78.74
INV-2878,2025-12-19,Client-064: Smt. Nayna Exports,Silk Printed (Label-112),67,103.08
INV-3174,2024-07-30,Client-048: M/s Bhavesh Traders,Lace Trim Border (Label-217),218,67.17
INV-0089,2025-04-21,Client-122: M/s Bhikhabhai Enterprises,Chiffon Pleated (Label-119),133,73.29
INV-1808,2026-01-13,Client-014: Shri Usha Fabrics,Lace Trim Border (Label-217),43,70.21
INV-1676,2024-07-29,Client-027: M/s Rajendra Creations,Kutch Embroidery Border (Label-407),150,243.49
INV-2829,2024-11-11,,Gota Patti (Label-204),35,91.5
INV-1489,2026-01-28,Client-085: M/s Nayna Industries,Chanderi Block Print (Label-221),20,123.9
INV-3033,2026-02-17,Client-124: M/s Bhavesh Exports,Chiffon Pleated (Label-119),77,69.33
INV-1722,2023-12-08,Client-117: Smt. Narottam Emporium,Organza Sheer (Label-210),50,60.08
INV-3807,2023-05-15,Client-103: Shri Vijay Fashion House,Organza Sheer (Label-210),72,55.32
INV-0437,2024-05-15,Client-094: M/s Dilip Weavers,Chiffon Pleated (Label-119),320,81.3
INV-3580,2023-01-15,Client-053: M/s Malti Enterprises,Polyester Grosgrain (Label-408),22,31.95
INV-3601,2023-11-26,Client-095: M/s Shardaben Handloom,Polyester Grosgrain (Label-408),131,30.05
INV-3190,2024-03-13,Client-015: M/s Savita Decorators,Multicolor Taffeta (Label-308),7,89.17
INV-3403,2025-09-09,Client-005: M/s Nayna Garments,Chanderi Block Print (Label-221),150,124.69
INV-2348,2026-06-09,Client-009: M/s Narottam Weavers,Chanderi Block Print (Label-221),163,129.14
INV-3442,2023-03-01,Client-029: M/s Hitesh Boutique,Banarasi Zari Border (Label-302),34,145.94
INV-3570,2023-05-23,Client-084: M/s Kantilal Embroidery Works,Lace Trim Border (Label-217),159,65.84
INV-1514,2025-11-19,Client-106: Smt. Kamlesh Designs,Velvet Roll (Label-405),-1,129.91
INV-2649,2023-07-06,Client-030: M/s Shardaben Fashion House,Organza Sheer (Label-210),264,59.41
INV-3275,2024-09-15,Client-017: M/s Rahul Creations,Organza Sheer (Label-210),32,57.46
INV-1737,2023-11-04,Client-075: Smt. Seema Exports,Raw Silk Ribbon (Label-115),201,111.28
INV-1403,2025-05-15,Client-111: Shri Rekha Textiles,Organza Sheer (Label-210),40,58.52
INV-0284,2026-03-19,,Chanderi Block Print (Label-221),56,131.21
INV-0713,2025-05-16,Client-139: M/s Gopal Fashion House,Banarasi Zari Border (Label-302),272,145.07
INV-0275,2023-03-18,Client-045: M/s Akash Saree Centre,Embroidered Mirror Work (Label-422),507,226.05
INV-2273,2024-05-18,Client-034: M/s Mansukhbhai Event Planners,Satin 2-Inch (Label-102),55,48.16
INV-0622,2023-01-19,Client-089: M/s Naresh Fashion House,Multicolor Taffeta (Label-308),541,83.43
INV-1923,2024-11-08,Client-120: M/s Usha Enterprises,Raw Silk Ribbon (Label-115),88,102.44
INV-0866,2024-12-25,Client-145: M/s Rahul Decorators,Satin 2-Inch (Label-102),47,50.2
INV-3944,2023-11-05,Client-127: M/s Nayna Boutique,Multicolor Taffeta (Label-308),120,87.43
INV-1643,2024-11-18,Client-046: M/s Bhikhabhai Textiles,Multicolor Taffeta (Label-308),259,86.74
INV-2484,2023-07-27,Client-046: M/s Bhikhabhai Textiles,Silver Tissue (Label-312),35,180.34
INV-3995,2023-01-30,Client-128: M/s Balaji Event Planners,Chanderi Block Print (Label-221),21,138.76
INV-0424,2023-05-30,,Satin 1-Inch (Label-101),579,31.6
INV-2992,2024-10-09,Client-100: Smt. Kavita Saree Centre,Gota Patti (Label-204),99,78.26
INV-1222,2023-10-26,Client-133: Smt. Manisha Designs,Satin 1-Inch (Label-101),104,32.09
INV-0507,2024-03-09,Client-033: M/s Vivek Fabrics,Banarasi Zari Border (Label-302),25,142.78
INV-3861,2024-01-24,Client-048: M/s Bhavesh Traders,Polyester Grosgrain (Label-408),116,34.25
INV-3564,2026-05-06,Client-074: M/s Amrut Fashion House,Gota Patti (Label-204),47,79.04
INV-1124,2023-09-05,Client-149: Shri Alpesh Saree Centre,Gold Zardozi (Label-501),340,266.1
INV-2513,2024-03-07,,Satin 1-Inch (Label-101),514,32.64
INV-0501,2024-07-04,Client-039: Shri Jignesh Designs,Patola Woven Border (Label-330),89,229.84
INV-1109,2025-08-31,Client-089: M/s Naresh Fashion House,Satin 1-Inch (Label-101),71,36.06
INV-1282,2023-01-18,Client-095: M/s Shardaben Handloom,Silk Printed (Label-112),98,93.95
INV-0550,2025-05-29,Client-123: M/s Alka Collections,Chiffon Pleated (Label-119),45,67.57
INV-0558,2023-03-18,Client-066: Smt. Krunal Embroidery Works,Silver Tissue (Label-312),70,199.8
INV-1602,2023-03-08,Client-022: Shri Champa Traders,Kutch Embroidery Border (Label-407),128,232.98
INV-0603,2026-01-16,Client-083: M/s Vandana Exports,Velvet Roll (Label-405),98,126.26
INV-0443,2025-01-24,Client-127: M/s Nayna Boutique,Silk Printed (Label-112),546,99.42
INV-1780,2026-07-29,Client-052: Smt. Anita Saree Centre,Silk Printed (Label-112),299,90.3
INV-0219,2023-08-21,,Jacquard Brocade (Label-315),223,174.97
INV-2108,2025-02-18,Client-032: Shri Lakshmi Event Planners,Satin 1-Inch (Label-101),114,38.28
INV-0898,2025-01-14,Client-085: M/s Nayna Industries,Metallic Zari (Label-306),1867,158.51
INV-0737,2024-09-25,Client-073: M/s Lakshmi Event Planners,Multicolor Taffeta (Label-308),17,90.23
INV-3324,2025-10-19,Client-149: Shri Alpesh Saree Centre,Metallic Zari (Label-306),457,144.38
INV-2481,2024-04-14,Client-043: Smt. Manju Weavers,Gold Zardozi (Label-501),123,255.74
INV-3817,2025-09-19,Client-021: M/s Yash Emporium,Jacquard Brocade (Label-315),8,157.88
INV-2060,2025-08-08,Client-014: Shri Usha Fabrics,Metallic Zari (Label-306),112,169.28
INV-1905,2025-03-17,Client-140: M/s Brijesh Weavers,Velvet Roll (Label-405),69,118.85
INV-3383,2025-03-22,Client-144: M/s Pooja Fashion House,Gota Patti (Label-204),606,85.91
INV-1667,2023-06-06,Client-108: M/s Shyam Event Planners,Chiffon Pleated (Label-119),28,80.85
INV-3959,2024-03-01,Client-107: M/s Ramniklal Event Planners,Embroidered Mirror Work (Label-422),34,201.46
INV-2830,2024-09-20,Client-059: M/s Sita Fabrics,Kutch Embroidery Border (Label-407),19,236.78
INV-3131,2025-01-27,Client-048: M/s Bhavesh Traders,Satin 1-Inch (Label-101),8,33.29
INV-3342,2025-02-01,Client-112: M/s Indira Traders,Silver Tissue (Label-312),135,191.77
INV-2482,2026-06-25,Client-046: M/s Bhikhabhai Textiles,Polyester Grosgrain (Label-408),128,32.31
INV-1205,2025-03-10,Client-093: Shri Niraj Boutique,Satin 2-Inch (Label-102),278,53.0
INV-1160,2024-06-24,Client-112: M/s Indira Traders,Jacquard Brocade (Label-315),62,168.54
INV-2291,2025-07-27,Client-086: M/s Neha Fashion House,Silver Tissue (Label-312),260,176.72
INV-1534,2024-10-20,Client-121: M/s Harish Traders,Cotton Herringbone (Label-203),52,45.43
INV-0806,2025-05-30,Client-148: M/s Navin Fabrics,Satin 1-Inch (Label-101),150,32.29
INV-2707,2023-02-24,Client-105: M/s Anjali Collections,Silk Printed (Label-112),249,88.74
INV-1875,2026-07-23,Client-063: Smt. Padma Saree Centre,Organza Sheer (Label-210),46,55.95
INV-3276,2023-04-22,Client-037: M/s Vinod Fashion House,Lace Trim Border (Label-217),403,59.89
INV-0579,2026-06-20,Client-064: Smt. Nayna Exports,Satin 2-Inch (Label-102),26,48.46
INV-2280,2024-07-29,Client-064: Smt. Nayna Exports,Velvet Roll (Label-405),102,123.93
INV-3419,2023-10-21,Client-119: M/s Bhikhabhai Emporium,Satin 2-Inch (Label-102),145,46.57
INV-1363,2025-07-23,Client-077: Shri Deepak Fashion House,Chiffon Pleated (Label-119),109,76.7
INV-0001,2023-08-25,Client-067: M/s Bhavik Traders,Jacquard Brocade (Label-315),163,177.82
INV-3427,2024-08-28,Client-119: M/s Bhikhabhai Emporium,Velvet Roll (Label-405),64,116.55
INV-3729,2026-07-29,Client-096: M/s Kiran Emporium,Satin 1-Inch (Label-101),135,37.0
INV-3846,2023-10-05,Client-003: M/s Vinod Traders,Metallic Zari (Label-306),25,163.87
INV-0965,2026-04-29,Client-100: Smt. Kavita Saree Centre,Satin 1-Inch (Label-101),39,37.05
INV-3254,2024-12-12,Client-009: M/s Narottam Weavers,Cotton Herringbone (Label-203),39,45.01
INV-1012,2026-04-03,Client-054: Smt. Subhash Creations,Nylon Woven (Label-501),39,26.99
INV-0248,2024-02-03,Client-074: M/s Amrut Fashion House,Satin 1-Inch (Label-101),21,34.2
INV-1426,2025-09-20,Client-026: Smt. Vivek Fabrics,Gota Patti (Label-204),380,77.54
INV-2112,2025-07-24,,Chiffon Pleated (Label-119),381,79.55
INV-3977,2024-10-14,Client-130: M/s Jignesh Creations,Embroidered Mirror Work (Label-422),16,228.95
INV-3408,2025-02-05,Client-010: M/s Pallavi Designs,Chiffon Pleated (Label-119),6,69.63
INV-3794,2026-04-26,Client-061: M/s Poonam Enterprises,Satin 1-Inch (Label-101),7,36.22
INV-1510,2026-03-10,Client-079: M/s Savita Weavers,Chanderi Block Print (Label-221),715,135.42
INV-3516,2026-02-27,Client-007: M/s Hasmukh Collections,Multicolor Taffeta (Label-308),307,83.0
INV-0651,2026-04-06,Client-055: M/s Balaji Collections,Banarasi Zari Border (Label-302),19,146.5
INV-1968,2025-03-28,Client-063: Smt. Padma Saree Centre,Cotton Herringbone (Label-203),2149,43.88
INV-2047,2023-10-31,Client-067: M/s Bhavik Traders,Lace Trim Border (Label-217),35,67.87
INV-1559,2026-07-13,Client-102: M/s Sita Industries,Organza Sheer (Label-210),106,54.41
INV-3801,2023-01-12,Client-097: M/s Deepika Designs,Chanderi Block Print (Label-221),17,128.82
INV-0176,2025-03-02,Client-039: Shri Jignesh Designs,Metallic Zari (Label-306),135,146.61
INV-0279,2025-10-29,Client-050: Smt. Balaji Boutique,Velvet Roll (Label-405),27,115.94
INV-1136,2023-11-25,Client-130: M/s Jignesh Creations,Satin 1-Inch (Label-101),1610,33.96
INV-3553,2025-03-06,Client-013: M/s Gopal Exports,Gota Patti (Label-204),58,92.16
INV-2485,2025-01-25,Client-040: M/s Drashti Fashion House,Silver Tissue (Label-312),39,211.85
INV-2431,2026-07-08,Client-019: M/s Sunil Collections,Organza Sheer (Label-210),29,56.84
INV-2530,2023-11-08,Client-001: M/s Geeta Textiles,Satin 2-Inch (Label-102),19,46.78
INV-3520,2024-06-03,Client-072: M/s Arun Fashion House,Embroidered Mirror Work (Label-422),105,222.28
INV-0692,2024-02-18,Client-133: Smt. Manisha Designs,Polyester Grosgrain (Label-408),276,30.05
INV-3962,2023-08-02,Client-074: M/s Amrut Fashion House,Silver Tissue (Label-312),299,211.88
INV-0417,2023-09-10,Client-099: M/s Sushila Garments,Lace Trim Border (Label-217),166,71.02
INV-2890,2023-09-24,Client-007: M/s Hasmukh Collections,Cotton Herringbone (Label-203),44,45.71
INV-0218,2026-03-21,Client-094: M/s Dilip Weavers,Chiffon Pleated (Label-119),61,72.22
INV-2489,2025-07-20,Client-029: M/s Hitesh Boutique,Nylon Woven (Label-501),38,26.11
INV-1972,2025-12-09,Client-146: M/s Yash Fashion House,Organza Sheer (Label-210),331,50.93
INV-3406,2024-09-12,Client-065: Shri Arvind Emporium,Organza Sheer (Label-210),73,56.12
INV-3112,2023-04-04,Client-019: M/s Sunil Collections,Banarasi Zari Border (Label-302),14,132.22
INV-0904,2024-04-28,Client-020: M/s Jagdish Fabrics,Kutch Embroidery Border (Label-407),181,245.49
INV-2926,2023-07-23,Client-125: Shri Padma Saree Centre,Polyester Grosgrain (Label-408),7,34.9
INV-0913,2025-01-05,Client-073: M/s Lakshmi Event Planners,Gota Patti (Label-204),196,80.5
INV-3470,2025-04-03,Client-113: Smt. Kantilal Exports,Satin 1-Inch (Label-101),19,33.02
INV-0728,2023-06-10,Client-074: M/s Amrut Fashion House,Multicolor Taffeta (Label-308),145,90.32
INV-3756,2023-03-26,Client-074: M/s Amrut Fashion House,Silver Tissue (Label-312),61,184.05
INV-3080,2025-04-26,Client-023: M/s Navin Embroidery Works,Raw Silk Ribbon (Label-115),27,116.45
INV-2826,2024-11-22,Client-072: M/s Arun Fashion House,Silver Tissue (Label-312),25,200.15
INV-2156,2026-07-28,Client-080: Shri Nayna Weavers,Gold Zardozi (Label-501),230,257.75
INV-0450,2023-09-25,Client-067: M/s Bhavik Traders,Metallic Zari (Label-306),86,173.63
INV-1396,2024-05-23,Client-057: M/s Drashti Emporium,Raw Silk Ribbon (Label-115),31,118.2
INV-0377,2024-07-24,Client-017: M/s Rahul Creations,Kutch Embroidery Border (Label-407),92,211.68
INV-3143,2023-10-10,Client-123: M/s Alka Collections,Jacquard Brocade (Label-315),31,157.54
INV-1753,2025-08-05,Client-133: Smt. Manisha Designs,Multicolor Taffeta (Label-308),218,93.97
INV-3967,2025-11-17,Client-135: M/s Anjali Emporium,Organza Sheer (Label-210),46,59.5
INV-0434,2025-12-08,Client-148: M/s Navin Fabrics,Chanderi Block Print (Label-221),28,123.58
INV-0953,2023-12-31,Client-126: M/s Mukesh Garments,Silk Printed (Label-112),49,97.1
INV-0372,2025-07-15,Client-077: Shri Deepak Fashion House,Banarasi Zari Border (Label-302),55,154.0
INV-3278,2025-12-18,Client-101: Smt. Manju Garments,Silk Printed (Label-112),85,91.78
INV-2397,2024-04-07,Client-117: Smt. Narottam Emporium,Organza Sheer (Label-210),14,58.68
INV-1422,2023-10-03,Client-047: M/s Harish Creations,Gold Zardozi (Label-501),58,305.12
INV-0701,2026-02-27,Client-063: Smt. Padma Saree Centre,Metallic Zari (Label-306),67,174.76
INV-2868,2023-06-17,Client-147: M/s Jagdish Silk House,Metallic Zari (Label-306),84,147.5
INV-0645,2026-06-16,Client-150: M/s Kantilal Event Planners,Organza Sheer (Label-210),74,55.72
INV-1458,2025-03-12,Client-136: M/s Anjali Decorators,Polyester Grosgrain (Label-408),130,30.61
INV-0666,2025-09-07,Client-042: M/s Pooja Traders,Chanderi Block Print (Label-221),23,144.0
INV-1504,2023-09-13,Client-049: Shri Ketan Industries,Gota Patti (Label-204),77,88.64
INV-1428,2025-02-08,Client-069: Smt. Mohan Designs,Satin 2-Inch (Label-102),25,49.73
INV-1633,2023-11-26,Client-112: M/s Indira Traders,Lace Trim Border (Label-217),41,70.36
INV-2421,2023-02-12,Client-095: M/s Shardaben Handloom,Chanderi Block Print (Label-221),68,136.17
INV-1481,2023-07-22,Client-012: M/s Nayna Event Planners,Nylon Woven (Label-501),2042,25.41
INV-1165,2023-12-11,Client-070: M/s Yash Designs,Kutch Embroidery Border (Label-407),91,247.98
INV-0795,2024-03-21,Client-084: M/s Kantilal Embroidery Works,Satin 2-Inch (Label-102),189,46.73
INV-3592,2023-06-27,Client-111: Shri Rekha Textiles,Cotton Herringbone (Label-203),203,42.88
INV-0247,2025-01-19,Client-094: M/s Dilip Weavers,Banarasi Zari Border (Label-302),254,142.12
INV-3816,2026-05-03,Client-048: M/s Bhavesh Traders,Chanderi Block Print (Label-221),39,128.33
INV-0735,2025-08-27,Client-007: M/s Hasmukh Collections,Chiffon Pleated (Label-119),130,75.36
INV-0506,2023-09-04,Client-115: M/s Vijay Fashion House,Jacquard Brocade (Label-315),171,190.72
INV-2441,2025-08-20,Client-099: M/s Sushila Garments,Kutch Embroidery Border (Label-407),18,238.98
INV-1190,2025-09-04,Client-104: M/s Nirmala Designs,Patola Woven Border (Label-330),223,273.29
INV-3373,2025-08-14,Client-105: M/s Anjali Collections,Velvet Roll (Label-405),14,119.06
INV-3444,2024-11-28,Client-022: Shri Champa Traders,Silver Tissue (Label-312),82,198.68
INV-1615,2023-05-20,Client-094: M/s Dilip Weavers,Lace Trim Border (Label-217),150,59.66
INV-0533,2025-02-05,Client-073: M/s Lakshmi Event Planners,Polyester Grosgrain (Label-408),40,33.18
INV-0933,2023-11-06,Client-095: M/s Shardaben Handloom,Jacquard Brocade (Label-315),125,166.64
INV-0109,2025-01-17,Client-024: M/s Chirag Industries,Polyester Grosgrain (Label-408),865,30.89
INV-1868,2026-03-15,Client-114: M/s Padma Enterprises,Gold Zardozi (Label-501),138,259.07
INV-0950,2025-08-14,Client-020: M/s Jagdish Fabrics,Chanderi Block Print (Label-221),15,133.74
INV-2414,2023-08-29,Client-126: M/s Mukesh Garments,Jacquard Brocade (Label-315),123,189.08
INV-2949,2025-07-31,Client-102: M/s Sita Industries,Jacquard Brocade (Label-315),133,167.75
INV-3206,2023-06-27,Client-043: Smt. Manju Weavers,Banarasi Zari Border (Label-302),102,136.26
INV-2224,2024-02-16,Client-035: M/s Chandrakant Silk House,Multicolor Taffeta (Label-308),182,92.64
INV-2975,2024-05-19,Client-098: M/s Bhavna Garments,Banarasi Zari Border (Label-302),293,140.69
INV-3958,2025-05-25,Client-081: M/s Mahesh Traders,Metallic Zari (Label-306),181,144.45
INV-0544,2026-07-23,Client-019: M/s Sunil Collections,Satin 2-Inch (Label-102),21,53.89
INV-1766,2026-03-01,Client-149: Shri Alpesh Saree Centre,Polyester Grosgrain (Label-408),12,29.02
INV-2495,2024-09-03,Client-106: Smt. Kamlesh Designs,Chiffon Pleated (Label-119),158,73.14
INV-2935,2023-08-18,Client-114: M/s Padma Enterprises,Gota Patti (Label-204),106,88.93
INV-0260,2023-11-07,Client-053: M/s Malti Enterprises,Embroidered Mirror Work (Label-422),50,210.08
INV-1515,2024-05-27,Client-102: M/s Sita Industries,Lace Trim Border (Label-217),16,62.39
INV-1779,2023-03-02,Client-083: M/s Vandana Exports,Velvet Roll (Label-405),113,124.77
INV-1863,2024-12-12,Client-031: M/s Paresh Garments,Polyester Grosgrain (Label-408),210,30.55
INV-1296,2026-07-06,Client-008: M/s Natubhai Exports,Satin 2-Inch (Label-102),385,49.32
INV-0928,2024-08-26,Client-010: M/s Pallavi Designs,Raw Silk Ribbon (Label-115),62,115.49
INV-0613,2024-02-01,Client-046: M/s Bhikhabhai Textiles,Patola Woven Border (Label-330),223,228.72
INV-2632,2024-03-04,Client-061: M/s Poonam Enterprises,Raw Silk Ribbon (Label-115),51,101.61
INV-1232,2023-05-03,Client-067: M/s Bhavik Traders,Chanderi Block Print (Label-221),38,135.2
INV-0220,2026-02-24,Client-067: M/s Bhavik Traders,Multicolor Taffeta (Label-308),35,82.98
INV-3130,2024-05-07,Client-046: M/s Bhikhabhai Textiles,Gota Patti (Label-204),106,91.54
INV-0486,2026-08-01,Client-086: M/s Neha Fashion House,Multicolor Taffeta (Label-308),66,79.4
INV-2317,2024-12-23,Client-119: M/s Bhikhabhai Emporium,Metallic Zari (Label-306),377,173.55
INV-2165,2026-04-25,Client-069: Smt. Mohan Designs,Velvet Roll (Label-405),152,131.94
INV-3522,2024-09-19,Client-014: Shri Usha Fabrics,Organza Sheer (Label-210),52,58.58
INV-2993,2023-07-24,Client-129: M/s Padma Industries,Cotton Herringbone (Label-203),2,42.28
INV-0259,2026-03-18,Client-029: M/s Hitesh Boutique,Silk Printed (Label-112),14,85.86
INV-3843,2024-02-23,Client-148: M/s Navin Fabrics,Satin 2-Inch (Label-102),81,48.21
INV-0387,2025-05-01,Client-114: M/s Padma Enterprises,Satin 2-Inch (Label-102),32,46.67
INV-0848,2023-12-02,Client-032: Shri Lakshmi Event Planners,Satin 1-Inch (Label-101),26,32.3
INV-2574,2025-12-31,Client-090: Shri Prital Handloom,Gota Patti (Label-204),271,82.28
INV-3234,2025-01-24,Client-069: Smt. Mohan Designs,Satin 1-Inch (Label-101),444,32.04
INV-3613,2024-11-22,Client-031: M/s Paresh Garments,Gota Patti (Label-204),104,84.53
INV-3102,2026-04-19,Client-087: M/s Mayur Creations,Banarasi Zari Border (Label-302),721,143.2
INV-2862,2023-07-21,Client-094: M/s Dilip Weavers,Chiffon Pleated (Label-119),144,78.44
INV-1624,2025-03-23,Client-052: Smt. Anita Saree Centre,Chiffon Pleated (Label-119),266,72.43
INV-1002,2025-04-12,Client-034: M/s Mansukhbhai Event Planners,Lace Trim Border (Label-217),85,62.35
INV-0210,2023-06-19,Client-021: M/s Yash Emporium,Embroidered Mirror Work (Label-422),167,214.3
INV-3621,2026-01-29,Client-091: M/s Bharat Silk House,Multicolor Taffeta (Label-308),95,94.46
INV-2092,2025-02-03,,Embroidered Mirror Work (Label-422),257,230.82
INV-1949,2023-05-14,Client-129: M/s Padma Industries,Organza Sheer (Label-210),46,57.52
INV-0911,2023-07-02,Client-131: M/s Geeta Fabrics,Chiffon Pleated (Label-119),366,80.21
INV-1719,2025-03-15,Client-069: Smt. Mohan Designs,Satin 2-Inch (Label-102),126,47.06
INV-2553,2026-06-07,Client-011: M/s Kavya Industries,Multicolor Taffeta (Label-308),6,96.17
INV-2985,2024-09-23,Client-057: M/s Drashti Emporium,Silk Printed (Label-112),56,100.34
INV-2164,2024-12-31,Client-026: Smt. Vivek Fabrics,Satin 2-Inch (Label-102),213,47.43
INV-0597,2026-03-30,Client-033: M/s Vivek Fabrics,Velvet Roll (Label-405),111,117.3
INV-1951,2023-01-07,Client-144: M/s Pooja Fashion House,Lace Trim Border (Label-217),42,60.03
INV-3765,2025-12-28,Client-110: M/s Anita Embroidery Works,Banarasi Zari Border (Label-302),76,139.34
INV-0297,2023-10-05,Client-108: M/s Shyam Event Planners,Lace Trim Border (Label-217),44,71.41
INV-3717,2026-04-25,Client-036: M/s Rahul Enterprises,Cotton Herringbone (Label-203),7,41.72
INV-0508,2025-06-10,Client-038: M/s Natubhai Creations,Raw Silk Ribbon (Label-115),71,104.67
INV-2865,2025-06-16,Client-054: Smt. Subhash Creations,Lace Trim Border (Label-217),248,67.18
INV-0008,2025-02-15,Client-045: M/s Akash Saree Centre,Raw Silk Ribbon (Label-115),226,111.52
INV-2253,2025-12-18,Client-042: M/s Pooja Traders,Organza Sheer (Label-210),1118,55.52
INV-3055,2025-08-02,Client-131: M/s Geeta Fabrics,Metallic Zari (Label-306),330,175.09
INV-2030,2023-11-27,Client-062: M/s Deepak Creations,Jacquard Brocade (Label-315),325,174.03
INV-2149,2024-08-30,Client-134: M/s Rakesh Weavers,Embroidered Mirror Work (Label-422),218,226.54
INV-2087,2024-06-17,Client-075: Smt. Seema Exports,Gota Patti (Label-204),40,78.89
INV-3118,2025-07-27,Client-041: M/s Varsha Handloom,Metallic Zari (Label-306),19,154.5
INV-2551,2025-10-23,Client-038: M/s Natubhai Creations,Metallic Zari (Label-306),133,165.77
INV-3359,2024-01-03,Client-136: M/s Anjali Decorators,Nylon Woven (Label-501),-28,28.28
INV-0178,2024-09-26,Client-085: M/s Nayna Industries,Organza Sheer (Label-210),242,56.87
INV-3854,2024-08-17,Client-002: M/s Chandrika Fashion House,Polyester Grosgrain (Label-408),181,30.39
INV-2779,2023-10-22,Client-044: Shri Meena Silk House,Jacquard Brocade (Label-315),60,165.34
INV-0791,2024-09-07,Client-055: M/s Balaji Collections,Metallic Zari (Label-306),13,144.69
INV-1335,2023-06-22,Client-133: Smt. Manisha Designs,Lace Trim Border (Label-217),175,61.49
INV-0679,2026-03-25,Client-035: M/s Chandrakant Silk House,Cotton Herringbone (Label-203),66,41.81
INV-3454,2024-02-27,Client-041: M/s Varsha Handloom,Gold Zardozi (Label-501),79,307.72
INV-3013,2024-11-08,Client-079: M/s Savita Weavers,Gota Patti (Label-204),45,77.11
INV-1437,2025-02-27,Client-050: Smt. Balaji Boutique,Organza Sheer (Label-210),66,59.07
INV-0097,2023-07-25,Client-077: Shri Deepak Fashion House,Gota Patti (Label-204),15,77.28
INV-0044,2024-10-22,Client-023: M/s Navin Embroidery Works,Cotton Herringbone (Label-203),62,45.21
INV-1815,2024-02-26,Client-111: Shri Rekha Textiles,Silver Tissue (Label-312),224,177.54
INV-1491,2024-03-31,Client-027: M/s Rajendra Creations,Velvet Roll (Label-405),32,112.22
INV-1229,2023-09-16,Client-139: M/s Gopal Fashion House,Polyester Grosgrain (Label-408),734,30.17
INV-0760,2026-01-30,Client-065: Shri Arvind Emporium,Satin 2-Inch (Label-102),37,51.39
INV-3627,2025-01-16,Client-037: M/s Vinod Fashion House,Satin 1-Inch (Label-101),62,33.75
INV-2019,2023-07-18,Client-055: M/s Balaji Collections,Velvet Roll (Label-405),282,121.7
INV-2750,2023-04-25,Client-072: M/s Arun Fashion House,Satin 1-Inch (Label-101),59,33.55
INV-3067,2024-07-24,Client-121: M/s Harish Traders,Jacquard Brocade (Label-315),380,175.11
INV-0026,2025-05-08,Client-140: M/s Brijesh Weavers,Raw Silk Ribbon (Label-115),102,118.75
INV-2303,2023-01-08,Client-060: Smt. Seema Fabrics,Silk Printed (Label-112),49,86.45
INV-1611,2025-01-07,Client-111: Shri Rekha Textiles,Banarasi Zari Border (Label-302),114,156.33
INV-0680,2023-06-21,Client-140: M/s Brijesh Weavers,Embroidered Mirror Work (Label-422),-3,199.83
INV-1843,2025-12-01,Client-069: Smt. Mohan Designs,Silk Printed (Label-112),107,101.38
INV-2645,2025-12-23,Client-150: M/s Kantilal Event Planners,Metallic Zari (Label-306),42,172.36
INV-1223,2023-12-03,Client-101: Smt. Manju Garments,Banarasi Zari Border (Label-302),172,149.65
INV-0782,2024-03-18,Client-025: M/s Ruchita Exports,Velvet Roll (Label-405),753,125.4
INV-3668,2025-08-09,Client-126: M/s Mukesh Garments,Embroidered Mirror Work (Label-422),102,214.48
INV-3814,2024-05-06,Client-117: Smt. Narottam Emporium,Banarasi Zari Border (Label-302),404,148.93
INV-2339,2024-10-17,Client-081: M/s Mahesh Traders,Raw Silk Ribbon (Label-115),987,118.43
INV-1357,2025-03-11,Client-029: M/s Hitesh Boutique,Organza Sheer (Label-210),107,55.4
INV-1616,2025-08-01,Client-122: M/s Bhikhabhai Enterprises,Cotton Herringbone (Label-203),206,44.21
INV-3128,2026-02-26,Client-140: M/s Brijesh Weavers,Multicolor Taffeta (Label-308),66,84.89
INV-2383,2025-06-10,Client-126: M/s Mukesh Garments,Nylon Woven (Label-501),206,29.21
INV-2148,2025-05-18,Client-072: M/s Arun Fashion House,Banarasi Zari Border (Label-302),27,158.31
INV-0884,2024-11-01,Client-026: Smt. Vivek Fabrics,Gold Zardozi (Label-501),126,289.9
INV-0383,2023-10-10,Client-109: M/s Padma Silk House,Jacquard Brocade (Label-315),256,174.53
INV-2836,2025-06-22,Client-075: Smt. Seema Exports,Chanderi Block Print (Label-221),29,132.66
INV-1338,2023-06-05,Client-022: Shri Champa Traders,Polyester Grosgrain (Label-408),25,34.19
INV-2753,2024-03-27,Client-070: M/s Yash Designs,Gota Patti (Label-204),566,91.73
INV-0032,2024-05-31,Client-121: M/s Harish Traders,Gota Patti (Label-204),831,89.23
INV-2182,2025-03-26,Client-020: M/s Jagdish Fabrics,Silk Printed (Label-112),33,87.27
INV-2035,2025-11-30,Client-099: M/s Sushila Garments,Satin 1-Inch (Label-101),40,36.98
INV-3608,2025-10-13,Client-120: M/s Usha Enterprises,Chanderi Block Print (Label-221),136,136.48
INV-0611,2024-10-02,Client-014: Shri Usha Fabrics,Gota Patti (Label-204),52,89.14
INV-0571,2025-01-02,Client-069: Smt. Mohan Designs,Satin 1-Inch (Label-101),54,34.11
INV-0344,2026-04-14,Client-022: Shri Champa Traders,Raw Silk Ribbon (Label-115),61,105.5
INV-1886,2023-03-01,Client-130: M/s Jignesh Creations,Silk Printed (Label-112),271,102.41
INV-1651,2025-11-05,Client-068: M/s Madhuri Fabrics,Polyester Grosgrain (Label-408),103,34.17
INV-3039,2023-02-04,Client-104: M/s Nirmala Designs,Jacquard Brocade (Label-315),98,157.62
INV-2497,2023-10-29,Client-036: M/s Rahul Enterprises,Chanderi Block Print (Label-221),219,142.93
INV-1048,2023-02-24,Client-040: M/s Drashti Fashion House,Cotton Herringbone (Label-203),26,40.32
INV-3629,2023-01-20,Client-094: M/s Dilip Weavers,Banarasi Zari Border (Label-302),132,158.9
INV-1072,2024-01-28,Client-044: Shri Meena Silk House,Silver Tissue (Label-312),123,175.67
INV-1812,2023-08-22,,Banarasi Zari Border (Label-302),16,138.34
INV-3487,2024-03-08,Client-148: M/s Navin Fabrics,Embroidered Mirror Work (Label-422),261,213.16
INV-2536,2025-11-20,Client-058: Smt. Deepika Fashion House,Polyester Grosgrain (Label-408),178,29.01
INV-0966,2025-10-20,Client-116: Shri Alka Industries,Gota Patti (Label-204),85,77.13
INV-0529,2023-12-21,Client-003: M/s Vinod Traders,Nylon Woven (Label-501),101,26.61
INV-0177,2024-12-17,Client-101: Smt. Manju Garments,Organza Sheer (Label-210),125,56.05
INV-0423,2026-03-10,Client-140: M/s Brijesh Weavers,Patola Woven Border (Label-330),36,233.64
INV-3369,2024-01-18,Client-017: M/s Rahul Creations,Gold Zardozi (Label-501),345,278.7
INV-3242,2025-05-23,Client-124: M/s Bhavesh Exports,Nylon Woven (Label-501),42,25.65
INV-2020,2023-11-22,Client-103: Shri Vijay Fashion House,Silver Tissue (Label-312),166,191.43
INV-0573,2025-09-06,Client-043: Smt. Manju Weavers,Velvet Roll (Label-405),1086,111.18
INV-3538,2026-03-07,Client-112: M/s Indira Traders,Polyester Grosgrain (Label-408),26,29.08
INV-0289,2023-06-17,Client-136: M/s Anjali Decorators,Lace Trim Border (Label-217),1164,59.52
INV-2659,2023-02-19,Client-008: M/s Natubhai Exports,Satin 1-Inch (Label-101),155,33.76
INV-2922,2023-03-19,Client-077: Shri Deepak Fashion House,Chanderi Block Print (Label-221),40,143.91
INV-2633,2026-05-10,Client-062: M/s Deepak Creations,Banarasi Zari Border (Label-302),85,144.3
INV-1591,2023-10-14,Client-077: Shri Deepak Fashion House,Satin 2-Inch (Label-102),36,49.12
INV-3943,2024-03-13,Client-048: M/s Bhavesh Traders,Embroidered Mirror Work (Label-422),281,230.7
INV-2100,2024-06-14,Client-150: M/s Kantilal Event Planners,Patola Woven Border (Label-330),44,263.39
INV-1392,2023-11-07,Client-010: M/s Pallavi Designs,Nylon Woven (Label-501),74,30.37
INV-2855,2025-08-06,Client-127: M/s Nayna Boutique,Nylon Woven (Label-501),41,26.1
INV-1740,2023-01-02,Client-036: M/s Rahul Enterprises,Lace Trim Border (Label-217),27,69.92
INV-1730,2023-10-30,Client-057: M/s Drashti Emporium,Patola Woven Border (Label-330),111,274.7
INV-1919,2025-12-07,Client-096: M/s Kiran Emporium,Gold Zardozi (Label-501),125,285.85
INV-3101,2024-03-15,Client-047: M/s Harish Creations,Lace Trim Border (Label-217),35,71.07
INV-0371,2024-02-28,Client-090: Shri Prital Handloom,Satin 2-Inch (Label-102),206,45.98
INV-3293,2023-11-23,Client-035: M/s Chandrakant Silk House,Gold Zardozi (Label-501),73,307.66
INV-3713,2025-12-27,Client-081: M/s Mahesh Traders,Organza Sheer (Label-210),33,52.48
INV-2635,2025-04-23,Client-026: Smt. Vivek Fabrics,Satin 1-Inch (Label-101),249,35.03
INV-3412,2024-08-26,Client-008: M/s Natubhai Exports,Cotton Herringbone (Label-203),11,41.99
INV-2070,2026-07-30,Client-047: M/s Harish Creations,Silk Printed (Label-112),2469,100.3
INV-0142,2025-05-16,Client-014: Shri Usha Fabrics,Polyester Grosgrain (Label-408),20,32.64
INV-3356,2025-06-03,Client-006: M/s Naresh Exports,Jacquard Brocade (Label-315),170,182.22
INV-0492,2023-07-10,Client-124: M/s Bhavesh Exports,Gota Patti (Label-204),28,83.83
INV-0199,2023-06-25,Client-093: Shri Niraj Boutique,Satin 1-Inch (Label-101),142,38.17
INV-1789,2025-01-02,Client-041: M/s Varsha Handloom,Polyester Grosgrain (Label-408),623,29.28
INV-2527,2024-04-26,Client-043: Smt. Manju Weavers,Metallic Zari (Label-306),39,149.09
INV-3925,2023-09-10,Client-050: Smt. Balaji Boutique,Metallic Zari (Label-306),52,166.83
INV-1457,2023-02-14,Client-087: M/s Mayur Creations,Embroidered Mirror Work (Label-422),64,217.47
INV-0196,2025-05-09,Client-118: M/s Pravin Textiles,Satin 1-Inch (Label-101),116,32.28
INV-0875,2023-04-25,Client-077: Shri Deepak Fashion House,Kutch Embroidery Border (Label-407),158,240.35
INV-2440,2024-11-30,Client-138: Smt. Natubhai Weavers,Raw Silk Ribbon (Label-115),449,106.2
INV-3824,2024-07-24,Client-063: Smt. Padma Saree Centre,Chiffon Pleated (Label-119),88,79.91
INV-0841,2023-03-28,Client-063: Smt. Padma Saree Centre,Gold Zardozi (Label-501),514,282.12
INV-0582,2025-10-03,Client-085: M/s Nayna Industries,Cotton Herringbone (Label-203),92,38.22
INV-3949,2023-03-18,Client-077: Shri Deepak Fashion House,Banarasi Zari Border (Label-302),9,134.34
INV-0906,2025-04-11,Client-028: Shri Tarun Industries,Patola Woven Border (Label-330),182,265.7
INV-0632,2025-04-08,Client-005: M/s Nayna Garments,Chiffon Pleated (Label-119),117,77.6
INV-2577,2025-10-09,Client-118: M/s Pravin Textiles,Chiffon Pleated (Label-119),38,72.33
INV-0163,2024-12-16,Client-038: M/s Natubhai Creations,Nylon Woven (Label-501),27,25.78
INV-2074,2025-11-23,Client-107: M/s Ramniklal Event Planners,Cotton Herringbone (Label-203),10,39.72
INV-2081,2024-07-15,Client-063: Smt. Padma Saree Centre,Jacquard Brocade (Label-315),90,168.89
INV-1761,2024-01-12,Client-140: M/s Brijesh Weavers,Cotton Herringbone (Label-203),68,44.7
INV-2662,2026-05-23,,Organza Sheer (Label-210),232,60.37
INV-0926,2024-10-01,Client-088: M/s Pooja Creations,Silver Tissue (Label-312),195,205.86
INV-1833,2025-11-04,Client-131: M/s Geeta Fabrics,Satin 1-Inch (Label-101),83,33.16
INV-0548,2026-07-23,Client-116: Shri Alka Industries,Cotton Herringbone (Label-203),56,39.56
INV-2294,2025-01-21,Client-109: M/s Padma Silk House,Embroidered Mirror Work (Label-422),114,218.71
INV-1189,2025-06-07,Client-002: M/s Chandrika Fashion House,Chiffon Pleated (Label-119),250,69.25
INV-2000,2024-05-14,Client-135: M/s Anjali Emporium,Kutch Embroidery Border (Label-407),100,228.09
INV-2098,2025-12-16,Client-111: Shri Rekha Textiles,Gota Patti (Label-204),79,83.32
INV-0612,2025-06-26,Client-095: M/s Shardaben Handloom,Kutch Embroidery Border (Label-407),141,232.14
INV-2195,2024-04-11,Client-142: M/s Vandana Boutique,Nylon Woven (Label-501),23,27.81
INV-3662,2024-06-11,Client-081: M/s Mahesh Traders,Silk Printed (Label-112),34,98.45
INV-1508,2023-08-20,Client-064: Smt. Nayna Exports,Silver Tissue (Label-312),214,208.68
INV-1870,2023-06-27,Client-072: M/s Arun Fashion House,Patola Woven Border (Label-330),102,230.82
INV-0743,2024-09-13,,Gold Zardozi (Label-501),47,297.66
INV-0638,2023-03-27,,Raw Silk Ribbon (Label-115),48,107.67
INV-3536,2025-07-23,Client-131: M/s Geeta Fabrics,Nylon Woven (Label-501),58,27.65
INV-2016,2026-07-03,Client-091: M/s Bharat Silk House,Kutch Embroidery Border (Label-407),17,226.85
INV-3762,2023-01-07,Client-059: M/s Sita Fabrics,Gold Zardozi (Label-501),514,300.97
INV-1098,2024-12-15,Client-150: M/s Kantilal Event Planners,Gota Patti (Label-204),545,89.51
INV-1484,2023-12-01,Client-022: Shri Champa Traders,Cotton Herringbone (Label-203),222,43.48
INV-0049,2023-02-05,Client-057: M/s Drashti Emporium,Chiffon Pleated (Label-119),135,77.88
INV-1352,2025-12-30,Client-122: M/s Bhikhabhai Enterprises,Velvet Roll (Label-405),184,115.89
INV-0922,2023-03-10,Client-146: M/s Yash Fashion House,Satin 2-Inch (Label-102),113,52.05
INV-3563,2023-07-07,Client-039: Shri Jignesh Designs,Organza Sheer (Label-210),164,56.68
INV-0757,2025-02-27,Client-114: M/s Padma Enterprises,Nylon Woven (Label-501),42,29.33
INV-2125,2025-04-30,Client-138: Smt. Natubhai Weavers,Multicolor Taffeta (Label-308),133,81.57
INV-2367,2023-04-22,Client-059: M/s Sita Fabrics,Kutch Embroidery Border (Label-407),14,247.95
INV-1468,2025-02-21,Client-114: M/s Padma Enterprises,Lace Trim Border (Label-217),199,58.65
INV-3643,2026-08-02,Client-119: M/s Bhikhabhai Emporium,Jacquard Brocade (Label-315),39,165.45
INV-1695,2024-04-03,Client-003: M/s Vinod Traders,Organza Sheer (Label-210),426,50.66
INV-1323,2023-08-16,Client-054: Smt. Subhash Creations,Polyester Grosgrain (Label-408),296,31.72
INV-1177,2025-03-05,Client-145: M/s Rahul Decorators,Raw Silk Ribbon (Label-115),1343,108.31
INV-1948,2023-01-30,Client-104: M/s Nirmala Designs,Embroidered Mirror Work (Label-422),10,224.18
INV-1214,2023-07-28,Client-011: M/s Kavya Industries,Gold Zardozi (Label-501),13,257.9
INV-3934,2024-04-29,Client-041: M/s Varsha Handloom,Nylon Woven (Label-501),106,29.24
INV-2534,2025-10-01,Client-075: Smt. Seema Exports,Raw Silk Ribbon (Label-115),232,117.41
INV-2288,2023-12-13,Client-065: Shri Arvind Emporium,Silk Printed (Label-112),88,95.26
INV-2782,2023-11-04,Client-134: M/s Rakesh Weavers,Chanderi Block Print (Label-221),250,142.29
INV-2678,2024-02-02,Client-049: Shri Ketan Industries,Gold Zardozi (Label-501),278,288.27
INV-1071,2025-10-31,Client-026: Smt. Vivek Fabrics,Kutch Embroidery Border (Label-407),162,242.11
INV-3730,2026-02-11,Client-047: M/s Harish Creations,Lace Trim Border (Label-217),309,58.61
INV-2831,2024-04-29,Client-030: M/s Shardaben Fashion House,Metallic Zari (Label-306),52,171.79
INV-2442,2026-05-24,Client-147: M/s Jagdish Silk House,Organza Sheer (Label-210),243,54.66
INV-3604,2025-10-14,Client-130: M/s Jignesh Creations,Chiffon Pleated (Label-119),23,68.29
INV-1715,2025-05-15,Client-049: Shri Ketan Industries,Chiffon Pleated (Label-119),21,70.15
INV-3022,2025-11-19,Client-016: M/s Padma Garments,Polyester Grosgrain (Label-408),410,35.16
INV-2197,2023-12-17,,Multicolor Taffeta (Label-308),163,89.04
INV-1150,2024-05-23,Client-118: M/s Pravin Textiles,Satin 1-Inch (Label-101),132,31.57
INV-3087,2024-09-05,Client-129: M/s Padma Industries,Silk Printed (Label-112),187,95.9
INV-2229,2023-04-09,Client-013: M/s Gopal Exports,Polyester Grosgrain (Label-408),113,31.26
INV-2964,2024-01-31,Client-071: M/s Kavya Fabrics,Gota Patti (Label-204),101,89.89
INV-2610,2023-04-11,Client-111: Shri Rekha Textiles,Multicolor Taffeta (Label-308),94,81.99
INV-1552,2024-05-24,Client-054: Smt. Subhash Creations,Silver Tissue (Label-312),28,180.03
INV-2555,2026-07-08,Client-017: M/s Rahul Creations,Satin 2-Inch (Label-102),68,53.3
INV-1289,2024-04-11,Client-071: M/s Kavya Fabrics,Silk Printed (Label-112),37,101.61
INV-3862,2025-07-07,Client-001: M/s Geeta Textiles,Cotton Herringbone (Label-203),27,41.94
INV-2808,2024-03-31,Client-095: M/s Shardaben Handloom,Velvet Roll (Label-405),240,113.37
INV-1642,2025-07-22,Client-091: M/s Bharat Silk House,Lace Trim Border (Label-217),13,69.27
INV-0868,2025-08-10,Client-031: M/s Paresh Garments,Silk Printed (Label-112),42,100.69
INV-0927,2025-11-15,Client-147: M/s Jagdish Silk House,Metallic Zari (Label-306),1207,157.47
INV-3211,2025-06-25,Client-049: Shri Ketan Industries,Gold Zardozi (Label-501),51,285.79
INV-0998,2023-01-30,Client-064: Smt. Nayna Exports,Nylon Woven (Label-501),231,27.03
INV-3021,2025-03-01,Client-146: M/s Yash Fashion House,Kutch Embroidery Border (Label-407),102,226.58
INV-1830,2025-11-03,Client-149: Shri Alpesh Saree Centre,Metallic Zari (Label-306),327,145.34
INV-1133,2024-04-27,Client-042: M/s Pooja Traders,Multicolor Taffeta (Label-308),163,90.31
INV-1341,2024-07-16,Client-036: M/s Rahul Enterprises,Silver Tissue (Label-312),-31,211.08
INV-3675,2025-07-11,Client-005: M/s Nayna Garments,Silk Printed (Label-112),64,100.82
INV-0211,2026-01-22,Client-027: M/s Rajendra Creations,Satin 1-Inch (Label-101),166,33.8
INV-3980,2023-01-15,Client-135: M/s Anjali Emporium,Multicolor Taffeta (Label-308),32,85.14
INV-0060,2026-02-16,Client-058: Smt. Deepika Fashion House,Gold Zardozi (Label-501),290,273.3
INV-3671,2023-03-08,Client-027: M/s Rajendra Creations,Embroidered Mirror Work (Label-422),-13,229.12
INV-2620,2026-02-12,Client-148: M/s Navin Fabrics,Gold Zardozi (Label-501),742,303.62
INV-3898,2025-03-21,Client-003: M/s Vinod Traders,Lace Trim Border (Label-217),16,59.07
INV-3947,2023-04-18,Client-009: M/s Narottam Weavers,Metallic Zari (Label-306),129,163.66
INV-0766,2023-08-08,Client-060: Smt. Seema Fabrics,Metallic Zari (Label-306),17,175.41
INV-2103,2025-12-28,Client-011: M/s Kavya Industries,Organza Sheer (Label-210),496,55.44
INV-3230,2023-05-27,Client-099: M/s Sushila Garments,Jacquard Brocade (Label-315),168,171.55
INV-1079,2023-05-23,Client-122: M/s Bhikhabhai Enterprises,Patola Woven Border (Label-330),-7,243.37
INV-2660,2026-07-28,Client-022: Shri Champa Traders,Silk Printed (Label-112),516,94.63
INV-3743,2024-10-18,Client-103: Shri Vijay Fashion House,Velvet Roll (Label-405),111,130.16
INV-2045,2025-06-19,Client-040: M/s Drashti Fashion House,Organza Sheer (Label-210),13,51.11
INV-2067,2025-10-27,Client-113: Smt. Kantilal Exports,Velvet Roll (Label-405),159,131.45
INV-0583,2025-02-14,Client-061: M/s Poonam Enterprises,Satin 1-Inch (Label-101),672,34.71
INV-2124,2024-04-01,Client-017: M/s Rahul Creations,Velvet Roll (Label-405),514,131.25
INV-3529,2026-05-19,Client-143: M/s Prakash Silk House,Gota Patti (Label-204),19,93.0
INV-3617,2023-11-13,Client-052: Smt. Anita Saree Centre,Patola Woven Border (Label-330),36,254.79
INV-0941,2025-12-24,Client-111: Shri Rekha Textiles,Raw Silk Ribbon (Label-115),38,119.2
INV-1081,2023-09-02,Client-103: Shri Vijay Fashion House,Kutch Embroidery Border (Label-407),2,251.97
INV-0188,2025-01-30,Client-027: M/s Rajendra Creations,Gold Zardozi (Label-501),212,299.67
INV-3106,2026-06-27,Client-078: M/s Prital Exports,Gota Patti (Label-204),21,79.96
INV-2311,2024-05-30,Client-042: M/s Pooja Traders,Satin 1-Inch (Label-101),203,31.93
INV-2677,2023-12-30,Client-122: M/s Bhikhabhai Enterprises,Satin 2-Inch (Label-102),113,53.8
INV-3095,2025-03-05,Client-005: M/s Nayna Garments,Organza Sheer (Label-210),149,53.11
INV-3820,2024-06-29,Client-104: M/s Nirmala Designs,Banarasi Zari Border (Label-302),1043,137.75
INV-1601,2024-03-09,Client-080: Shri Nayna Weavers,Silk Printed (Label-112),19,95.98
INV-3857,2025-09-30,Client-044: Shri Meena Silk House,Satin 1-Inch (Label-101),67,34.97
INV-0227,2024-09-25,Client-123: M/s Alka Collections,Gold Zardozi (Label-501),12,275.0
INV-1613,2023-07-19,Client-037: M/s Vinod Fashion House,Polyester Grosgrain (Label-408),26,32.3
INV-0536,2026-05-13,Client-082: M/s Dhaval Event Planners,Patola Woven Border (Label-330),10,232.0
INV-3849,2026-06-28,Client-144: M/s Pooja Fashion House,Raw Silk Ribbon (Label-115),46,107.81
INV-3216,2024-02-14,Client-026: Smt. Vivek Fabrics,Gota Patti (Label-204),108,84.85
INV-3127,2023-01-14,Client-086: M/s Neha Fashion House,Multicolor Taffeta (Label-308),119,85.08
INV-0698,2025-04-07,Client-067: M/s Bhavik Traders,Jacquard Brocade (Label-315),161,171.75
INV-3614,2025-12-18,Client-114: M/s Padma Enterprises,Gold Zardozi (Label-501),78,293.7
INV-2375,2023-09-03,Client-068: M/s Madhuri Fabrics,Multicolor Taffeta (Label-308),208,95.57
INV-1778,2023-03-18,Client-019: M/s Sunil Collections,Multicolor Taffeta (Label-308),164,92.63
INV-3625,2024-12-22,Client-067: M/s Bhavik Traders,Chiffon Pleated (Label-119),-22,77.5
INV-2805,2023-07-31,Client-043: Smt. Manju Weavers,Cotton Herringbone (Label-203),263,38.47
INV-1038,2025-11-13,Client-093: Shri Niraj Boutique,Chiffon Pleated (Label-119),149,69.72
INV-0209,2024-01-18,Client-128: M/s Balaji Event Planners,Lace Trim Border (Label-217),29,70.52
INV-1847,2025-05-07,Client-033: M/s Vivek Fabrics,Silver Tissue (Label-312),30,185.05
INV-0566,2023-07-02,Client-147: M/s Jagdish Silk House,Patola Woven Border (Label-330),134,249.71
INV-0314,2024-07-03,Client-011: M/s Kavya Industries,Satin 1-Inch (Label-101),70,32.82
INV-0602,2024-08-18,Client-034: M/s Mansukhbhai Event Planners,Chanderi Block Print (Label-221),32,147.83
INV-0234,2026-04-04,Client-087: M/s Mayur Creations,Kutch Embroidery Border (Label-407),37,208.89
INV-1261,2025-04-14,Client-016: M/s Padma Garments,Raw Silk Ribbon (Label-115),70,120.14
INV-0932,2024-06-10,,Velvet Roll (Label-405),80,122.49
INV-3221,2024-03-19,Client-040: M/s Drashti Fashion House,Organza Sheer (Label-210),18,59.98
INV-1724,2023-01-20,Client-122: M/s Bhikhabhai Enterprises,Kutch Embroidery Border (Label-407),17,207.05
INV-0112,2023-08-24,Client-020: M/s Jagdish Fabrics,Organza Sheer (Label-210),82,57.8
INV-2705,2026-05-21,Client-032: Shri Lakshmi Event Planners,Gold Zardozi (Label-501),156,287.8
INV-1090,2025-10-16,Client-067: M/s Bhavik Traders,Silver Tissue (Label-312),85,188.9
INV-2743,2024-11-20,Client-031: M/s Paresh Garments,Cotton Herringbone (Label-203),333,44.88
INV-2029,2026-05-16,Client-100: Smt. Kavita Saree Centre,Silver Tissue (Label-312),137,195.44
INV-3945,2023-06-04,Client-130: M/s Jignesh Creations,Banarasi Zari Border (Label-302),14,158.19
INV-1744,2025-05-15,Client-026: Smt. Vivek Fabrics,Cotton Herringbone (Label-203),248,45.53
INV-0473,2025-01-04,Client-008: M/s Natubhai Exports,Lace Trim Border (Label-217),78,70.82
INV-2097,2023-11-08,Client-019: M/s Sunil Collections,Jacquard Brocade (Label-315),143,180.17
INV-3733,2024-01-05,Client-024: M/s Chirag Industries,Jacquard Brocade (Label-315),240,185.25
INV-1787,2025-11-25,Client-031: M/s Paresh Garments,Satin 2-Inch (Label-102),76,47.31
INV-3277,2024-02-22,Client-119: M/s Bhikhabhai Emporium,Metallic Zari (Label-306),229,171.47
INV-1374,2025-12-30,Client-044: Shri Meena Silk House,Satin 1-Inch (Label-101),-33,36.2
INV-3704,2026-06-13,Client-015: M/s Savita Decorators,Velvet Roll (Label-405),34,111.42
INV-0362,2024-05-10,Client-040: M/s Drashti Fashion House,Embroidered Mirror Work (Label-422),27,222.14
INV-0136,2023-07-23,Client-030: M/s Shardaben Fashion House,Chanderi Block Print (Label-221),158,139.07
INV-1135,2025-08-22,Client-086: M/s Neha Fashion House,Embroidered Mirror Work (Label-422),139,225.82
INV-1152,2025-05-16,Client-066: Smt. Krunal Embroidery Works,Satin 1-Inch (Label-101),624,32.17
INV-2469,2024-10-21,,Gold Zardozi (Label-501),73,286.48
INV-1054,2023-10-05,Client-014: Shri Usha Fabrics,Cotton Herringbone (Label-203),595,40.83
INV-3317,2026-06-18,Client-091: M/s Bharat Silk House,Jacquard Brocade (Label-315),118,178.44
INV-0023,2023-05-12,Client-085: M/s Nayna Industries,Silver Tissue (Label-312),97,193.67
INV-1973,2023-04-21,Client-080: Shri Nayna Weavers,Organza Sheer (Label-210),101,58.32
INV-2953,2023-10-19,Client-092: M/s Pushpa Silk House,Kutch Embroidery Border (Label-407),23,241.96
INV-1653,2025-02-05,Client-133: Smt. Manisha Designs,Raw Silk Ribbon (Label-115),271,105.98
INV-0696,2023-05-21,Client-141: Shri Brijesh Event Planners,Polyester Grosgrain (Label-408),23,33.45
INV-0421,2024-05-05,Client-029: M/s Hitesh Boutique,Nylon Woven (Label-501),417,28.0
INV-3950,2023-02-07,Client-112: M/s Indira Traders,Satin 2-Inch (Label-102),30,52.82
INV-0461,2023-09-21,Client-085: M/s Nayna Industries,Velvet Roll (Label-405),27,109.02
INV-1068,2023-07-17,Client-053: M/s Malti Enterprises,Kutch Embroidery Border (Label-407),471,248.45
INV-0088,2024-10-21,Client-062: M/s Deepak Creations,Kutch Embroidery Border (Label-407),270,224.62
INV-0283,2024-06-18,Client-115: M/s Vijay Fashion House,Cotton Herringbone (Label-203),97,45.81
INV-2999,2024-04-13,Client-123: M/s Alka Collections,Metallic Zari (Label-306),558,151.3
INV-1314,2025-08-15,Client-085: M/s Nayna Industries,Kutch Embroidery Border (Label-407),89,233.04
INV-1408,2025-02-05,Client-107: M/s Ramniklal Event Planners,Chiffon Pleated (Label-119),50,82.06
INV-3795,2024-10-31,Client-005: M/s Nayna Garments,Velvet Roll (Label-405),107,114.77
INV-2113,2023-07-24,Client-080: Shri Nayna Weavers,Satin 1-Inch (Label-101),76,34.54
INV-0860,2026-05-03,Client-144: M/s Pooja Fashion House,Jacquard Brocade (Label-315),142,191.32
INV-0534,2024-11-19,Client-084: M/s Kantilal Embroidery Works,Cotton Herringbone (Label-203),178,39.99
INV-3510,2023-03-14,Client-098: M/s Bhavna Garments,Gold Zardozi (Label-501),57,276.17
INV-3784,2026-07-29,Client-006: M/s Naresh Exports,Patola Woven Border (Label-330),12,256.84
INV-1420,2024-09-22,,Jacquard Brocade (Label-315),-46,186.07
INV-3396,2026-06-21,Client-122: M/s Bhikhabhai Enterprises,Cotton Herringbone (Label-203),635,44.8
INV-3169,2024-12-04,Client-143: M/s Prakash Silk House,Metallic Zari (Label-306),50,152.53
INV-2801,2025-02-06,Client-047: M/s Harish Creations,Gold Zardozi (Label-501),23,274.02
INV-3372,2026-01-07,Client-069: Smt. Mohan Designs,Nylon Woven (Label-501),30,29.51
INV-3939,2025-09-16,Client-083: M/s Vandana Exports,Satin 1-Inch (Label-101),24,33.8
INV-2899,2024-09-23,Client-095: M/s Shardaben Handloom,Multicolor Taffeta (Label-308),48,89.59
INV-1645,2025-06-14,Client-026: Smt. Vivek Fabrics,Satin 1-Inch (Label-101),72,37.14
INV-1413,2023-03-12,Client-093: Shri Niraj Boutique,Chanderi Block Print (Label-221),429,140.58
INV-3909,2026-02-15,,Silver Tissue (Label-312),620,180.21
INV-2298,2023-06-02,Client-017: M/s Rahul Creations,Organza Sheer (Label-210),24,55.79
INV-0943,2024-05-10,Client-050: Smt. Balaji Boutique,Gold Zardozi (Label-501),14,270.89
INV-2252,2025-06-17,,Multicolor Taffeta (Label-308),83,80.42
INV-3905,2025-12-28,Client-035: M/s Chandrakant Silk House,Multicolor Taffeta (Label-308),43,85.34
INV-1652,2025-04-29,Client-002: M/s Chandrika Fashion House,Embroidered Mirror Work (Label-422),16,190.37
INV-2216,2023-03-04,Client-138: Smt. Natubhai Weavers,Velvet Roll (Label-405),58,127.37
INV-2247,2024-05-10,Client-095: M/s Shardaben Handloom,Multicolor Taffeta (Label-308),259,92.19
INV-0122,2025-06-29,Client-093: Shri Niraj Boutique,Velvet Roll (Label-405),221,131.54
INV-0888,2024-02-15,Client-071: M/s Kavya Fabrics,Silver Tissue (Label-312),72,187.95
INV-2835,2025-10-01,Client-057: M/s Drashti Emporium,Embroidered Mirror Work (Label-422),54,207.86
INV-0686,2025-03-26,Client-031: M/s Paresh Garments,Nylon Woven (Label-501),59,27.7
INV-2959,2024-05-23,Client-042: M/s Pooja Traders,Silk Printed (Label-112),223,99.08
INV-0414,2023-10-08,Client-035: M/s Chandrakant Silk House,Chanderi Block Print (Label-221),24,148.31
INV-0790,2024-08-05,Client-133: Smt. Manisha Designs,Organza Sheer (Label-210),189,60.43
INV-2190,2026-04-04,Client-148: M/s Navin Fabrics,Chiffon Pleated (Label-119),42,78.7
INV-1570,2026-01-20,Client-131: M/s Geeta Fabrics,Embroidered Mirror Work (Label-422),754,194.96
INV-1804,2023-03-31,Client-063: Smt. Padma Saree Centre,Polyester Grosgrain (Label-408),42,29.63
INV-3850,2026-03-10,Client-140: M/s Brijesh Weavers,Banarasi Zari Border (Label-302),131,149.32
INV-1393,2025-06-27,Client-085: M/s Nayna Industries,Organza Sheer (Label-210),87,52.56
INV-2139,2025-09-25,Client-117: Smt. Narottam Emporium,Patola Woven Border (Label-330),21,229.83
INV-0273,2023-11-20,Client-122: M/s Bhikhabhai Enterprises,Satin 2-Inch (Label-102),53,51.51
INV-2592,2023-03-25,Client-108: M/s Shyam Event Planners,Satin 1-Inch (Label-101),31,36.11
INV-0522,2024-02-16,Client-064: Smt. Nayna Exports,Banarasi Zari Border (Label-302),84,143.74
INV-0523,2024-02-12,Client-119: M/s Bhikhabhai Emporium,Gold Zardozi (Label-501),67,274.23
INV-3237,2025-01-02,Client-016: M/s Padma Garments,Satin 2-Inch (Label-102),262,53.03
INV-1913,2025-09-16,Client-021: M/s Yash Emporium,Velvet Roll (Label-405),34,118.22
INV-0351,2025-02-18,Client-069: Smt. Mohan Designs,Polyester Grosgrain (Label-408),51,30.52
INV-1619,2024-10-04,Client-106: Smt. Kamlesh Designs,Gold Zardozi (Label-501),33,277.21
INV-1862,2024-03-07,Client-072: M/s Arun Fashion House,Kutch Embroidery Border (Label-407),92,247.46
INV-3107,2023-08-31,,Lace Trim Border (Label-217),55,60.14
INV-1962,2023-07-05,Client-054: Smt. Subhash Creations,Cotton Herringbone (Label-203),337,39.63
INV-0652,2026-01-10,Client-039: Shri Jignesh Designs,Lace Trim Border (Label-217),19,63.6
INV-2412,2023-02-27,Client-114: M/s Padma Enterprises,Satin 1-Inch (Label-101),18,35.01
INV-3443,2025-09-09,Client-005: M/s Nayna Garments,Silver Tissue (Label-312),82,210.83
INV-3701,2026-03-01,Client-138: Smt. Natubhai Weavers,Chanderi Block Print (Label-221),72,127.72
INV-1447,2024-01-21,Client-030: M/s Shardaben Fashion House,Kutch Embroidery Border (Label-407),165,223.92
INV-1954,2025-02-06,Client-064: Smt. Nayna Exports,Polyester Grosgrain (Label-408),8,34.16
INV-3735,2026-05-25,Client-107: M/s Ramniklal Event Planners,Chiffon Pleated (Label-119),83,70.05
INV-2329,2023-09-20,Client-122: M/s Bhikhabhai Enterprises,Satin 1-Inch (Label-101),33,31.62
INV-0169,2023-06-07,Client-024: M/s Chirag Industries,Raw Silk Ribbon (Label-115),241,112.07
INV-3707,2024-07-03,Client-145: M/s Rahul Decorators,Silk Printed (Label-112),116,102.63
INV-0963,2025-02-25,Client-077: Shri Deepak Fashion House,Chiffon Pleated (Label-119),24,80.95
INV-0946,2024-08-03,Client-009: M/s Narottam Weavers,Gota Patti (Label-204),589,87.03
INV-0463,2025-05-23,Client-055: M/s Balaji Collections,Jacquard Brocade (Label-315),47,167.12
INV-3428,2026-03-15,Client-067: M/s Bhavik Traders,Polyester Grosgrain (Label-408),28,34.22
INV-0329,2024-08-10,,Patola Woven Border (Label-330),33,246.53
INV-1658,2024-06-16,Client-041: M/s Varsha Handloom,Metallic Zari (Label-306),418,150.52
INV-2259,2026-06-15,Client-061: M/s Poonam Enterprises,Patola Woven Border (Label-330),41,249.53
INV-2692,2024-12-28,Client-135: M/s Anjali Emporium,Cotton Herringbone (Label-203),557,42.73
INV-2304,2024-10-18,Client-050: Smt. Balaji Boutique,Satin 2-Inch (Label-102),81,53.18
INV-0368,2025-07-01,Client-119: M/s Bhikhabhai Emporium,Patola Woven Border (Label-330),566,254.43
INV-3452,2026-05-31,Client-116: Shri Alka Industries,Satin 1-Inch (Label-101),178,34.73
INV-3015,2025-08-29,Client-132: M/s Shanta Creations,Satin 1-Inch (Label-101),124,37.4
INV-2834,2025-11-30,Client-099: M/s Sushila Garments,Chiffon Pleated (Label-119),46,76.3
INV-3126,2023-07-01,Client-114: M/s Padma Enterprises,Nylon Woven (Label-501),174,29.65
INV-0773,2026-06-24,Client-017: M/s Rahul Creations,Patola Woven Border (Label-330),32,273.36
INV-1285,2023-03-17,Client-054: Smt. Subhash Creations,Gota Patti (Label-204),110,79.83
INV-2537,2023-11-30,Client-116: Shri Alka Industries,Lace Trim Border (Label-217),287,70.87
INV-3579,2026-07-22,Client-007: M/s Hasmukh Collections,Velvet Roll (Label-405),44,122.93
INV-3139,2026-02-12,Client-013: M/s Gopal Exports,Metallic Zari (Label-306),10,173.35
INV-0499,2024-06-26,Client-140: M/s Brijesh Weavers,Chiffon Pleated (Label-119),681,70.27
INV-1235,2026-03-19,Client-097: M/s Deepika Designs,Gold Zardozi (Label-501),402,293.3
INV-1513,2025-04-03,Client-026: Smt. Vivek Fabrics,Embroidered Mirror Work (Label-422),275,209.67
INV-0436,2023-07-30,Client-030: M/s Shardaben Fashion House,Nylon Woven (Label-501),-50,29.35
INV-1252,2025-06-26,Client-023: M/s Navin Embroidery Works,Jacquard Brocade (Label-315),80,182.25
INV-0366,2025-03-29,Client-085: M/s Nayna Industries,Embroidered Mirror Work (Label-422),33,193.45
INV-1367,2024-03-20,Client-106: Smt. Kamlesh Designs,Silver Tissue (Label-312),281,180.23
INV-0277,2024-08-15,Client-003: M/s Vinod Traders,Polyester Grosgrain (Label-408),363,32.43
INV-2640,2025-07-09,Client-035: M/s Chandrakant Silk House,Banarasi Zari Border (Label-302),49,133.92
INV-3768,2023-06-18,Client-116: Shri Alka Industries,Chanderi Block Print (Label-221),456,147.5
INV-3440,2023-10-07,Client-148: M/s Navin Fabrics,Cotton Herringbone (Label-203),106,45.26
INV-0408,2024-09-10,Client-071: M/s Kavya Fabrics,Satin 1-Inch (Label-101),43,36.08
INV-1469,2023-09-07,Client-131: M/s Geeta Fabrics,Nylon Woven (Label-501),368,25.33
INV-3364,2024-02-22,Client-124: M/s Bhavesh Exports,Embroidered Mirror Work (Label-422),26,226.81
INV-3678,2024-06-03,Client-097: M/s Deepika Designs,Kutch Embroidery Border (Label-407),17,217.3
INV-0845,2023-07-05,Client-029: M/s Hitesh Boutique,Jacquard Brocade (Label-315),64,184.76
INV-1911,2026-05-11,Client-002: M/s Chandrika Fashion House,Cotton Herringbone (Label-203),70,43.6
INV-3312,2025-07-13,Client-020: M/s Jagdish Fabrics,Jacquard Brocade (Label-315),367,160.99
INV-0087,2026-01-08,Client-086: M/s Neha Fashion House,Silver Tissue (Label-312),49,205.25
INV-1544,2025-10-28,Client-043: Smt. Manju Weavers,Raw Silk Ribbon (Label-115),77,105.03
INV-2046,2025-02-25,Client-059: M/s Sita Fabrics,Gota Patti (Label-204),36,90.97
INV-2072,2024-09-06,Client-054: Smt. Subhash Creations,Kutch Embroidery Border (Label-407),48,237.91
INV-2365,2023-08-07,Client-053: M/s Malti Enterprises,Silk Printed (Label-112),63,99.94
INV-1850,2024-02-10,Client-117: Smt. Narottam Emporium,Gota Patti (Label-204),69,79.34
INV-0856,2023-01-14,Client-141: Shri Brijesh Event Planners,Cotton Herringbone (Label-203),69,43.01
INV-3957,2026-01-14,Client-020: M/s Jagdish Fabrics,Cotton Herringbone (Label-203),206,42.83
INV-0079,2024-08-12,Client-125: Shri Padma Saree Centre,Velvet Roll (Label-405),62,108.69
INV-0945,2025-04-22,Client-027: M/s Rajendra Creations,Patola Woven Border (Label-330),141,247.3
INV-0200,2025-11-05,Client-100: Smt. Kavita Saree Centre,Satin 2-Inch (Label-102),31,45.44
INV-2064,2026-06-12,Client-001: M/s Geeta Textiles,Cotton Herringbone (Label-203),49,44.14
INV-1617,2023-10-15,Client-146: M/s Yash Fashion House,Satin 2-Inch (Label-102),111,45.4
INV-0802,2025-03-18,Client-087: M/s Mayur Creations,Satin 1-Inch (Label-101),244,34.83
INV-2406,2026-01-08,Client-109: M/s Padma Silk House,Kutch Embroidery Border (Label-407),46,235.53
INV-2391,2023-10-25,Client-139: M/s Gopal Fashion House,Chanderi Block Print (Label-221),57,143.96
INV-1984,2025-06-10,Client-099: M/s Sushila Garments,Chanderi Block Print (Label-221),10,126.36
INV-2913,2024-02-15,Client-041: M/s Varsha Handloom,Multicolor Taffeta (Label-308),171,95.43
INV-0232,2024-08-04,Client-065: Shri Arvind Emporium,Silk Printed (Label-112),38,97.57
INV-1407,2025-08-19,Client-049: Shri Ketan Industries,Gota Patti (Label-204),203,76.72
INV-2005,2024-05-14,Client-013: M/s Gopal Exports,Lace Trim Border (Label-217),183,65.95
INV-3347,2024-10-04,Client-100: Smt. Kavita Saree Centre,Chanderi Block Print (Label-221),22,132.35
INV-2651,2026-04-04,Client-035: M/s Chandrakant Silk House,Banarasi Zari Border (Label-302),196,145.52
INV-2248,2023-03-26,Client-129: M/s Padma Industries,Silk Printed (Label-112),52,100.1
INV-2427,2024-09-07,Client-101: Smt. Manju Garments,Gota Patti (Label-204),14,82.82
INV-2929,2026-03-10,Client-115: M/s Vijay Fashion House,Gota Patti (Label-204),3,77.64
INV-1628,2024-03-13,Client-006: M/s Naresh Exports,Patola Woven Border (Label-330),1063,246.15
INV-3818,2023-10-20,Client-096: M/s Kiran Emporium,Silk Printed (Label-112),-45,93.25
INV-1144,2023-12-12,Client-110: M/s Anita Embroidery Works,Raw Silk Ribbon (Label-115),639,104.72
INV-3560,2026-03-23,Client-065: Shri Arvind Emporium,Polyester Grosgrain (Label-408),17,32.52
INV-0192,2023-07-22,Client-086: M/s Neha Fashion House,Organza Sheer (Label-210),14,51.01
INV-0105,2024-08-27,,Patola Woven Border (Label-330),-7,244.79
INV-2952,2023-11-07,Client-003: M/s Vinod Traders,Organza Sheer (Label-210),54,55.67
INV-3670,2025-01-31,Client-069: Smt. Mohan Designs,Silver Tissue (Label-312),144,191.26
INV-2669,2025-12-21,Client-097: M/s Deepika Designs,Kutch Embroidery Border (Label-407),52,212.66
INV-1860,2026-03-01,Client-135: M/s Anjali Emporium,Kutch Embroidery Border (Label-407),489,230.38
INV-2475,2025-07-01,Client-023: M/s Navin Embroidery Works,Embroidered Mirror Work (Label-422),13,199.71
INV-2228,2023-07-02,Client-147: M/s Jagdish Silk House,Silver Tissue (Label-312),17,182.26
INV-3429,2023-03-17,Client-126: M/s Mukesh Garments,Gold Zardozi (Label-501),165,281.92
INV-3860,2023-05-26,Client-133: Smt. Manisha Designs,Satin 2-Inch (Label-102),73,46.93
INV-3046,2024-08-25,Client-097: M/s Deepika Designs,Silver Tissue (Label-312),74,203.8
INV-2408,2023-06-27,Client-140: M/s Brijesh Weavers,Satin 1-Inch (Label-101),164,32.08
INV-2006,2025-06-13,Client-048: M/s Bhavesh Traders,Cotton Herringbone (Label-203),2,42.01
INV-2760,2024-10-05,Client-044: Shri Meena Silk House,Silk Printed (Label-112),44,92.05
INV-3829,2025-02-02,Client-146: M/s Yash Fashion House,Satin 2-Inch (Label-102),27,54.68
INV-1916,2026-07-06,Client-125: Shri Padma Saree Centre,Organza Sheer (Label-210),20,57.74
INV-3902,2023-02-17,Client-087: M/s Mayur Creations,Jacquard Brocade (Label-315),141,181.6
INV-3057,2025-02-27,Client-020: M/s Jagdish Fabrics,Velvet Roll (Label-405),80,121.0
INV-1814,2025-10-11,,Chiffon Pleated (Label-119),14,73.27
INV-3399,2024-12-07,Client-104: M/s Nirmala Designs,Velvet Roll (Label-405),203,122.21
INV-0995,2024-12-04,Client-076: Smt. Ashok Designs,Raw Silk Ribbon (Label-115),4,102.45
INV-0465,2026-02-01,Client-023: M/s Navin Embroidery Works,Cotton Herringbone (Label-203),79,41.02
INV-1500,2024-09-17,Client-081: M/s Mahesh Traders,Satin 1-Inch (Label-101),76,35.94
INV-3790,2026-06-14,Client-146: M/s Yash Fashion House,Silver Tissue (Label-312),21,211.79
INV-3942,2023-03-02,,Chiffon Pleated (Label-119),376,79.33
INV-2160,2023-12-11,Client-125: Shri Padma Saree Centre,Polyester Grosgrain (Label-408),173,30.24
INV-1237,2025-04-23,Client-016: M/s Padma Garments,Embroidered Mirror Work (Label-422),125,226.32
INV-2413,2026-03-03,Client-138: Smt. Natubhai Weavers,Chanderi Block Print (Label-221),54,141.06
INV-3523,2024-08-23,Client-034: M/s Mansukhbhai Event Planners,Jacquard Brocade (Label-315),69,170.12
INV-0213,2023-03-28,Client-091: M/s Bharat Silk House,Raw Silk Ribbon (Label-115),5000,120.96
INV-1037,2023-06-28,Client-101: Smt. Manju Garments,Silk Printed (Label-112),61,94.82
INV-3869,2024-12-06,Client-021: M/s Yash Emporium,Velvet Roll (Label-405),166,115.7
INV-0901,2023-08-08,Client-019: M/s Sunil Collections,Polyester Grosgrain (Label-408),315,32.21
INV-1838,2023-02-22,Client-055: M/s Balaji Collections,Metallic Zari (Label-306),124,160.35
INV-2816,2024-11-02,Client-056: M/s Shyamlal Textiles,Jacquard Brocade (Label-315),14,170.31
INV-0742,2024-04-10,Client-114: M/s Padma Enterprises,Polyester Grosgrain (Label-408),136,31.14
INV-3706,2023-11-24,Client-004: Smt. Narottam Fabrics,Chiffon Pleated (Label-119),122,70.23
INV-3090,2024-07-20,Client-101: Smt. Manju Garments,Lace Trim Border (Label-217),117,64.34
INV-2668,2024-05-18,Client-088: M/s Pooja Creations,Satin 1-Inch (Label-101),207,34.03
INV-1207,2023-11-17,Client-026: Smt. Vivek Fabrics,Embroidered Mirror Work (Label-422),68,228.61
INV-0510,2025-11-30,Client-004: Smt. Narottam Fabrics,Raw Silk Ribbon (Label-115),17,111.93
INV-0598,2024-10-21,Client-099: M/s Sushila Garments,Embroidered Mirror Work (Label-422),121,230.14
INV-2997,2024-07-13,Client-105: M/s Anjali Collections,Cotton Herringbone (Label-203),228,44.96
INV-0982,2024-09-08,Client-002: M/s Chandrika Fashion House,Silver Tissue (Label-312),80,184.69
INV-2795,2025-06-12,Client-040: M/s Drashti Fashion House,Organza Sheer (Label-210),51,53.02
INV-3517,2024-01-24,Client-009: M/s Narottam Weavers,Chanderi Block Print (Label-221),111,133.69
INV-0519,2023-07-02,Client-055: M/s Balaji Collections,Embroidered Mirror Work (Label-422),95,220.12
INV-1507,2023-10-01,Client-014: Shri Usha Fabrics,Embroidered Mirror Work (Label-422),53,209.81
INV-0768,2023-10-03,Client-011: M/s Kavya Industries,Satin 2-Inch (Label-102),318,52.07
INV-2637,2026-02-13,Client-007: M/s Hasmukh Collections,Velvet Roll (Label-405),43,131.54
INV-2744,2025-03-27,Client-062: M/s Deepak Creations,Kutch Embroidery Border (Label-407),1006,243.63
INV-0422,2025-12-17,Client-004: Smt. Narottam Fabrics,Lace Trim Border (Label-217),134,70.64
INV-0124,2025-07-20,Client-055: M/s Balaji Collections,Chanderi Block Print (Label-221),30,138.77
INV-2742,2023-07-21,Client-038: M/s Natubhai Creations,Silk Printed (Label-112),143,100.84
INV-3755,2025-10-09,Client-145: M/s Rahul Decorators,Silk Printed (Label-112),256,88.78
INV-1809,2026-06-27,Client-021: M/s Yash Emporium,Silk Printed (Label-112),86,102.83
INV-0820,2024-11-14,Client-041: M/s Varsha Handloom,Gota Patti (Label-204),53,82.4
INV-1404,2023-02-10,Client-110: M/s Anita Embroidery Works,Satin 1-Inch (Label-101),313,36.81
INV-1383,2024-12-31,Client-004: Smt. Narottam Fabrics,Chiffon Pleated (Label-119),-37,77.31
INV-0101,2025-07-30,Client-003: M/s Vinod Traders,Multicolor Taffeta (Label-308),67,95.06
INV-3514,2025-04-18,Client-150: M/s Kantilal Event Planners,Gota Patti (Label-204),877,76.67
INV-1284,2024-09-12,Client-057: M/s Drashti Emporium,Nylon Woven (Label-501),29,30.69
INV-3690,2025-04-25,Client-006: M/s Naresh Exports,Jacquard Brocade (Label-315),-5,159.06
INV-3037,2026-02-01,Client-050: Smt. Balaji Boutique,Metallic Zari (Label-306),555,153.9
INV-3491,2023-10-06,Client-032: Shri Lakshmi Event Planners,Multicolor Taffeta (Label-308),127,83.88
INV-1104,2025-09-27,Client-053: M/s Malti Enterprises,Metallic Zari (Label-306),142,159.9
INV-2921,2023-05-15,Client-045: M/s Akash Saree Centre,Banarasi Zari Border (Label-302),29,137.91
INV-3170,2025-11-20,Client-011: M/s Kavya Industries,Silver Tissue (Label-312),43,204.16
INV-3187,2023-10-07,Client-031: M/s Paresh Garments,Cotton Herringbone (Label-203),158,39.33
INV-2861,2025-11-28,Client-039: Shri Jignesh Designs,Gota Patti (Label-204),140,90.31
INV-1353,2026-08-01,Client-024: M/s Chirag Industries,Jacquard Brocade (Label-315),565,161.15
INV-1565,2023-08-14,Client-012: M/s Nayna Event Planners,Organza Sheer (Label-210),166,52.23
INV-3307,2024-06-17,Client-047: M/s Harish Creations,Cotton Herringbone (Label-203),373,38.22
INV-3077,2024-11-01,Client-059: M/s Sita Fabrics,Chanderi Block Print (Label-221),4,125.3
INV-0983,2025-12-21,Client-093: Shri Niraj Boutique,Silver Tissue (Label-312),506,195.29
INV-0457,2026-02-12,Client-064: Smt. Nayna Exports,Velvet Roll (Label-405),48,119.09
INV-3612,2023-01-20,Client-020: M/s Jagdish Fabrics,Silk Printed (Label-112),194,103.71
INV-2950,2026-05-23,Client-073: M/s Lakshmi Event Planners,Raw Silk Ribbon (Label-115),14,107.28
INV-2821,2026-05-24,Client-034: M/s Mansukhbhai Event Planners,Satin 2-Inch (Label-102),83,45.07
INV-0382,2024-09-17,Client-096: M/s Kiran Emporium,Organza Sheer (Label-210),35,55.12
INV-3724,2024-08-16,Client-071: M/s Kavya Fabrics,Banarasi Zari Border (Label-302),376,156.12
INV-1883,2024-08-11,Client-115: M/s Vijay Fashion House,Metallic Zari (Label-306),41,151.92
INV-3340,2023-06-21,Client-039: Shri Jignesh Designs,Velvet Roll (Label-405),4,130.79
INV-1011,2023-10-11,Client-062: M/s Deepak Creations,Silver Tissue (Label-312),66,179.93
INV-1593,2023-12-22,Client-003: M/s Vinod Traders,Chiffon Pleated (Label-119),260,79.99
INV-3990,2023-01-25,Client-111: Shri Rekha Textiles,Chanderi Block Print (Label-221),13,123.29
INV-0663,2026-05-22,,Organza Sheer (Label-210),827,54.34
INV-2629,2023-05-29,Client-141: Shri Brijesh Event Planners,Multicolor Taffeta (Label-308),34,91.84
INV-3652,2025-12-17,Client-038: M/s Natubhai Creations,Multicolor Taffeta (Label-308),356,82.47
INV-3620,2023-08-06,Client-002: M/s Chandrika Fashion House,Jacquard Brocade (Label-315),284,185.44
INV-1790,2025-11-26,Client-129: M/s Padma Industries,Polyester Grosgrain (Label-408),436,31.36
INV-2988,2023-08-11,Client-086: M/s Neha Fashion House,Raw Silk Ribbon (Label-115),194,112.38
INV-3122,2023-11-03,Client-057: M/s Drashti Emporium,Polyester Grosgrain (Label-408),37,30.92
INV-3028,2026-01-30,Client-101: Smt. Manju Garments,Jacquard Brocade (Label-315),216,190.53
INV-3576,2025-12-26,Client-003: M/s Vinod Traders,Satin 2-Inch (Label-102),4,52.35
INV-0846,2026-01-24,Client-106: Smt. Kamlesh Designs,Metallic Zari (Label-306),17,158.43
INV-0543,2025-01-31,Client-076: Smt. Ashok Designs,Multicolor Taffeta (Label-308),83,94.18
INV-0092,2023-10-23,Client-040: M/s Drashti Fashion House,Satin 1-Inch (Label-101),101,34.79
INV-3547,2023-01-10,,Gold Zardozi (Label-501),47,284.02
INV-3123,2023-02-01,Client-009: M/s Narottam Weavers,Kutch Embroidery Border (Label-407),797,208.83
INV-1197,2024-02-17,Client-101: Smt. Manju Garments,Banarasi Zari Border (Label-302),79,140.18
INV-1103,2023-02-15,Client-097: M/s Deepika Designs,Kutch Embroidery Border (Label-407),1088,224.95
INV-2671,2023-12-15,Client-097: M/s Deepika Designs,Banarasi Zari Border (Label-302),128,146.52
INV-1792,2024-06-18,Client-016: M/s Padma Garments,Organza Sheer (Label-210),219,51.75
INV-2250,2023-12-26,Client-052: Smt. Anita Saree Centre,Chanderi Block Print (Label-221),123,123.02
INV-1827,2026-06-03,Client-017: M/s Rahul Creations,Multicolor Taffeta (Label-308),36,82.36
INV-2150,2023-10-06,Client-077: Shri Deepak Fashion House,Gota Patti (Label-204),48,77.77
INV-3578,2024-09-17,Client-037: M/s Vinod Fashion House,Multicolor Taffeta (Label-308),635,86.57
INV-1776,2024-04-19,Client-061: M/s Poonam Enterprises,Velvet Roll (Label-405),119,129.6
INV-1049,2026-07-27,Client-074: M/s Amrut Fashion House,Embroidered Mirror Work (Label-422),66,196.53
INV-2822,2024-04-26,Client-135: M/s Anjali Emporium,Silver Tissue (Label-312),160,208.9
INV-1832,2024-12-24,Client-012: M/s Nayna Event Planners,Raw Silk Ribbon (Label-115),881,104.16
INV-0899,2025-08-31,Client-123: M/s Alka Collections,Multicolor Taffeta (Label-308),47,94.09
INV-1460,2023-04-21,Client-078: M/s Prital Exports,Multicolor Taffeta (Label-308),252,90.72
INV-1612,2025-03-04,Client-020: M/s Jagdish Fabrics,Organza Sheer (Label-210),357,55.74
INV-0238,2023-11-20,Client-124: M/s Bhavesh Exports,Multicolor Taffeta (Label-308),1179,82.79
INV-1502,2026-02-08,Client-003: M/s Vinod Traders,Embroidered Mirror Work (Label-422),35,217.44
INV-2341,2024-02-04,Client-130: M/s Jignesh Creations,Polyester Grosgrain (Label-408),186,30.39
INV-1134,2025-04-12,Client-071: M/s Kavya Fabrics,Satin 1-Inch (Label-101),107,37.26
INV-2882,2023-07-25,Client-006: M/s Naresh Exports,Silver Tissue (Label-312),1290,202.14
INV-2719,2026-02-23,Client-037: M/s Vinod Fashion House,Raw Silk Ribbon (Label-115),100,103.64
INV-0164,2023-12-22,Client-020: M/s Jagdish Fabrics,Jacquard Brocade (Label-315),231,190.8
INV-2289,2023-02-18,Client-043: Smt. Manju Weavers,Banarasi Zari Border (Label-302),20,149.33
INV-1836,2025-04-15,Client-096: M/s Kiran Emporium,Satin 2-Inch (Label-102),10,54.42
INV-0253,2023-11-29,Client-077: Shri Deepak Fashion House,Kutch Embroidery Border (Label-407),146,222.47
INV-2290,2024-06-22,Client-111: Shri Rekha Textiles,Metallic Zari (Label-306),139,145.29
INV-3384,2024-09-20,Client-128: M/s Balaji Event Planners,Cotton Herringbone (Label-203),179,42.5
INV-2806,2024-11-02,Client-087: M/s Mayur Creations,Satin 2-Inch (Label-102),42,46.78
INV-1539,2023-03-26,Client-049: Shri Ketan Industries,Silk Printed (Label-112),22,98.89
INV-0931,2023-06-07,Client-072: M/s Arun Fashion House,Cotton Herringbone (Label-203),597,38.91
INV-2026,2025-05-06,Client-008: M/s Natubhai Exports,Raw Silk Ribbon (Label-115),222,103.93
INV-1698,2023-04-09,Client-020: M/s Jagdish Fabrics,Cotton Herringbone (Label-203),49,40.57
INV-3908,2026-05-23,Client-074: M/s Amrut Fashion House,Metallic Zari (Label-306),17,151.2
INV-2979,2025-02-15,Client-013: M/s Gopal Exports,Gota Patti (Label-204),283,86.6
INV-3393,2025-12-30,Client-092: M/s Pushpa Silk House,Gold Zardozi (Label-501),26,257.84
INV-2403,2025-03-05,Client-078: M/s Prital Exports,Embroidered Mirror Work (Label-422),23,215.01
INV-2227,2024-08-11,Client-015: M/s Savita Decorators,Gold Zardozi (Label-501),1021,298.55
INV-2226,2023-08-02,Client-124: M/s Bhavesh Exports,Raw Silk Ribbon (Label-115),156,107.55
INV-1091,2026-01-24,,Banarasi Zari Border (Label-302),159,159.23
INV-3179,2025-07-17,Client-069: Smt. Mohan Designs,Chanderi Block Print (Label-221),80,130.56
INV-3827,2023-11-08,Client-033: M/s Vivek Fabrics,Nylon Woven (Label-501),118,27.6
INV-1938,2024-01-27,Client-046: M/s Bhikhabhai Textiles,Gota Patti (Label-204),79,79.83
INV-1182,2025-12-07,Client-146: M/s Yash Fashion House,Banarasi Zari Border (Label-302),16,146.48
INV-1453,2023-09-10,Client-147: M/s Jagdish Silk House,Satin 2-Inch (Label-102),8,51.31
INV-0594,2026-04-20,Client-116: Shri Alka Industries,Multicolor Taffeta (Label-308),54,90.79
INV-0678,2025-09-14,Client-098: M/s Bhavna Garments,Lace Trim Border (Label-217),102,66.16
INV-0042,2023-11-10,Client-134: M/s Rakesh Weavers,Chanderi Block Print (Label-221),110,128.79
INV-1834,2025-01-30,Client-107: M/s Ramniklal Event Planners,Satin 1-Inch (Label-101),38,35.99
INV-2390,2023-12-03,Client-088: M/s Pooja Creations,Gold Zardozi (Label-501),123,303.42
INV-2155,2023-11-07,Client-037: M/s Vinod Fashion House,Patola Woven Border (Label-330),1628,238.77
INV-1942,2023-03-04,Client-121: M/s Harish Traders,Raw Silk Ribbon (Label-115),21,112.91
INV-0244,2025-10-15,,Chiffon Pleated (Label-119),34,75.08
INV-1125,2024-05-02,Client-081: M/s Mahesh Traders,Metallic Zari (Label-306),25,170.63
INV-1340,2026-01-23,Client-051: M/s Brijesh Saree Centre,Patola Woven Border (Label-330),43,241.46
INV-1867,2025-09-27,Client-007: M/s Hasmukh Collections,Lace Trim Border (Label-217),43,61.14
INV-3215,2024-01-19,Client-128: M/s Balaji Event Planners,Velvet Roll (Label-405),56,126.35
INV-3168,2024-06-07,Client-106: Smt. Kamlesh Designs,Patola Woven Border (Label-330),656,231.87
INV-1443,2023-09-10,Client-137: M/s Vandana Traders,Chanderi Block Print (Label-221),274,141.09
INV-0262,2025-09-06,Client-081: M/s Mahesh Traders,Jacquard Brocade (Label-315),38,173.59
INV-3722,2024-03-03,Client-044: Shri Meena Silk House,Kutch Embroidery Border (Label-407),140,234.12
INV-3255,2025-04-12,Client-081: M/s Mahesh Traders,Nylon Woven (Label-501),35,27.83
INV-2243,2024-08-06,Client-073: M/s Lakshmi Event Planners,Kutch Embroidery Border (Label-407),61,219.03
INV-2689,2026-02-12,Client-133: Smt. Manisha Designs,Jacquard Brocade (Label-315),91,186.56
INV-2655,2025-10-01,Client-053: M/s Malti Enterprises,Organza Sheer (Label-210),184,58.33
INV-0835,2025-10-03,Client-042: M/s Pooja Traders,Silk Printed (Label-112),323,89.8
INV-3566,2024-10-27,Client-120: M/s Usha Enterprises,Nylon Woven (Label-501),31,29.62
INV-3666,2024-03-06,Client-034: M/s Mansukhbhai Event Planners,Multicolor Taffeta (Label-308),54,92.02
INV-3001,2026-07-25,Client-068: M/s Madhuri Fabrics,Gold Zardozi (Label-501),732,261.79
INV-2803,2023-09-30,Client-148: M/s Navin Fabrics,Cotton Herringbone (Label-203),191,44.43
INV-0341,2023-07-20,Client-020: M/s Jagdish Fabrics,Metallic Zari (Label-306),290,163.37
INV-1873,2024-10-06,Client-010: M/s Pallavi Designs,Embroidered Mirror Work (Label-422),77,193.22
INV-0749,2024-07-04,Client-018: Smt. Foram Fabrics,Jacquard Brocade (Label-315),309,162.28
INV-1892,2024-11-13,Client-142: M/s Vandana Boutique,Satin 1-Inch (Label-101),123,36.08
INV-0481,2026-02-24,Client-092: M/s Pushpa Silk House,Nylon Woven (Label-501),5,28.93
INV-1865,2024-07-24,Client-053: M/s Malti Enterprises,Silver Tissue (Label-312),282,208.21
INV-2219,2026-01-27,Client-115: M/s Vijay Fashion House,Velvet Roll (Label-405),6,124.05
INV-2616,2025-02-26,Client-142: M/s Vandana Boutique,Gold Zardozi (Label-501),23,287.95
INV-2269,2025-07-15,Client-106: Smt. Kamlesh Designs,Banarasi Zari Border (Label-302),21,136.28
INV-0784,2026-02-17,Client-028: Shri Tarun Industries,Chanderi Block Print (Label-221),792,137.07
INV-3425,2025-07-06,Client-069: Smt. Mohan Designs,Satin 2-Inch (Label-102),11,47.3
INV-3301,2023-12-16,Client-056: M/s Shyamlal Textiles,Cotton Herringbone (Label-203),193,43.82
INV-2607,2023-09-10,Client-084: M/s Kantilal Embroidery Works,Embroidered Mirror Work (Label-422),196,204.91
INV-3196,2025-10-17,Client-128: M/s Balaji Event Planners,Silk Printed (Label-112),38,97.71
INV-3637,2024-10-29,,Velvet Roll (Label-405),1152,129.13
INV-2494,2023-09-16,Client-053: M/s Malti Enterprises,Satin 1-Inch (Label-101),163,35.7
INV-1726,2024-04-12,Client-043: Smt. Manju Weavers,Organza Sheer (Label-210),922,58.03
INV-1845,2023-08-25,Client-114: M/s Padma Enterprises,Embroidered Mirror Work (Label-422),264,204.2
INV-2621,2025-12-18,,Gota Patti (Label-204),140,82.07
INV-2811,2025-09-25,Client-074: M/s Amrut Fashion House,Cotton Herringbone (Label-203),48,39.68
INV-1785,2025-08-28,Client-092: M/s Pushpa Silk House,Raw Silk Ribbon (Label-115),166,118.79
INV-1272,2025-02-17,Client-055: M/s Balaji Collections,Kutch Embroidery Border (Label-407),8,245.67
INV-3229,2024-09-16,Client-144: M/s Pooja Fashion House,Metallic Zari (Label-306),291,148.75
INV-2003,2024-06-10,Client-021: M/s Yash Emporium,Embroidered Mirror Work (Label-422),71,229.54
INV-1128,2023-08-20,Client-109: M/s Padma Silk House,Satin 2-Inch (Label-102),42,51.83
INV-0627,2026-01-06,Client-017: M/s Rahul Creations,Silk Printed (Label-112),1694,98.24
INV-0348,2026-02-14,Client-105: M/s Anjali Collections,Velvet Roll (Label-405),120,108.63
INV-3503,2026-03-03,Client-070: M/s Yash Designs,Lace Trim Border (Label-217),19,71.47
INV-2542,2023-09-09,Client-142: M/s Vandana Boutique,Kutch Embroidery Border (Label-407),3099,220.92
INV-1566,2023-10-20,Client-004: Smt. Narottam Fabrics,Gota Patti (Label-204),47,92.78
INV-2099,2026-07-01,Client-005: M/s Nayna Garments,Gota Patti (Label-204),123,80.33
INV-0980,2026-08-03,Client-116: Shri Alka Industries,Embroidered Mirror Work (Label-422),113,199.05
INV-1424,2025-04-17,Client-028: Shri Tarun Industries,Chanderi Block Print (Label-221),17,125.99
INV-3438,2025-10-13,Client-123: M/s Alka Collections,Multicolor Taffeta (Label-308),98,92.26
INV-3366,2024-05-22,Client-079: M/s Savita Weavers,Velvet Roll (Label-405),148,108.02
INV-0912,2023-05-08,Client-141: Shri Brijesh Event Planners,Banarasi Zari Border (Label-302),472,130.52
INV-2496,2024-10-06,Client-005: M/s Nayna Garments,Silk Printed (Label-112),98,93.78
INV-0633,2026-06-20,Client-150: M/s Kantilal Event Planners,Banarasi Zari Border (Label-302),34,150.83
INV-1750,2023-02-26,Client-007: M/s Hasmukh Collections,Embroidered Mirror Work (Label-422),53,192.71
INV-0446,2024-09-21,Client-136: M/s Anjali Decorators,Nylon Woven (Label-501),17,27.55
INV-0618,2023-05-30,Client-082: M/s Dhaval Event Planners,Gold Zardozi (Label-501),855,264.32
INV-2104,2024-11-01,Client-059: M/s Sita Fabrics,Patola Woven Border (Label-330),273,235.44
INV-1897,2024-04-16,Client-064: Smt. Nayna Exports,Banarasi Zari Border (Label-302),430,138.4
INV-2171,2026-07-10,Client-111: Shri Rekha Textiles,Patola Woven Border (Label-330),101,270.4
INV-2595,2026-04-25,Client-064: Smt. Nayna Exports,Satin 1-Inch (Label-101),90,33.84
INV-2844,2024-10-19,Client-093: Shri Niraj Boutique,Silver Tissue (Label-312),112,199.98
INV-2432,2023-10-25,Client-018: Smt. Foram Fabrics,Satin 2-Inch (Label-102),26,50.13
INV-3390,2025-03-18,Client-084: M/s Kantilal Embroidery Works,Jacquard Brocade (Label-315),777,161.64
INV-3375,2026-01-13,Client-090: Shri Prital Handloom,Patola Woven Border (Label-330),338,249.87
INV-1466,2023-03-11,Client-102: M/s Sita Industries,Satin 2-Inch (Label-102),162,48.03
INV-1673,2023-10-11,Client-033: M/s Vivek Fabrics,Cotton Herringbone (Label-203),81,40.1
INV-2114,2024-09-07,Client-022: Shri Champa Traders,Chanderi Block Print (Label-221),52,138.88
INV-0116,2026-06-22,Client-144: M/s Pooja Fashion House,Metallic Zari (Label-306),1730,173.29
INV-1495,2025-09-03,Client-067: M/s Bhavik Traders,Gota Patti (Label-204),144,88.17
INV-0354,2023-10-05,Client-102: M/s Sita Industries,Metallic Zari (Label-306),16,170.93
INV-1233,2023-09-13,Client-147: M/s Jagdish Silk House,Gota Patti (Label-204),263,84.2
INV-0614,2025-11-18,Client-011: M/s Kavya Industries,Embroidered Mirror Work (Label-422),29,200.72
INV-3507,2024-06-07,Client-148: M/s Navin Fabrics,Embroidered Mirror Work (Label-422),1057,197.6
INV-3791,2026-02-24,Client-083: M/s Vandana Exports,Silk Printed (Label-112),5,100.18
INV-2345,2024-02-10,Client-117: Smt. Narottam Emporium,Polyester Grosgrain (Label-408),61,29.84
INV-3715,2024-07-08,Client-036: M/s Rahul Enterprises,Velvet Roll (Label-405),139,121.97
INV-2638,2024-07-17,Client-041: M/s Varsha Handloom,Nylon Woven (Label-501),115,29.33
INV-3759,2023-01-23,Client-076: Smt. Ashok Designs,Silver Tissue (Label-312),275,189.92
INV-0058,2025-09-05,Client-017: M/s Rahul Creations,Chiffon Pleated (Label-119),62,74.88
INV-3098,2024-07-02,Client-022: Shri Champa Traders,Patola Woven Border (Label-330),-45,233.86
INV-3991,2026-05-06,Client-148: M/s Navin Fabrics,Satin 2-Inch (Label-102),65,46.35
INV-2906,2024-12-02,Client-119: M/s Bhikhabhai Emporium,Satin 1-Inch (Label-101),160,32.87
INV-3912,2025-01-29,Client-127: M/s Nayna Boutique,Raw Silk Ribbon (Label-115),51,109.89
INV-1254,2026-06-21,Client-014: Shri Usha Fabrics,Kutch Embroidery Border (Label-407),34,231.0
INV-3330,2023-02-05,Client-103: Shri Vijay Fashion House,Lace Trim Border (Label-217),93,65.56
INV-2504,2025-11-03,Client-026: Smt. Vivek Fabrics,Organza Sheer (Label-210),204,57.69
INV-2334,2023-02-09,Client-025: M/s Ruchita Exports,Chiffon Pleated (Label-119),14,78.75
INV-3528,2023-07-13,Client-034: M/s Mansukhbhai Event Planners,Satin 2-Inch (Label-102),38,49.09
INV-3813,2025-03-13,Client-143: M/s Prakash Silk House,Banarasi Zari Border (Label-302),133,145.88
INV-1903,2025-02-10,Client-024: M/s Chirag Industries,Nylon Woven (Label-501),23,30.61
INV-2260,2026-07-27,Client-040: M/s Drashti Fashion House,Multicolor Taffeta (Label-308),439,88.64
INV-1899,2025-10-30,Client-107: M/s Ramniklal Event Planners,Gota Patti (Label-204),310,76.75
INV-0561,2026-07-14,,Embroidered Mirror Work (Label-422),99,216.79
INV-0708,2024-05-10,Client-053: M/s Malti Enterprises,Nylon Woven (Label-501),188,26.34
INV-1648,2024-08-16,Client-055: M/s Balaji Collections,Nylon Woven (Label-501),36,29.55
INV-0425,2023-05-04,Client-102: M/s Sita Industries,Gold Zardozi (Label-501),103,268.04
INV-1094,2025-03-07,Client-029: M/s Hitesh Boutique,Kutch Embroidery Border (Label-407),297,238.05
INV-1377,2023-07-30,Client-079: M/s Savita Weavers,Multicolor Taffeta (Label-308),-1,80.12
INV-0648,2025-09-09,Client-092: M/s Pushpa Silk House,Polyester Grosgrain (Label-408),12,31.92
INV-0073,2026-07-24,Client-024: M/s Chirag Industries,Satin 2-Inch (Label-102),86,48.48
INV-2523,2026-03-06,Client-021: M/s Yash Emporium,Nylon Woven (Label-501),85,26.11
INV-1887,2023-05-05,Client-083: M/s Vandana Exports,Cotton Herringbone (Label-203),299,43.47
INV-1727,2024-11-18,Client-090: Shri Prital Handloom,Silver Tissue (Label-312),27,185.54
INV-1006,2026-07-08,Client-086: M/s Neha Fashion House,Gold Zardozi (Label-501),257,253.83
INV-0621,2024-03-23,Client-136: M/s Anjali Decorators,Satin 2-Inch (Label-102),10,54.97
INV-3320,2023-02-13,Client-075: Smt. Seema Exports,Organza Sheer (Label-210),31,51.09
INV-0288,2025-08-22,Client-056: M/s Shyamlal Textiles,Nylon Woven (Label-501),20,29.01
INV-0554,2024-08-18,Client-134: M/s Rakesh Weavers,Raw Silk Ribbon (Label-115),507,110.53
INV-2382,2024-04-25,Client-001: M/s Geeta Textiles,Chanderi Block Print (Label-221),31,122.69
INV-1895,2024-05-24,Client-010: M/s Pallavi Designs,Gota Patti (Label-204),233,89.34
INV-2145,2025-12-12,Client-039: Shri Jignesh Designs,Kutch Embroidery Border (Label-407),46,246.56
INV-1555,2023-04-28,Client-003: M/s Vinod Traders,Lace Trim Border (Label-217),863,61.35
INV-3546,2024-05-24,Client-104: M/s Nirmala Designs,Multicolor Taffeta (Label-308),163,83.41
INV-2258,2023-02-10,Client-122: M/s Bhikhabhai Enterprises,Kutch Embroidery Border (Label-407),72,236.66
INV-2548,2024-05-06,Client-127: M/s Nayna Boutique,Cotton Herringbone (Label-203),173,45.42
INV-0999,2026-04-26,Client-147: M/s Jagdish Silk House,Gota Patti (Label-204),149,83.6
INV-3178,2025-03-10,Client-145: M/s Rahul Decorators,Patola Woven Border (Label-330),54,238.43
INV-1690,2023-01-10,Client-073: M/s Lakshmi Event Planners,Organza Sheer (Label-210),353,58.76
INV-3274,2024-05-15,,Polyester Grosgrain (Label-408),27,30.58
INV-1398,2024-01-30,Client-037: M/s Vinod Fashion House,Silk Printed (Label-112),702,87.89
INV-1578,2023-11-01,Client-038: M/s Natubhai Creations,Metallic Zari (Label-306),392,148.73
INV-1621,2023-11-13,Client-075: Smt. Seema Exports,Chiffon Pleated (Label-119),24,69.87
INV-3654,2025-07-01,Client-097: M/s Deepika Designs,Patola Woven Border (Label-330),301,235.34
INV-3726,2026-01-13,Client-083: M/s Vandana Exports,Embroidered Mirror Work (Label-422),216,218.85
INV-3978,2025-12-06,Client-083: M/s Vandana Exports,Metallic Zari (Label-306),117,168.05
INV-2322,2023-11-03,Client-051: M/s Brijesh Saree Centre,Gota Patti (Label-204),66,84.95
INV-3590,2023-10-26,Client-081: M/s Mahesh Traders,Cotton Herringbone (Label-203),1113,44.62
INV-0441,2025-08-10,Client-080: Shri Nayna Weavers,Metallic Zari (Label-306),65,146.76
INV-0509,2023-05-18,Client-143: M/s Prakash Silk House,Chiffon Pleated (Label-119),31,75.78
INV-1101,2024-09-16,Client-044: Shri Meena Silk House,Gota Patti (Label-204),59,85.65
INV-0590,2024-08-20,Client-096: M/s Kiran Emporium,Velvet Roll (Label-405),227,109.1
INV-1961,2024-08-14,Client-129: M/s Padma Industries,Silver Tissue (Label-312),63,207.86
INV-0650,2026-07-07,Client-020: M/s Jagdish Fabrics,Gota Patti (Label-204),98,90.94
INV-1547,2025-11-09,Client-100: Smt. Kavita Saree Centre,Chiffon Pleated (Label-119),26,76.61
INV-3640,2024-10-19,Client-029: M/s Hitesh Boutique,Organza Sheer (Label-210),20,55.51
INV-3920,2024-03-04,Client-084: M/s Kantilal Embroidery Works,Polyester Grosgrain (Label-408),75,31.63
INV-2324,2025-06-10,Client-041: M/s Varsha Handloom,Satin 2-Inch (Label-102),496,54.69
INV-3856,2024-02-02,Client-081: M/s Mahesh Traders,Chiffon Pleated (Label-119),122,68.95
INV-2535,2026-06-08,Client-017: M/s Rahul Creations,Multicolor Taffeta (Label-308),135,89.87
INV-1456,2025-09-25,Client-077: Shri Deepak Fashion House,Patola Woven Border (Label-330),69,270.62
INV-2246,2023-03-19,Client-048: M/s Bhavesh Traders,Satin 1-Inch (Label-101),185,36.84
INV-0661,2025-02-14,Client-020: M/s Jagdish Fabrics,Gold Zardozi (Label-501),68,266.09
INV-0631,2023-05-25,Client-059: M/s Sita Fabrics,Cotton Herringbone (Label-203),160,41.22
INV-0673,2025-07-17,Client-018: Smt. Foram Fabrics,Nylon Woven (Label-501),45,27.32
INV-1250,2025-07-10,Client-039: Shri Jignesh Designs,Metallic Zari (Label-306),46,146.86
INV-1739,2026-04-29,Client-126: M/s Mukesh Garments,Polyester Grosgrain (Label-408),76,28.83
INV-0483,2026-03-19,Client-146: M/s Yash Fashion House,Banarasi Zari Border (Label-302),14,135.78
INV-1585,2025-01-12,Client-035: M/s Chandrakant Silk House,Velvet Roll (Label-405),139,109.43
INV-1980,2025-05-19,Client-137: M/s Vandana Traders,Satin 1-Inch (Label-101),141,33.93
INV-3409,2023-08-28,Client-089: M/s Naresh Fashion House,Raw Silk Ribbon (Label-115),155,112.14
INV-1939,2024-02-04,,Polyester Grosgrain (Label-408),154,30.9
INV-1463,2023-10-30,Client-110: M/s Anita Embroidery Works,Patola Woven Border (Label-330),126,267.08
INV-2765,2025-07-05,Client-140: M/s Brijesh Weavers,Polyester Grosgrain (Label-408),532,30.77
INV-2571,2023-06-20,Client-024: M/s Chirag Industries,Lace Trim Border (Label-217),54,60.79
INV-2380,2026-03-27,Client-017: M/s Rahul Creations,Cotton Herringbone (Label-203),335,43.76
INV-0857,2024-03-01,Client-038: M/s Natubhai Creations,Banarasi Zari Border (Label-302),84,149.45
INV-1226,2025-12-16,Client-038: M/s Natubhai Creations,Chiffon Pleated (Label-119),38,74.19
INV-1191,2025-09-23,Client-093: Shri Niraj Boutique,Patola Woven Border (Label-330),126,273.16
INV-2766,2023-12-12,Client-083: M/s Vandana Exports,Banarasi Zari Border (Label-302),948,134.58
INV-3282,2024-04-01,Client-141: Shri Brijesh Event Planners,Lace Trim Border (Label-217),892,59.12
INV-0531,2025-07-29,Client-120: M/s Usha Enterprises,Polyester Grosgrain (Label-408),12,33.13
INV-2658,2024-11-22,,Gota Patti (Label-204),99,89.76
INV-0050,2026-04-06,Client-142: M/s Vandana Boutique,Gold Zardozi (Label-501),10,271.25
INV-3695,2024-05-16,Client-011: M/s Kavya Industries,Organza Sheer (Label-210),123,58.41
INV-3683,2026-05-23,Client-119: M/s Bhikhabhai Emporium,Jacquard Brocade (Label-315),28,192.2
INV-0859,2025-05-03,Client-042: M/s Pooja Traders,Patola Woven Border (Label-330),23,239.22
INV-2923,2025-03-19,Client-136: M/s Anjali Decorators,Satin 2-Inch (Label-102),127,51.39
INV-1073,2024-03-14,Client-122: M/s Bhikhabhai Enterprises,Lace Trim Border (Label-217),46,67.58
INV-0720,2025-02-19,Client-039: Shri Jignesh Designs,Satin 2-Inch (Label-102),186,53.06
INV-0152,2024-03-17,Client-030: M/s Shardaben Fashion House,Lace Trim Border (Label-217),128,64.09
INV-2167,2025-02-22,Client-028: Shri Tarun Industries,Kutch Embroidery Border (Label-407),201,245.56
INV-2981,2023-04-07,Client-097: M/s Deepika Designs,Chiffon Pleated (Label-119),527,77.74
INV-1661,2023-09-25,Client-092: M/s Pushpa Silk House,Jacquard Brocade (Label-315),161,165.89
INV-1657,2023-09-16,Client-148: M/s Navin Fabrics,Chiffon Pleated (Label-119),52,80.15
INV-2178,2023-07-05,Client-081: M/s Mahesh Traders,Raw Silk Ribbon (Label-115),120,109.94
INV-2313,2025-07-02,,Patola Woven Border (Label-330),200,229.41
INV-3082,2023-05-25,Client-086: M/s Neha Fashion House,Banarasi Zari Border (Label-302),153,134.96
INV-2173,2023-02-28,Client-065: Shri Arvind Emporium,Lace Trim Border (Label-217),20,69.14
INV-2956,2023-03-26,Client-036: M/s Rahul Enterprises,Cotton Herringbone (Label-203),47,41.12
INV-2858,2026-04-07,Client-048: M/s Bhavesh Traders,Kutch Embroidery Border (Label-407),811,215.02
INV-2944,2025-10-30,Client-101: Smt. Manju Garments,Kutch Embroidery Border (Label-407),63,250.39
INV-3600,2023-02-07,Client-026: Smt. Vivek Fabrics,Velvet Roll (Label-405),469,131.83
INV-2729,2026-01-01,Client-149: Shri Alpesh Saree Centre,Chiffon Pleated (Label-119),14,77.05
INV-2223,2026-02-27,Client-137: M/s Vandana Traders,Gold Zardozi (Label-501),53,274.07
INV-1768,2024-07-21,,Jacquard Brocade (Label-315),24,170.02
INV-1784,2023-05-28,Client-136: M/s Anjali Decorators,Satin 2-Inch (Label-102),10,46.9
INV-3012,2024-10-27,Client-129: M/s Padma Industries,Organza Sheer (Label-210),137,52.43
INV-1386,2026-03-11,Client-025: M/s Ruchita Exports,Raw Silk Ribbon (Label-115),112,106.14
INV-2514,2025-09-15,Client-057: M/s Drashti Emporium,Multicolor Taffeta (Label-308),18,95.31
INV-1400,2025-08-14,Client-051: M/s Brijesh Saree Centre,Nylon Woven (Label-501),12,27.57
INV-1196,2025-06-30,Client-121: M/s Harish Traders,Gota Patti (Label-204),11,91.12
INV-3766,2026-07-24,Client-025: M/s Ruchita Exports,Polyester Grosgrain (Label-408),130,30.22
INV-1476,2023-03-22,Client-053: M/s Malti Enterprises,Chanderi Block Print (Label-221),397,125.85
INV-2487,2025-10-30,Client-101: Smt. Manju Garments,Organza Sheer (Label-210),33,51.34
INV-3496,2025-04-08,Client-122: M/s Bhikhabhai Enterprises,Multicolor Taffeta (Label-308),207,79.45
INV-2881,2024-09-09,Client-027: M/s Rajendra Creations,Organza Sheer (Label-210),633,57.91
INV-0298,2025-02-12,Client-139: M/s Gopal Fashion House,Organza Sheer (Label-210),249,56.69
INV-2078,2025-07-24,Client-005: M/s Nayna Garments,Silk Printed (Label-112),108,89.46
INV-1265,2023-05-05,Client-142: M/s Vandana Boutique,Embroidered Mirror Work (Label-422),20,191.75
INV-3334,2026-04-06,Client-112: M/s Indira Traders,Nylon Woven (Label-501),546,27.79
INV-0959,2023-05-24,Client-001: M/s Geeta Textiles,Chiffon Pleated (Label-119),256,81.81
INV-1607,2026-04-15,Client-010: M/s Pallavi Designs,Polyester Grosgrain (Label-408),12,29.83
INV-2708,2024-03-17,Client-130: M/s Jignesh Creations,Organza Sheer (Label-210),20,50.31
INV-0909,2024-08-19,Client-148: M/s Navin Fabrics,Multicolor Taffeta (Label-308),165,82.64
INV-1930,2024-03-19,Client-038: M/s Natubhai Creations,Organza Sheer (Label-210),65,51.31
INV-1610,2025-12-07,Client-088: M/s Pooja Creations,Multicolor Taffeta (Label-308),34,93.02
INV-2928,2024-03-07,Client-132: M/s Shanta Creations,Patola Woven Border (Label-330),155,254.55
INV-1375,2023-11-11,Client-046: M/s Bhikhabhai Textiles,Silk Printed (Label-112),22,99.07
INV-1287,2024-02-01,Client-145: M/s Rahul Decorators,Patola Woven Border (Label-330),78,259.12
INV-3987,2025-04-16,Client-077: Shri Deepak Fashion House,Cotton Herringbone (Label-203),834,39.09
INV-0350,2023-06-23,Client-144: M/s Pooja Fashion House,Nylon Woven (Label-501),48,28.4
INV-1369,2025-11-02,Client-007: M/s Hasmukh Collections,Satin 1-Inch (Label-101),4,35.97
INV-2131,2024-11-04,Client-119: M/s Bhikhabhai Emporium,Patola Woven Border (Label-330),201,254.54
INV-0644,2024-04-25,Client-018: Smt. Foram Fabrics,Silk Printed (Label-112),564,91.54
INV-2866,2024-04-29,Client-101: Smt. Manju Garments,Banarasi Zari Border (Label-302),84,153.66
INV-2043,2023-10-14,Client-074: M/s Amrut Fashion House,Gota Patti (Label-204),198,80.26
INV-1682,2024-01-16,Client-019: M/s Sunil Collections,Silk Printed (Label-112),133,97.98
INV-0670,2024-08-03,Client-056: M/s Shyamlal Textiles,Multicolor Taffeta (Label-308),87,89.87
INV-3623,2023-10-04,Client-102: M/s Sita Industries,Jacquard Brocade (Label-315),326,163.18
INV-2128,2023-07-17,Client-147: M/s Jagdish Silk House,Silk Printed (Label-112),22,87.89
INV-3261,2024-10-05,Client-135: M/s Anjali Emporium,Raw Silk Ribbon (Label-115),665,117.7
INV-2769,2023-10-18,Client-128: M/s Balaji Event Planners,Patola Woven Border (Label-330),450,250.67
INV-1819,2024-08-11,Client-137: M/s Vandana Traders,Multicolor Taffeta (Label-308),36,86.66
INV-1180,2025-10-11,Client-135: M/s Anjali Emporium,Satin 1-Inch (Label-101),4,33.53
INV-3368,2023-11-09,Client-139: M/s Gopal Fashion House,Gold Zardozi (Label-501),27,292.94
INV-3955,2025-07-06,Client-125: Shri Padma Saree Centre,Chanderi Block Print (Label-221),106,137.33
INV-2209,2024-04-09,Client-021: M/s Yash Emporium,Metallic Zari (Label-306),33,158.46
INV-1851,2026-02-09,Client-121: M/s Harish Traders,Velvet Roll (Label-405),27,111.03
INV-1588,2023-10-21,Client-007: M/s Hasmukh Collections,Embroidered Mirror Work (Label-422),539,204.61
INV-3796,2026-06-04,Client-116: Shri Alka Industries,Gota Patti (Label-204),233,93.4
INV-2255,2023-12-14,Client-083: M/s Vandana Exports,Lace Trim Border (Label-217),58,59.0
INV-2373,2023-11-23,Client-095: M/s Shardaben Handloom,Silk Printed (Label-112),90,97.77
INV-1358,2023-05-21,Client-053: M/s Malti Enterprises,Organza Sheer (Label-210),60,59.07
INV-0787,2024-10-26,Client-106: Smt. Kamlesh Designs,Chanderi Block Print (Label-221),192,133.13
INV-3587,2024-07-06,Client-076: Smt. Ashok Designs,Satin 2-Inch (Label-102),836,49.67
INV-0141,2026-02-24,Client-032: Shri Lakshmi Event Planners,Embroidered Mirror Work (Label-422),238,203.85
INV-0789,2024-06-04,Client-116: Shri Alka Industries,Multicolor Taffeta (Label-308),-48,96.09
INV-0324,2024-12-22,Client-140: M/s Brijesh Weavers,Satin 2-Inch (Label-102),77,46.84
INV-2690,2023-10-02,Client-016: M/s Padma Garments,Patola Woven Border (Label-330),265,259.41
INV-0715,2023-01-25,Client-098: M/s Bhavna Garments,Kutch Embroidery Border (Label-407),48,211.63
INV-2196,2023-04-19,Client-113: Smt. Kantilal Exports,Satin 2-Inch (Label-102),121,50.91
INV-3310,2026-04-12,Client-088: M/s Pooja Creations,Chiffon Pleated (Label-119),95,73.41
INV-3688,2026-04-19,Client-096: M/s Kiran Emporium,Gota Patti (Label-204),-16,84.19
INV-3180,2024-05-06,Client-145: M/s Rahul Decorators,Satin 2-Inch (Label-102),86,54.91
INV-3521,2023-08-16,Client-141: Shri Brijesh Event Planners,Satin 1-Inch (Label-101),-34,34.82
INV-1908,2025-09-30,Client-022: Shri Champa Traders,Organza Sheer (Label-210),433,53.94
INV-0619,2023-05-20,Client-041: M/s Varsha Handloom,Embroidered Mirror Work (Label-422),35,211.81
INV-0407,2025-06-22,Client-110: M/s Anita Embroidery Works,Silk Printed (Label-112),13,104.42
INV-2207,2025-08-29,Client-088: M/s Pooja Creations,Jacquard Brocade (Label-315),61,160.86
INV-2038,2025-11-13,Client-113: Smt. Kantilal Exports,Embroidered Mirror Work (Label-422),62,222.07
INV-3083,2026-06-04,Client-047: M/s Harish Creations,Satin 1-Inch (Label-101),59,34.78
INV-2853,2023-12-08,Client-094: M/s Dilip Weavers,Nylon Woven (Label-501),46,29.62
INV-2418,2026-04-10,Client-059: M/s Sita Fabrics,Multicolor Taffeta (Label-308),84,93.43
INV-0498,2023-06-17,Client-030: M/s Shardaben Fashion House,Polyester Grosgrain (Label-408),24,33.82
INV-3915,2026-08-04,Client-108: M/s Shyam Event Planners,Chiffon Pleated (Label-119),47,67.74
INV-0343,2025-07-11,Client-092: M/s Pushpa Silk House,Silver Tissue (Label-312),33,212.2
INV-2578,2023-03-27,Client-049: Shri Ketan Industries,Gota Patti (Label-204),-8,86.21
INV-3921,2025-02-07,Client-094: M/s Dilip Weavers,Silk Printed (Label-112),16,87.34
INV-0783,2024-01-24,Client-064: Smt. Nayna Exports,Kutch Embroidery Border (Label-407),42,235.76
INV-3005,2023-10-14,Client-040: M/s Drashti Fashion House,Multicolor Taffeta (Label-308),23,84.22
INV-1324,2025-02-01,Client-135: M/s Anjali Emporium,Raw Silk Ribbon (Label-115),72,118.4
INV-3461,2024-03-28,Client-096: M/s Kiran Emporium,Satin 1-Inch (Label-101),40,35.9
INV-3778,2023-09-04,Client-035: M/s Chandrakant Silk House,Jacquard Brocade (Label-315),4410,183.22
INV-0304,2023-04-10,Client-012: M/s Nayna Event Planners,Chiffon Pleated (Label-119),191,74.08
INV-3371,2025-05-15,Client-095: M/s Shardaben Handloom,Kutch Embroidery Border (Label-407),113,214.68
INV-2460,2026-05-21,Client-069: Smt. Mohan Designs,Silver Tissue (Label-312),14,189.29
INV-0665,2023-08-31,Client-107: M/s Ramniklal Event Planners,Metallic Zari (Label-306),65,167.05
INV-1178,2025-01-24,Client-112: M/s Indira Traders,Chanderi Block Print (Label-221),292,133.0
INV-1245,2025-09-22,,Organza Sheer (Label-210),77,51.06
INV-2437,2025-04-12,Client-041: M/s Varsha Handloom,Nylon Woven (Label-501),46,28.55
INV-3358,2024-01-22,Client-001: M/s Geeta Textiles,Metallic Zari (Label-306),745,164.22
INV-3132,2023-02-20,Client-033: M/s Vivek Fabrics,Gota Patti (Label-204),23,91.92
INV-3565,2023-10-16,Client-089: M/s Naresh Fashion House,Gold Zardozi (Label-501),389,301.69
INV-2869,2023-11-30,Client-147: M/s Jagdish Silk House,Satin 1-Inch (Label-101),695,31.66
INV-0085,2025-04-29,Client-130: M/s Jignesh Creations,Cotton Herringbone (Label-203),48,44.69
INV-3451,2026-07-16,Client-036: M/s Rahul Enterprises,Polyester Grosgrain (Label-408),162,32.18
INV-1801,2024-02-01,Client-015: M/s Savita Decorators,Nylon Woven (Label-501),174,26.5
INV-0942,2024-11-17,Client-026: Smt. Vivek Fabrics,Cotton Herringbone (Label-203),377,43.3
INV-0962,2023-06-14,Client-075: Smt. Seema Exports,Chanderi Block Print (Label-221),825,126.98
INV-0842,2023-03-22,Client-133: Smt. Manisha Designs,Chanderi Block Print (Label-221),599,147.49
INV-2603,2026-04-03,Client-064: Smt. Nayna Exports,Organza Sheer (Label-210),122,57.32
INV-2686,2024-01-28,Client-006: M/s Naresh Exports,Patola Woven Border (Label-330),35,229.23
INV-3150,2025-06-17,Client-033: M/s Vivek Fabrics,Velvet Roll (Label-405),251,113.85
INV-0867,2025-10-05,Client-060: Smt. Seema Fabrics,Polyester Grosgrain (Label-408),-49,35.07
INV-3719,2026-01-21,Client-066: Smt. Krunal Embroidery Works,Chanderi Block Print (Label-221),1280,143.04
INV-3050,2025-05-28,Client-117: Smt. Narottam Emporium,Satin 1-Inch (Label-101),867,35.49
INV-0291,2024-11-02,Client-114: M/s Padma Enterprises,Velvet Roll (Label-405),75,124.33
INV-2012,2025-06-29,Client-128: M/s Balaji Event Planners,Silk Printed (Label-112),280,95.61
INV-2544,2023-04-11,Client-065: Shri Arvind Emporium,Chiffon Pleated (Label-119),17,70.3
INV-2203,2025-01-03,Client-019: M/s Sunil Collections,Raw Silk Ribbon (Label-115),67,100.4
INV-3413,2025-03-07,Client-074: M/s Amrut Fashion House,Patola Woven Border (Label-330),10,264.27
INV-3616,2023-08-05,Client-142: M/s Vandana Boutique,Gold Zardozi (Label-501),119,258.22
INV-0605,2024-08-08,Client-109: M/s Padma Silk House,Gota Patti (Label-204),159,85.39
INV-2698,2024-11-01,Client-025: M/s Ruchita Exports,Multicolor Taffeta (Label-308),261,96.11
INV-0917,2023-10-22,Client-125: Shri Padma Saree Centre,Patola Woven Border (Label-330),33,246.84
INV-3155,2023-02-16,Client-023: M/s Navin Embroidery Works,Embroidered Mirror Work (Label-422),19,217.67
INV-2443,2025-09-29,Client-137: M/s Vandana Traders,Gold Zardozi (Label-501),238,286.52
INV-1100,2024-05-15,Client-080: Shri Nayna Weavers,Kutch Embroidery Border (Label-407),59,210.91
INV-1089,2023-06-06,Client-134: M/s Rakesh Weavers,Satin 2-Inch (Label-102),136,52.93
INV-3884,2026-07-12,Client-073: M/s Lakshmi Event Planners,Nylon Woven (Label-501),55,25.64
INV-3152,2023-04-07,Client-102: M/s Sita Industries,Silk Printed (Label-112),325,85.55
INV-1625,2026-05-22,Client-122: M/s Bhikhabhai Enterprises,Velvet Roll (Label-405),5,114.68
INV-2515,2025-10-07,Client-118: M/s Pravin Textiles,Metallic Zari (Label-306),206,163.74
INV-0822,2025-03-03,Client-008: M/s Natubhai Exports,Silver Tissue (Label-312),117,212.52
INV-2168,2023-07-21,Client-031: M/s Paresh Garments,Nylon Woven (Label-501),183,27.22
INV-2479,2026-06-14,Client-013: M/s Gopal Exports,Cotton Herringbone (Label-203),205,38.47
INV-3775,2023-03-10,Client-010: M/s Pallavi Designs,Nylon Woven (Label-501),6,29.15
INV-3224,2026-07-16,Client-046: M/s Bhikhabhai Textiles,Lace Trim Border (Label-217),36,63.77
INV-3689,2025-06-09,Client-001: M/s Geeta Textiles,Embroidered Mirror Work (Label-422),184,220.42
INV-1303,2025-04-02,Client-106: Smt. Kamlesh Designs,Nylon Woven (Label-501),74,30.04
INV-1001,2023-07-20,Client-062: M/s Deepak Creations,Satin 1-Inch (Label-101),-4,35.41
INV-3286,2026-04-01,Client-102: M/s Sita Industries,Silver Tissue (Label-312),19,207.92
INV-3561,2025-04-08,Client-038: M/s Natubhai Creations,Banarasi Zari Border (Label-302),132,133.27
INV-1506,2023-12-12,Client-135: M/s Anjali Emporium,Nylon Woven (Label-501),31,26.18
INV-1478,2023-12-18,Client-001: M/s Geeta Textiles,Nylon Woven (Label-501),130,26.88
INV-0019,2023-11-22,Client-122: M/s Bhikhabhai Enterprises,Multicolor Taffeta (Label-308),30,83.76
INV-1638,2026-07-23,Client-149: Shri Alpesh Saree Centre,Velvet Roll (Label-405),632,108.88
INV-1668,2025-07-12,Client-047: M/s Harish Creations,Polyester Grosgrain (Label-408),149,28.86
INV-0494,2024-01-25,Client-142: M/s Vandana Boutique,Silver Tissue (Label-312),114,185.85
INV-1126,2024-04-28,Client-056: M/s Shyamlal Textiles,Organza Sheer (Label-210),187,50.67
INV-1405,2026-05-03,Client-142: M/s Vandana Boutique,Jacquard Brocade (Label-315),43,166.51
INV-3094,2024-04-23,Client-022: Shri Champa Traders,Velvet Roll (Label-405),60,119.1
INV-3864,2023-01-11,Client-121: M/s Harish Traders,Embroidered Mirror Work (Label-422),17,202.5
INV-2722,2026-01-31,Client-136: M/s Anjali Decorators,Organza Sheer (Label-210),62,53.98
INV-2448,2026-01-16,Client-053: M/s Malti Enterprises,Multicolor Taffeta (Label-308),29,89.44
INV-2424,2023-09-05,,Satin 1-Inch (Label-101),311,35.49
INV-2270,2023-11-17,Client-133: Smt. Manisha Designs,Embroidered Mirror Work (Label-422),216,196.57
INV-2133,2026-04-01,Client-009: M/s Narottam Weavers,Chiffon Pleated (Label-119),13,76.98
INV-0585,2023-02-06,Client-106: Smt. Kamlesh Designs,Banarasi Zari Border (Label-302),-45,146.66
INV-2624,2024-02-13,Client-145: M/s Rahul Decorators,Kutch Embroidery Border (Label-407),390,223.42
INV-0688,2026-06-11,Client-014: Shri Usha Fabrics,Jacquard Brocade (Label-315),16,171.12
INV-3333,2025-04-20,Client-039: Shri Jignesh Designs,Kutch Embroidery Border (Label-407),13,221.62
INV-2285,2023-10-04,Client-101: Smt. Manju Garments,Organza Sheer (Label-210),77,50.72
INV-3134,2023-12-11,Client-044: Shri Meena Silk House,Satin 1-Inch (Label-101),130,33.97
INV-1609,2023-10-16,Client-042: M/s Pooja Traders,Gold Zardozi (Label-501),37,280.91
INV-2673,2026-02-17,Client-091: M/s Bharat Silk House,Gota Patti (Label-204),114,89.63
INV-2233,2026-06-09,,Chiffon Pleated (Label-119),41,70.59
INV-1010,2025-01-18,Client-144: M/s Pooja Fashion House,Satin 1-Inch (Label-101),7,35.43
INV-3200,2023-05-07,Client-012: M/s Nayna Event Planners,Chanderi Block Print (Label-221),57,140.41
INV-2308,2023-06-05,Client-083: M/s Vandana Exports,Nylon Woven (Label-501),93,26.11
INV-0361,2023-05-22,Client-105: M/s Anjali Collections,Patola Woven Border (Label-330),87,249.97
INV-3397,2023-08-06,Client-107: M/s Ramniklal Event Planners,Nylon Woven (Label-501),63,25.28
INV-3648,2024-04-15,Client-016: M/s Padma Garments,Silk Printed (Label-112),185,87.36
INV-2925,2026-05-19,Client-075: Smt. Seema Exports,Velvet Roll (Label-405),6,117.86
INV-1678,2024-07-10,Client-028: Shri Tarun Industries,Raw Silk Ribbon (Label-115),293,107.43
INV-1311,2024-12-03,Client-003: M/s Vinod Traders,Gold Zardozi (Label-501),6,284.84
INV-1171,2023-03-31,Client-116: Shri Alka Industries,Metallic Zari (Label-306),6,174.32
INV-1955,2024-01-27,Client-034: M/s Mansukhbhai Event Planners,Polyester Grosgrain (Label-408),220,29.14
INV-0801,2025-03-15,Client-148: M/s Navin Fabrics,Gold Zardozi (Label-501),329,257.04
INV-2401,2024-02-29,Client-019: M/s Sunil Collections,Satin 1-Inch (Label-101),47,33.27
INV-0345,2023-05-31,Client-040: M/s Drashti Fashion House,Chiffon Pleated (Label-119),147,78.18
INV-2695,2024-02-11,Client-024: M/s Chirag Industries,Chanderi Block Print (Label-221),40,139.83
INV-0987,2025-07-17,Client-014: Shri Usha Fabrics,Silver Tissue (Label-312),16,182.36
INV-2526,2024-04-27,Client-126: M/s Mukesh Garments,Chiffon Pleated (Label-119),88,76.33
INV-0744,2024-12-05,Client-137: M/s Vandana Traders,Gota Patti (Label-204),35,88.19
INV-2947,2023-04-01,Client-142: M/s Vandana Boutique,Chanderi Block Print (Label-221),54,128.2
INV-1672,2023-11-09,Client-094: M/s Dilip Weavers,Velvet Roll (Label-405),490,129.57
INV-2447,2024-01-21,Client-036: M/s Rahul Enterprises,Polyester Grosgrain (Label-408),23,30.02
INV-2023,2025-04-07,Client-119: M/s Bhikhabhai Emporium,Polyester Grosgrain (Label-408),41,34.09
INV-0114,2024-06-25,Client-117: Smt. Narottam Emporium,Lace Trim Border (Label-217),87,67.25
INV-1438,2025-10-30,Client-128: M/s Balaji Event Planners,Satin 1-Inch (Label-101),443,33.61
INV-2972,2026-03-07,Client-024: M/s Chirag Industries,Metallic Zari (Label-306),78,154.89
INV-1242,2025-08-27,Client-041: M/s Varsha Handloom,Silver Tissue (Label-312),192,189.9
INV-1143,2026-02-17,Client-059: M/s Sita Fabrics,Satin 1-Inch (Label-101),22,38.32
INV-2410,2025-08-19,Client-080: Shri Nayna Weavers,Silver Tissue (Label-312),511,205.81
INV-1217,2023-10-10,Client-052: Smt. Anita Saree Centre,Multicolor Taffeta (Label-308),174,96.27
INV-1826,2026-02-13,Client-015: M/s Savita Decorators,Kutch Embroidery Border (Label-407),116,250.19
INV-1199,2024-08-18,Client-103: Shri Vijay Fashion House,Satin 2-Inch (Label-102),23,50.13
INV-0086,2024-09-03,Client-149: Shri Alpesh Saree Centre,Patola Woven Border (Label-330),34,249.48
INV-1519,2024-11-09,Client-042: M/s Pooja Traders,Patola Woven Border (Label-330),46,234.95
INV-3834,2026-01-27,Client-083: M/s Vandana Exports,Silver Tissue (Label-312),299,204.16
INV-1382,2024-02-29,Client-102: M/s Sita Industries,Embroidered Mirror Work (Label-422),46,194.07
INV-1376,2025-12-26,Client-013: M/s Gopal Exports,Chanderi Block Print (Label-221),10,143.41
INV-0669,2025-04-10,Client-145: M/s Rahul Decorators,Chanderi Block Print (Label-221),91,122.0
INV-2656,2026-07-27,Client-038: M/s Natubhai Creations,Raw Silk Ribbon (Label-115),200,108.73
INV-1015,2025-12-27,Client-116: Shri Alka Industries,Raw Silk Ribbon (Label-115),778,107.1
INV-0129,2024-05-02,Client-005: M/s Nayna Garments,Jacquard Brocade (Label-315),27,166.79
INV-1365,2024-01-11,Client-025: M/s Ruchita Exports,Chiffon Pleated (Label-119),152,77.98
INV-3145,2024-04-13,Client-040: M/s Drashti Fashion House,Banarasi Zari Border (Label-302),314,137.81
INV-2371,2024-05-23,Client-028: Shri Tarun Industries,Gota Patti (Label-204),164,91.0
INV-0892,2026-06-09,Client-139: M/s Gopal Fashion House,Multicolor Taffeta (Label-308),86,80.09
INV-3499,2023-09-30,Client-043: Smt. Manju Weavers,Banarasi Zari Border (Label-302),34,157.29
INV-1360,2025-07-28,Client-002: M/s Chandrika Fashion House,Organza Sheer (Label-210),62,54.4
INV-0308,2023-12-25,Client-110: M/s Anita Embroidery Works,Silver Tissue (Label-312),187,194.83
INV-2969,2026-06-28,Client-101: Smt. Manju Garments,Chanderi Block Print (Label-221),83,131.67
INV-3716,2024-05-01,Client-013: M/s Gopal Exports,Gold Zardozi (Label-501),90,299.68
INV-0384,2023-12-21,Client-126: M/s Mukesh Garments,Polyester Grosgrain (Label-408),112,29.7
INV-0151,2023-06-17,Client-109: M/s Padma Silk House,Satin 2-Inch (Label-102),168,51.07
INV-2175,2024-06-22,Client-042: M/s Pooja Traders,Silk Printed (Label-112),109,96.11
INV-1318,2025-03-30,Client-002: M/s Chandrika Fashion House,Lace Trim Border (Label-217),271,58.63
INV-1452,2026-05-16,Client-009: M/s Narottam Weavers,Raw Silk Ribbon (Label-115),25,106.04
INV-3865,2026-05-30,Client-121: M/s Harish Traders,Chanderi Block Print (Label-221),13,122.42
INV-3665,2023-02-26,Client-135: M/s Anjali Emporium,Cotton Herringbone (Label-203),17,39.04
INV-0427,2023-11-09,Client-080: Shri Nayna Weavers,Satin 1-Inch (Label-101),97,35.08
INV-0495,2024-05-01,Client-101: Smt. Manju Garments,Kutch Embroidery Border (Label-407),36,232.28
INV-1208,2024-04-25,Client-013: M/s Gopal Exports,Gota Patti (Label-204),174,82.6
INV-3634,2023-10-29,Client-019: M/s Sunil Collections,Chiffon Pleated (Label-119),41,74.64
INV-2472,2024-07-15,Client-075: Smt. Seema Exports,Nylon Woven (Label-501),76,27.32
INV-1209,2023-11-21,Client-129: M/s Padma Industries,Banarasi Zari Border (Label-302),28,153.9
INV-1821,2023-09-28,Client-072: M/s Arun Fashion House,Patola Woven Border (Label-330),449,272.55
INV-3034,2024-08-28,Client-099: M/s Sushila Garments,Satin 1-Inch (Label-101),100,33.52
INV-3218,2026-02-21,Client-047: M/s Harish Creations,Satin 1-Inch (Label-101),54,38.25
INV-3672,2024-01-02,Client-047: M/s Harish Creations,Embroidered Mirror Work (Label-422),206,230.79
INV-2715,2023-07-01,Client-007: M/s Hasmukh Collections,Chiffon Pleated (Label-119),26,69.81
INV-1967,2023-02-14,Client-117: Smt. Narottam Emporium,Kutch Embroidery Border (Label-407),79,233.49
INV-1240,2025-09-29,Client-107: M/s Ramniklal Event Planners,Jacquard Brocade (Label-315),21,162.55
INV-2776,2026-04-20,Client-110: M/s Anita Embroidery Works,Chiffon Pleated (Label-119),976,77.71
INV-2180,2025-01-10,Client-044: Shri Meena Silk House,Metallic Zari (Label-306),537,144.51
INV-0276,2023-03-16,Client-102: M/s Sita Industries,Satin 2-Inch (Label-102),16,46.86
INV-0490,2023-11-30,Client-009: M/s Narottam Weavers,Polyester Grosgrain (Label-408),344,28.93
INV-3154,2026-04-12,Client-138: Smt. Natubhai Weavers,Nylon Woven (Label-501),138,25.94
INV-1230,2024-10-01,Client-041: M/s Varsha Handloom,Gota Patti (Label-204),20,76.97
INV-0691,2025-12-03,Client-015: M/s Savita Decorators,Jacquard Brocade (Label-315),737,179.91
INV-3304,2023-12-01,Client-034: M/s Mansukhbhai Event Planners,Polyester Grosgrain (Label-408),107,29.13
INV-2652,2024-04-19,Client-062: M/s Deepak Creations,Banarasi Zari Border (Label-302),22,145.24
INV-2820,2025-02-23,Client-032: Shri Lakshmi Event Planners,Kutch Embroidery Border (Label-407),67,231.09
INV-2529,2023-11-04,Client-127: M/s Nayna Boutique,Satin 1-Inch (Label-101),508,38.04
INV-1781,2024-08-08,Client-042: M/s Pooja Traders,Embroidered Mirror Work (Label-422),3,223.18
INV-3663,2025-04-22,Client-122: M/s Bhikhabhai Enterprises,Gold Zardozi (Label-501),35,285.34
INV-2756,2023-02-09,Client-024: M/s Chirag Industries,Satin 2-Inch (Label-102),139,52.25
INV-1059,2025-02-02,Client-106: Smt. Kamlesh Designs,Metallic Zari (Label-306),679,173.47
INV-0119,2026-01-05,Client-117: Smt. Narottam Emporium,Lace Trim Border (Label-217),86,67.22
INV-1025,2023-12-07,Client-042: M/s Pooja Traders,Silver Tissue (Label-312),263,186.62
INV-3017,2025-05-25,Client-137: M/s Vandana Traders,Silk Printed (Label-112),82,101.07
INV-0282,2023-07-15,Client-036: M/s Rahul Enterprises,Satin 2-Inch (Label-102),43,48.24
INV-2343,2025-05-13,Client-120: M/s Usha Enterprises,Organza Sheer (Label-210),170,54.41
INV-1317,2026-07-01,Client-124: M/s Bhavesh Exports,Metallic Zari (Label-306),79,169.83
INV-3092,2023-01-20,Client-139: M/s Gopal Fashion House,Metallic Zari (Label-306),7,172.87
INV-0969,2023-10-17,Client-005: M/s Nayna Garments,Satin 2-Inch (Label-102),137,54.07
INV-1666,2023-07-26,Client-006: M/s Naresh Exports,Embroidered Mirror Work (Label-422),55,192.09
INV-3986,2024-10-13,Client-011: M/s Kavya Industries,Satin 1-Inch (Label-101),83,34.67
INV-1906,2023-02-20,Client-060: Smt. Seema Fabrics,Multicolor Taffeta (Label-308),62,85.71
INV-2565,2024-06-12,Client-075: Smt. Seema Exports,Patola Woven Border (Label-330),1061,237.85
INV-3938,2023-05-25,Client-135: M/s Anjali Emporium,Organza Sheer (Label-210),-7,59.28
INV-2310,2024-05-28,Client-062: M/s Deepak Creations,Gold Zardozi (Label-501),24,252.39
INV-0620,2024-12-16,Client-055: M/s Balaji Collections,Patola Woven Border (Label-330),20,241.59
INV-2119,2025-11-28,Client-047: M/s Harish Creations,Lace Trim Border (Label-217),46,69.93
INV-1743,2024-03-24,Client-091: M/s Bharat Silk House,Nylon Woven (Label-501),6,29.75
INV-3272,2025-11-28,Client-074: M/s Amrut Fashion House,Chanderi Block Print (Label-221),207,140.66
INV-0156,2023-09-22,Client-059: M/s Sita Fabrics,Gold Zardozi (Label-501),118,283.29
INV-1848,2026-04-12,Client-067: M/s Bhavik Traders,Polyester Grosgrain (Label-408),6,30.99
INV-3899,2026-08-05,Client-110: M/s Anita Embroidery Works,Cotton Herringbone (Label-203),28,44.83
INV-1656,2023-12-22,Client-082: M/s Dhaval Event Planners,Gold Zardozi (Label-501),328,260.87
INV-2461,2023-02-17,Client-082: M/s Dhaval Event Planners,Nylon Woven (Label-501),166,26.16
INV-0305,2023-04-26,Client-075: Smt. Seema Exports,Nylon Woven (Label-501),33,29.77
INV-2583,2025-05-21,Client-028: Shri Tarun Industries,Banarasi Zari Border (Label-302),151,157.73
INV-3389,2024-06-27,Client-003: M/s Vinod Traders,Raw Silk Ribbon (Label-115),164,102.67
INV-3014,2026-07-23,Client-132: M/s Shanta Creations,Satin 1-Inch (Label-101),10,36.51
INV-1957,2024-07-12,Client-046: M/s Bhikhabhai Textiles,Polyester Grosgrain (Label-408),119,30.46
INV-3996,2024-05-29,Client-087: M/s Mayur Creations,Kutch Embroidery Border (Label-407),110,245.11
INV-2965,2023-05-10,Client-124: M/s Bhavesh Exports,Satin 1-Inch (Label-101),426,36.91
INV-1308,2024-12-28,Client-114: M/s Padma Enterprises,Jacquard Brocade (Label-315),9,166.01
INV-2423,2025-01-02,Client-130: M/s Jignesh Creations,Nylon Woven (Label-501),261,30.28
INV-0576,2023-09-25,Client-125: Shri Padma Saree Centre,Velvet Roll (Label-405),380,129.3
INV-2597,2023-09-17,Client-131: M/s Geeta Fabrics,Nylon Woven (Label-501),-17,30.74
INV-3956,2024-03-21,Client-147: M/s Jagdish Silk House,Patola Woven Border (Label-330),249,249.22
INV-3489,2024-07-23,Client-131: M/s Geeta Fabrics,Multicolor Taffeta (Label-308),19,92.67
INV-1707,2025-07-18,Client-130: M/s Jignesh Creations,Velvet Roll (Label-405),387,129.94
INV-3501,2024-12-30,Client-035: M/s Chandrakant Silk House,Gota Patti (Label-204),54,81.07
INV-1300,2023-05-05,Client-097: M/s Deepika Designs,Metallic Zari (Label-306),113,172.48
INV-0133,2025-05-23,Client-126: M/s Mukesh Garments,Multicolor Taffeta (Label-308),14,80.49
INV-2954,2025-04-12,Client-140: M/s Brijesh Weavers,Organza Sheer (Label-210),52,49.5
INV-3193,2023-09-04,Client-141: Shri Brijesh Event Planners,Multicolor Taffeta (Label-308),151,80.83
INV-0862,2023-05-19,Client-141: Shri Brijesh Event Planners,Satin 1-Inch (Label-101),162,33.55
INV-0844,2026-06-09,Client-133: Smt. Manisha Designs,Organza Sheer (Label-210),54,54.6
INV-1802,2024-04-10,Client-138: Smt. Natubhai Weavers,Kutch Embroidery Border (Label-407),94,209.11
INV-1629,2023-12-27,Client-018: Smt. Foram Fabrics,Cotton Herringbone (Label-203),92,41.2
INV-1994,2023-04-10,Client-011: M/s Kavya Industries,Velvet Roll (Label-405),84,128.83
INV-2589,2023-06-11,Client-071: M/s Kavya Fabrics,Polyester Grosgrain (Label-408),9,34.19
INV-0270,2026-06-14,Client-062: M/s Deepak Creations,Nylon Woven (Label-501),20,25.48
INV-0630,2024-11-10,Client-019: M/s Sunil Collections,Banarasi Zari Border (Label-302),215,135.66
INV-1731,2023-03-05,Client-111: Shri Rekha Textiles,Lace Trim Border (Label-217),137,61.18
INV-1034,2025-04-02,Client-057: M/s Drashti Emporium,Multicolor Taffeta (Label-308),114,85.49
INV-2315,2025-07-12,Client-123: M/s Alka Collections,Lace Trim Border (Label-217),11,65.0
INV-0287,2023-10-01,Client-117: Smt. Narottam Emporium,Raw Silk Ribbon (Label-115),603,107.22
INV-1327,2026-06-15,Client-138: Smt. Natubhai Weavers,Polyester Grosgrain (Label-408),30,33.85
INV-2930,2024-06-24,Client-111: Shri Rekha Textiles,Patola Woven Border (Label-330),49,231.98
INV-0301,2025-12-25,Client-059: M/s Sita Fabrics,Nylon Woven (Label-501),264,27.78
INV-3166,2024-09-11,Client-097: M/s Deepika Designs,Jacquard Brocade (Label-315),36,173.38
INV-2888,2024-04-13,Client-031: M/s Paresh Garments,Organza Sheer (Label-210),116,52.53
INV-3589,2023-08-11,Client-078: M/s Prital Exports,Gold Zardozi (Label-501),20,283.68
INV-1448,2025-02-17,Client-001: M/s Geeta Textiles,Polyester Grosgrain (Label-408),171,29.2
INV-1473,2025-12-21,Client-133: Smt. Manisha Designs,Kutch Embroidery Border (Label-407),41,231.79
INV-2818,2024-10-11,Client-069: Smt. Mohan Designs,Organza Sheer (Label-210),63,57.17
INV-2770,2023-06-03,,Jacquard Brocade (Label-315),36,179.87
INV-1187,2025-07-10,Client-068: M/s Madhuri Fabrics,Metallic Zari (Label-306),177,174.94
INV-0066,2024-02-10,Client-140: M/s Brijesh Weavers,Nylon Woven (Label-501),458,28.83
INV-2941,2025-08-27,Client-047: M/s Harish Creations,Silk Printed (Label-112),5000,92.72
INV-1881,2024-04-19,Client-125: Shri Padma Saree Centre,Satin 2-Inch (Label-102),288,52.97
INV-0891,2023-10-17,Client-073: M/s Lakshmi Event Planners,Kutch Embroidery Border (Label-407),37,218.26
INV-3076,2024-06-09,Client-023: M/s Navin Embroidery Works,Gold Zardozi (Label-501),93,284.14
INV-3467,2025-12-23,Client-137: M/s Vandana Traders,Velvet Roll (Label-405),75,128.53
INV-1767,2026-06-23,Client-091: M/s Bharat Silk House,Organza Sheer (Label-210),25,54.65
INV-2511,2025-03-18,Client-012: M/s Nayna Event Planners,Polyester Grosgrain (Label-408),213,28.88
INV-2105,2025-05-18,Client-060: Smt. Seema Fabrics,Silk Printed (Label-112),286,100.17
INV-2009,2026-07-24,Client-057: M/s Drashti Emporium,Nylon Woven (Label-501),88,25.3
INV-0231,2023-11-28,Client-058: Smt. Deepika Fashion House,Lace Trim Border (Label-217),24,70.82
INV-0504,2024-04-27,Client-021: M/s Yash Emporium,Chiffon Pleated (Label-119),32,81.04
INV-2096,2023-05-30,Client-111: Shri Rekha Textiles,Cotton Herringbone (Label-203),76,41.71
INV-2749,2024-11-16,Client-007: M/s Hasmukh Collections,Banarasi Zari Border (Label-302),92,157.91
INV-0381,2024-09-01,Client-022: Shri Champa Traders,Patola Woven Border (Label-330),1192,231.7
INV-3036,2023-06-24,Client-013: M/s Gopal Exports,Satin 2-Inch (Label-102),1626,47.76
INV-1526,2023-08-24,Client-064: Smt. Nayna Exports,Patola Woven Border (Label-330),383,266.03
INV-3044,2026-06-11,Client-069: Smt. Mohan Designs,Raw Silk Ribbon (Label-115),20,109.33
INV-2116,2023-04-03,Client-064: Smt. Nayna Exports,Jacquard Brocade (Label-315),185,177.26
INV-1005,2025-04-10,Client-095: M/s Shardaben Handloom,Chanderi Block Print (Label-221),546,134.04
INV-1958,2023-07-09,Client-149: Shri Alpesh Saree Centre,Lace Trim Border (Label-217),1084,63.04
INV-0837,2024-02-23,Client-113: Smt. Kantilal Exports,Raw Silk Ribbon (Label-115),488,109.78
INV-2378,2026-02-27,Client-040: M/s Drashti Fashion House,Silk Printed (Label-112),47,86.74
INV-0375,2024-01-17,Client-111: Shri Rekha Textiles,Chiffon Pleated (Label-119),101,67.94
INV-2751,2024-10-20,Client-105: M/s Anjali Collections,Jacquard Brocade (Label-315),587,187.7
INV-2799,2025-03-10,Client-085: M/s Nayna Industries,Patola Woven Border (Label-330),113,247.83
INV-2937,2023-05-25,Client-103: Shri Vijay Fashion House,Cotton Herringbone (Label-203),226,40.35
INV-0940,2025-07-08,Client-081: M/s Mahesh Traders,Gold Zardozi (Label-501),105,290.24
INV-1322,2023-12-27,Client-026: Smt. Vivek Fabrics,Gota Patti (Label-204),40,90.63
INV-3556,2023-07-09,Client-143: M/s Prakash Silk House,Chanderi Block Print (Label-221),95,131.47
INV-3400,2026-05-06,Client-053: M/s Malti Enterprises,Gota Patti (Label-204),76,91.99
INV-2506,2025-07-07,Client-118: M/s Pravin Textiles,Lace Trim Border (Label-217),326,66.58
INV-0530,2024-09-17,Client-071: M/s Kavya Fabrics,Embroidered Mirror Work (Label-422),221,226.61
INV-3047,2025-04-09,Client-118: M/s Pravin Textiles,Gota Patti (Label-204),9,85.48
INV-0637,2025-02-03,Client-003: M/s Vinod Traders,Silver Tissue (Label-312),609,209.62
INV-1270,2026-02-10,Client-001: M/s Geeta Textiles,Multicolor Taffeta (Label-308),133,96.12
INV-0186,2025-06-21,Client-073: M/s Lakshmi Event Planners,Chiffon Pleated (Label-119),160,75.04
INV-2507,2023-04-15,Client-150: M/s Kantilal Event Planners,Velvet Roll (Label-405),1535,129.2
INV-2625,2026-07-03,Client-063: Smt. Padma Saree Centre,Metallic Zari (Label-306),335,145.47
INV-2267,2026-06-21,Client-119: M/s Bhikhabhai Emporium,Silver Tissue (Label-312),8,209.14
INV-1798,2024-02-06,Client-098: M/s Bhavna Garments,Patola Woven Border (Label-330),-20,259.18
INV-1442,2025-02-24,Client-057: M/s Drashti Emporium,Cotton Herringbone (Label-203),41,43.39
INV-1536,2023-01-28,Client-034: M/s Mansukhbhai Event Planners,Metallic Zari (Label-306),283,155.54
INV-1274,2023-09-09,Client-143: M/s Prakash Silk House,Cotton Herringbone (Label-203),392,45.18
INV-0608,2026-01-13,Client-116: Shri Alka Industries,Velvet Roll (Label-405),48,122.79
INV-1713,2025-06-02,Client-102: M/s Sita Industries,Gold Zardozi (Label-501),30,276.13
INV-3971,2024-09-18,Client-148: M/s Navin Fabrics,Raw Silk Ribbon (Label-115),624,110.8
INV-2549,2025-05-05,Client-003: M/s Vinod Traders,Chanderi Block Print (Label-221),66,131.24
INV-3251,2023-01-03,Client-144: M/s Pooja Fashion House,Multicolor Taffeta (Label-308),117,86.16
INV-3631,2023-08-19,Client-057: M/s Drashti Emporium,Kutch Embroidery Border (Label-407),19,213.3
INV-3348,2025-03-28,Client-031: M/s Paresh Garments,Raw Silk Ribbon (Label-115),352,108.58
INV-1978,2025-08-07,Client-025: M/s Ruchita Exports,Chiffon Pleated (Label-119),189,69.43
INV-0159,2023-08-24,Client-084: M/s Kantilal Embroidery Works,Jacquard Brocade (Label-315),844,185.55
INV-1749,2025-01-02,Client-110: M/s Anita Embroidery Works,Multicolor Taffeta (Label-308),210,86.6
INV-2321,2023-12-20,Client-048: M/s Bhavesh Traders,Silk Printed (Label-112),230,87.3
INV-0903,2023-05-16,Client-111: Shri Rekha Textiles,Embroidered Mirror Work (Label-422),825,212.82
INV-0353,2024-05-30,Client-127: M/s Nayna Boutique,Raw Silk Ribbon (Label-115),15,112.57
INV-1231,2026-04-28,Client-078: M/s Prital Exports,Embroidered Mirror Work (Label-422),39,230.45
INV-3480,2023-06-06,Client-027: M/s Rajendra Creations,Raw Silk Ribbon (Label-115),153,120.98
INV-0445,2023-01-20,Client-001: M/s Geeta Textiles,Patola Woven Border (Label-330),635,243.81
INV-3916,2023-05-09,Client-094: M/s Dilip Weavers,Gota Patti (Label-204),162,77.71
INV-0755,2023-10-27,Client-101: Smt. Manju Garments,Satin 1-Inch (Label-101),9,35.3
INV-1738,2025-09-24,Client-076: Smt. Ashok Designs,Gota Patti (Label-204),879,84.22
INV-3960,2024-03-31,Client-066: Smt. Krunal Embroidery Works,Chiffon Pleated (Label-119),9,69.02
INV-0312,2025-12-21,Client-063: Smt. Padma Saree Centre,Cotton Herringbone (Label-203),44,39.51
INV-0549,2026-03-26,Client-126: M/s Mukesh Garments,Satin 1-Inch (Label-101),301,32.41
INV-2647,2026-06-05,Client-114: M/s Padma Enterprises,Cotton Herringbone (Label-203),43,40.45
INV-2885,2024-02-01,Client-094: M/s Dilip Weavers,Lace Trim Border (Label-217),14,67.88
INV-0307,2025-12-03,Client-077: Shri Deepak Fashion House,Cotton Herringbone (Label-203),220,38.31
INV-0695,2024-12-24,Client-104: M/s Nirmala Designs,Kutch Embroidery Border (Label-407),-5,216.21
INV-1928,2023-09-17,Client-099: M/s Sushila Garments,Metallic Zari (Label-306),80,162.42
INV-3071,2024-12-20,Client-016: M/s Padma Garments,Satin 1-Inch (Label-101),9,32.31
INV-0750,2025-07-21,Client-070: M/s Yash Designs,Raw Silk Ribbon (Label-115),158,109.82
INV-1267,2023-07-27,Client-143: M/s Prakash Silk House,Chanderi Block Print (Label-221),35,142.7
INV-2154,2024-07-19,Client-103: Shri Vijay Fashion House,Velvet Roll (Label-405),71,125.42
INV-2518,2026-04-22,Client-072: M/s Arun Fashion House,Raw Silk Ribbon (Label-115),983,116.12
INV-0971,2024-09-21,Client-025: M/s Ruchita Exports,Multicolor Taffeta (Label-308),509,89.96
INV-0014,2023-05-30,Client-148: M/s Navin Fabrics,Silk Printed (Label-112),9,99.15
INV-0874,2025-08-01,Client-138: Smt. Natubhai Weavers,Metallic Zari (Label-306),33,158.8
INV-0809,2026-06-30,Client-012: M/s Nayna Event Planners,Nylon Woven (Label-501),19,26.32
INV-0515,2025-04-02,Client-085: M/s Nayna Industries,Nylon Woven (Label-501),41,25.48
INV-3194,2024-07-29,Client-054: Smt. Subhash Creations,Lace Trim Border (Label-217),158,69.1
INV-0410,2024-04-24,Client-024: M/s Chirag Industries,Velvet Roll (Label-405),95,108.03
INV-2381,2024-02-20,Client-007: M/s Hasmukh Collections,Patola Woven Border (Label-330),50,238.6
INV-3265,2026-05-20,Client-063: Smt. Padma Saree Centre,Cotton Herringbone (Label-203),12,40.12
INV-0208,2025-01-23,Client-103: Shri Vijay Fashion House,Multicolor Taffeta (Label-308),17,94.95
INV-2111,2023-07-05,Client-093: Shri Niraj Boutique,Satin 2-Inch (Label-102),188,47.55
INV-0459,2025-02-01,Client-022: Shri Champa Traders,Kutch Embroidery Border (Label-407),83,233.96
INV-3581,2024-04-26,Client-108: M/s Shyam Event Planners,Satin 1-Inch (Label-101),70,34.94
INV-2407,2025-10-01,Client-098: M/s Bhavna Garments,Banarasi Zari Border (Label-302),109,158.42
INV-2900,2024-12-13,Client-109: M/s Padma Silk House,Jacquard Brocade (Label-315),38,190.6
INV-2459,2026-07-02,Client-073: M/s Lakshmi Event Planners,Embroidered Mirror Work (Label-422),85,199.11
INV-2642,2023-11-22,Client-002: M/s Chandrika Fashion House,Jacquard Brocade (Label-315),189,170.61
INV-1884,2023-12-27,Client-082: M/s Dhaval Event Planners,Patola Woven Border (Label-330),757,230.68
INV-1714,2025-06-22,Client-026: Smt. Vivek Fabrics,Banarasi Zari Border (Label-302),132,149.31
INV-2590,2026-01-13,Client-021: M/s Yash Emporium,Silver Tissue (Label-312),849,211.97
INV-2230,2026-01-06,Client-112: M/s Indira Traders,Gold Zardozi (Label-501),40,281.34
INV-0553,2025-10-27,Client-043: Smt. Manju Weavers,Satin 1-Inch (Label-101),169,37.27
INV-3709,2023-07-24,Client-060: Smt. Seema Fabrics,Chiffon Pleated (Label-119),53,69.42
INV-3638,2025-10-18,Client-040: M/s Drashti Fashion House,Satin 2-Inch (Label-102),444,50.06
INV-1926,2025-04-05,Client-144: M/s Pooja Fashion House,Silver Tissue (Label-312),53,200.52
INV-0635,2025-06-15,Client-008: M/s Natubhai Exports,Satin 2-Inch (Label-102),861,46.56
INV-3676,2024-02-02,Client-011: M/s Kavya Industries,Metallic Zari (Label-306),377,165.93
INV-0317,2024-02-23,Client-062: M/s Deepak Creations,Silver Tissue (Label-312),242,188.04
INV-3506,2025-08-11,,Silver Tissue (Label-312),2,194.01
INV-3524,2025-03-24,,Metallic Zari (Label-306),80,149.79
INV-1329,2025-09-28,Client-021: M/s Yash Emporium,Satin 2-Inch (Label-102),89,52.91
INV-0428,2023-11-15,Client-101: Smt. Manju Garments,Kutch Embroidery Border (Label-407),1067,236.18
INV-3209,2024-05-19,Client-096: M/s Kiran Emporium,Raw Silk Ribbon (Label-115),43,106.75
INV-0106,2023-04-11,Client-128: M/s Balaji Event Planners,Polyester Grosgrain (Label-408),34,33.76
INV-0143,2026-03-29,Client-040: M/s Drashti Fashion House,Patola Woven Border (Label-330),118,249.11
INV-2185,2024-04-05,Client-011: M/s Kavya Industries,Nylon Woven (Label-501),72,28.27
INV-3269,2025-12-27,Client-134: M/s Rakesh Weavers,Kutch Embroidery Border (Label-407),25,246.47
INV-2237,2025-05-15,Client-080: Shri Nayna Weavers,Silk Printed (Label-112),213,103.37
INV-1950,2025-06-27,Client-051: M/s Brijesh Saree Centre,Gold Zardozi (Label-501),34,274.92
INV-3551,2025-07-30,Client-012: M/s Nayna Event Planners,Chiffon Pleated (Label-119),84,67.63
INV-3725,2025-10-28,Client-092: M/s Pushpa Silk House,Gold Zardozi (Label-501),19,281.7
INV-2758,2024-06-23,,Gold Zardozi (Label-501),190,289.78
INV-3930,2024-05-10,Client-037: M/s Vinod Fashion House,Raw Silk Ribbon (Label-115),57,114.37
INV-1952,2023-06-26,Client-119: M/s Bhikhabhai Emporium,Satin 1-Inch (Label-101),73,32.31
INV-2680,2024-08-27,Client-134: M/s Rakesh Weavers,Kutch Embroidery Border (Label-407),145,236.68
INV-2918,2025-08-15,Client-065: Shri Arvind Emporium,Banarasi Zari Border (Label-302),44,131.07
INV-2286,2024-02-08,Client-083: M/s Vandana Exports,Polyester Grosgrain (Label-408),551,33.35
INV-1110,2024-09-06,Client-139: M/s Gopal Fashion House,Metallic Zari (Label-306),82,150.4
INV-2356,2023-03-28,Client-060: Smt. Seema Fabrics,Organza Sheer (Label-210),229,60.0
INV-0592,2023-09-05,Client-101: Smt. Manju Garments,Silk Printed (Label-112),355,94.18
INV-3711,2025-03-27,Client-027: M/s Rajendra Creations,Organza Sheer (Label-210),174,57.21
INV-1577,2025-10-19,Client-068: M/s Madhuri Fabrics,Satin 1-Inch (Label-101),225,37.02
INV-2588,2024-11-14,Client-032: Shri Lakshmi Event Planners,Jacquard Brocade (Label-315),13,177.67
INV-0214,2023-04-28,Client-104: M/s Nirmala Designs,Lace Trim Border (Label-217),178,65.17
INV-0779,2024-03-03,Client-021: M/s Yash Emporium,Multicolor Taffeta (Label-308),357,93.3
INV-3032,2025-06-07,Client-012: M/s Nayna Event Planners,Gota Patti (Label-204),28,85.13
INV-2466,2025-03-02,Client-060: Smt. Seema Fabrics,Velvet Roll (Label-405),177,128.33
INV-2044,2025-01-12,Client-079: M/s Savita Weavers,Jacquard Brocade (Label-315),277,177.37
INV-3288,2026-04-08,Client-040: M/s Drashti Fashion House,Chanderi Block Print (Label-221),277,123.92
INV-2299,2023-06-28,Client-003: M/s Vinod Traders,Gota Patti (Label-204),203,89.02
INV-2502,2025-06-06,Client-076: Smt. Ashok Designs,Lace Trim Border (Label-217),36,69.17
INV-1568,2025-06-28,Client-079: M/s Savita Weavers,Metallic Zari (Label-306),2,159.33
INV-3024,2023-10-09,Client-060: Smt. Seema Fabrics,Banarasi Zari Border (Label-302),172,154.0
INV-3544,2023-10-31,Client-092: M/s Pushpa Silk House,Metallic Zari (Label-306),60,144.05
INV-2354,2023-08-25,Client-067: M/s Bhavik Traders,Nylon Woven (Label-501),24,26.54
INV-3609,2023-08-03,Client-100: Smt. Kavita Saree Centre,Organza Sheer (Label-210),1833,57.87
INV-1344,2024-03-05,Client-133: Smt. Manisha Designs,Kutch Embroidery Border (Label-407),169,243.15
INV-2014,2026-07-17,Client-089: M/s Naresh Fashion House,Satin 1-Inch (Label-101),146,32.95
INV-0274,2024-08-11,Client-016: M/s Padma Garments,Satin 1-Inch (Label-101),105,36.07
INV-0072,2023-12-25,Client-114: M/s Padma Enterprises,Cotton Herringbone (Label-203),570,39.32
INV-1088,2025-02-22,Client-084: M/s Kantilal Embroidery Works,Organza Sheer (Label-210),51,52.83
INV-0395,2024-02-28,Client-146: M/s Yash Fashion House,Lace Trim Border (Label-217),281,65.42
INV-0584,2025-07-06,Client-128: M/s Balaji Event Planners,Multicolor Taffeta (Label-308),133,84.76
INV-3867,2023-12-07,Client-089: M/s Naresh Fashion House,Satin 1-Inch (Label-101),109,33.38
INV-2718,2024-01-11,Client-028: Shri Tarun Industries,Satin 2-Inch (Label-102),13,51.26
INV-3826,2025-10-17,Client-095: M/s Shardaben Handloom,Cotton Herringbone (Label-203),241,45.69
INV-3649,2024-04-12,Client-048: M/s Bhavesh Traders,Multicolor Taffeta (Label-308),1428,84.42
INV-2612,2024-08-11,Client-072: M/s Arun Fashion House,Jacquard Brocade (Label-315),-2,172.42
INV-2319,2025-02-28,Client-007: M/s Hasmukh Collections,Organza Sheer (Label-210),51,58.17
INV-1764,2023-07-24,Client-127: M/s Nayna Boutique,Lace Trim Border (Label-217),62,67.18
INV-3011,2026-07-25,Client-099: M/s Sushila Garments,Raw Silk Ribbon (Label-115),65,120.88
INV-1260,2023-12-11,Client-047: M/s Harish Creations,Cotton Herringbone (Label-203),57,44.25
INV-0527,2024-03-14,Client-058: Smt. Deepika Fashion House,Patola Woven Border (Label-330),164,235.34
INV-0378,2024-01-18,Client-051: M/s Brijesh Saree Centre,Multicolor Taffeta (Label-308),163,81.21
INV-1560,2025-06-07,Client-123: M/s Alka Collections,Satin 1-Inch (Label-101),10,34.97
INV-2508,2025-06-06,Client-010: M/s Pallavi Designs,Patola Woven Border (Label-330),35,263.97
INV-1964,2025-02-01,Client-009: M/s Narottam Weavers,Metallic Zari (Label-306),20,166.44
INV-3569,2023-10-13,Client-085: M/s Nayna Industries,Velvet Roll (Label-405),151,121.17
INV-0349,2023-07-10,Client-084: M/s Kantilal Embroidery Works,Chiffon Pleated (Label-119),120,67.69
INV-3140,2026-05-21,Client-018: Smt. Foram Fabrics,Silver Tissue (Label-312),224,213.68
INV-1710,2026-03-28,Client-038: M/s Natubhai Creations,Multicolor Taffeta (Label-308),53,94.62
INV-1051,2026-05-11,Client-149: Shri Alpesh Saree Centre,Satin 2-Inch (Label-102),145,50.66
INV-0591,2023-10-15,Client-105: M/s Anjali Collections,Velvet Roll (Label-405),15,114.1
INV-0520,2025-02-04,Client-132: M/s Shanta Creations,Jacquard Brocade (Label-315),33,159.8
INV-3673,2026-01-30,,Cotton Herringbone (Label-203),217,39.35
INV-2700,2023-02-24,Client-008: M/s Natubhai Exports,Kutch Embroidery Border (Label-407),174,211.91
INV-1084,2026-04-06,Client-103: Shri Vijay Fashion House,Lace Trim Border (Label-217),58,64.69
INV-2357,2024-10-16,Client-102: M/s Sita Industries,Gota Patti (Label-204),155,85.17
INV-3997,2023-04-03,Client-111: Shri Rekha Textiles,Gota Patti (Label-204),201,79.37
INV-1810,2025-12-02,Client-142: M/s Vandana Boutique,Silk Printed (Label-112),53,87.83
INV-3878,2024-11-23,Client-098: M/s Bhavna Garments,Polyester Grosgrain (Label-408),19,33.23
INV-0793,2023-07-13,Client-092: M/s Pushpa Silk House,Organza Sheer (Label-210),66,51.02
INV-3808,2025-04-29,Client-076: Smt. Ashok Designs,Polyester Grosgrain (Label-408),6,34.19
INV-1981,2026-04-16,,Raw Silk Ribbon (Label-115),86,102.92
INV-2556,2025-08-07,Client-147: M/s Jagdish Silk House,Nylon Woven (Label-501),32,30.37
INV-2222,2023-07-22,Client-024: M/s Chirag Industries,Patola Woven Border (Label-330),65,257.74
INV-1531,2024-03-30,Client-123: M/s Alka Collections,Banarasi Zari Border (Label-302),33,145.29
INV-1411,2024-06-06,Client-090: Shri Prital Handloom,Gold Zardozi (Label-501),219,291.71
INV-2916,2025-04-05,Client-026: Smt. Vivek Fabrics,Polyester Grosgrain (Label-408),156,34.98
INV-3164,2024-06-05,Client-010: M/s Pallavi Designs,Multicolor Taffeta (Label-308),121,96.19
INV-0084,2026-05-12,Client-035: M/s Chandrakant Silk House,Satin 1-Inch (Label-101),530,33.43
INV-3137,2024-11-11,Client-021: M/s Yash Emporium,Kutch Embroidery Border (Label-407),8,247.51
INV-0021,2023-06-08,Client-061: M/s Poonam Enterprises,Cotton Herringbone (Label-203),522,40.62
INV-2245,2023-09-18,Client-010: M/s Pallavi Designs,Satin 2-Inch (Label-102),20,49.79
INV-1563,2023-05-28,Client-117: Smt. Narottam Emporium,Chanderi Block Print (Label-221),51,147.7
INV-0974,2025-04-03,Client-148: M/s Navin Fabrics,Silver Tissue (Label-312),135,180.86
INV-1711,2024-05-07,,Multicolor Taffeta (Label-308),146,82.49
INV-2600,2023-10-06,Client-106: Smt. Kamlesh Designs,Kutch Embroidery Border (Label-407),99,220.23
INV-1099,2025-02-18,Client-089: M/s Naresh Fashion House,Lace Trim Border (Label-217),249,63.86
INV-2741,2026-07-14,Client-056: M/s Shyamlal Textiles,Gota Patti (Label-204),443,86.05
INV-0887,2024-10-01,,Polyester Grosgrain (Label-408),1004,32.89
INV-2417,2023-12-28,Client-012: M/s Nayna Event Planners,Polyester Grosgrain (Label-408),135,29.97
INV-3086,2025-05-29,Client-141: Shri Brijesh Event Planners,Nylon Woven (Label-501),70,30.74
INV-3363,2024-02-28,Client-129: M/s Padma Industries,Raw Silk Ribbon (Label-115),1100,118.65
INV-0738,2023-12-16,,Patola Woven Border (Label-330),219,242.84
INV-1454,2024-08-19,Client-097: M/s Deepika Designs,Banarasi Zari Border (Label-302),1061,158.95
INV-2973,2024-10-04,Client-013: M/s Gopal Exports,Velvet Roll (Label-405),116,110.98
INV-3526,2024-09-16,Client-115: M/s Vijay Fashion House,Satin 2-Inch (Label-102),95,53.83
INV-2127,2023-09-20,Client-139: M/s Gopal Fashion House,Lace Trim Border (Label-217),189,70.94
INV-0907,2025-02-15,Client-016: M/s Padma Garments,Satin 1-Inch (Label-101),340,33.02
INV-2400,2023-07-17,Client-049: Shri Ketan Industries,Gota Patti (Label-204),567,76.78
INV-2933,2023-07-14,Client-140: M/s Brijesh Weavers,Satin 1-Inch (Label-101),56,33.15
INV-0948,2023-09-03,Client-034: M/s Mansukhbhai Event Planners,Chiffon Pleated (Label-119),46,77.35
INV-2499,2025-03-28,Client-120: M/s Usha Enterprises,Lace Trim Border (Label-217),20,69.97
INV-2893,2023-12-07,Client-016: M/s Padma Garments,Multicolor Taffeta (Label-308),47,91.85
INV-0716,2024-06-15,Client-068: M/s Madhuri Fabrics,Nylon Woven (Label-501),316,26.71
INV-2650,2025-12-28,Client-029: M/s Hitesh Boutique,Silver Tissue (Label-312),415,194.19
INV-0687,2023-11-28,Client-131: M/s Geeta Fabrics,Chiffon Pleated (Label-119),57,79.29
INV-3411,2023-09-13,Client-085: M/s Nayna Industries,Nylon Woven (Label-501),22,26.41
INV-2942,2026-05-04,Client-022: Shri Champa Traders,Jacquard Brocade (Label-315),7,175.38
INV-3966,2023-11-27,Client-119: M/s Bhikhabhai Emporium,Gold Zardozi (Label-501),141,290.98
INV-0886,2026-05-02,Client-086: M/s Neha Fashion House,Multicolor Taffeta (Label-308),198,94.85
INV-0918,2023-06-23,Client-107: M/s Ramniklal Event Planners,Multicolor Taffeta (Label-308),140,94.93
INV-2463,2024-07-06,Client-032: Shri Lakshmi Event Planners,Velvet Roll (Label-405),83,113.91
INV-3660,2024-12-11,Client-135: M/s Anjali Emporium,Raw Silk Ribbon (Label-115),90,115.98
INV-1266,2026-07-21,Client-005: M/s Nayna Garments,Cotton Herringbone (Label-203),93,42.45
INV-0484,2026-06-06,Client-145: M/s Rahul Decorators,Velvet Roll (Label-405),464,130.48
INV-2991,2025-05-26,Client-123: M/s Alka Collections,Patola Woven Border (Label-330),22,248.7
INV-3455,2023-08-03,Client-056: M/s Shyamlal Textiles,Chanderi Block Print (Label-221),151,122.3
INV-0278,2024-11-17,Client-140: M/s Brijesh Weavers,Gold Zardozi (Label-501),91,279.66
INV-0989,2024-10-29,Client-084: M/s Kantilal Embroidery Works,Nylon Woven (Label-501),39,29.56
INV-2085,2023-06-01,Client-106: Smt. Kamlesh Designs,Organza Sheer (Label-210),242,59.11
INV-1246,2023-04-10,Client-079: M/s Savita Weavers,Polyester Grosgrain (Label-408),94,30.18
INV-0572,2023-08-22,Client-117: Smt. Narottam Emporium,Cotton Herringbone (Label-203),127,44.82
INV-1436,2023-06-16,Client-122: M/s Bhikhabhai Enterprises,Patola Woven Border (Label-330),61,267.86
INV-0994,2023-05-03,Client-029: M/s Hitesh Boutique,Multicolor Taffeta (Label-308),52,87.27
INV-3296,2025-04-16,Client-018: Smt. Foram Fabrics,Velvet Roll (Label-405),37,124.09
INV-2261,2023-10-23,Client-045: M/s Akash Saree Centre,Chiffon Pleated (Label-119),494,82.49
INV-0586,2026-05-22,Client-078: M/s Prital Exports,Gold Zardozi (Label-501),69,283.49
INV-1350,2023-11-11,Client-085: M/s Nayna Industries,Kutch Embroidery Border (Label-407),75,235.97
INV-1008,2023-06-15,Client-086: M/s Neha Fashion House,Banarasi Zari Border (Label-302),92,145.43
INV-0675,2023-07-17,Client-010: M/s Pallavi Designs,Silver Tissue (Label-312),86,195.13
INV-0448,2025-11-30,Client-096: M/s Kiran Emporium,Multicolor Taffeta (Label-308),84,96.35
INV-3889,2025-08-21,Client-122: M/s Bhikhabhai Enterprises,Satin 2-Inch (Label-102),367,54.52
INV-2995,2025-11-23,Client-124: M/s Bhavesh Exports,Satin 2-Inch (Label-102),12,54.92
INV-2065,2025-10-05,Client-085: M/s Nayna Industries,Gold Zardozi (Label-501),237,279.06
INV-3161,2025-05-05,Client-101: Smt. Manju Garments,Multicolor Taffeta (Label-308),62,95.99
INV-2501,2024-08-28,Client-090: Shri Prital Handloom,Multicolor Taffeta (Label-308),261,95.21
INV-1691,2025-12-28,Client-011: M/s Kavya Industries,Metallic Zari (Label-306),437,164.63
INV-3298,2025-09-06,Client-089: M/s Naresh Fashion House,Metallic Zari (Label-306),9,151.97
INV-1248,2025-05-05,Client-080: Shri Nayna Weavers,Kutch Embroidery Border (Label-407),286,227.81
INV-1986,2024-01-03,Client-133: Smt. Manisha Designs,Velvet Roll (Label-405),30,119.16
INV-0295,2026-03-30,Client-109: M/s Padma Silk House,Lace Trim Border (Label-217),70,67.61
INV-1548,2023-01-08,Client-056: M/s Shyamlal Textiles,Kutch Embroidery Border (Label-407),832,239.05
INV-2013,2025-03-09,Client-009: M/s Narottam Weavers,Patola Woven Border (Label-330),35,267.61
INV-0589,2023-07-19,Client-057: M/s Drashti Emporium,Gota Patti (Label-204),119,82.3
INV-2130,2026-06-13,Client-058: Smt. Deepika Fashion House,Cotton Herringbone (Label-203),82,39.35
INV-3062,2026-02-07,Client-076: Smt. Ashok Designs,Lace Trim Border (Label-217),312,64.82
INV-0426,2025-04-30,Client-103: Shri Vijay Fashion House,Satin 1-Inch (Label-101),370,35.98
INV-1055,2024-12-30,Client-075: Smt. Seema Exports,Gold Zardozi (Label-501),20,287.78
INV-3321,2025-02-10,Client-067: M/s Bhavik Traders,Kutch Embroidery Border (Label-407),259,247.44
INV-0557,2023-02-14,Client-044: Shri Meena Silk House,Velvet Roll (Label-405),179,116.8
INV-3533,2025-04-08,Client-074: M/s Amrut Fashion House,Raw Silk Ribbon (Label-115),475,116.65
INV-2576,2026-07-29,Client-018: Smt. Foram Fabrics,Nylon Woven (Label-501),96,29.87
INV-3542,2025-12-16,Client-071: M/s Kavya Fabrics,Embroidered Mirror Work (Label-422),29,196.87
INV-3539,2025-12-19,Client-052: Smt. Anita Saree Centre,Chiffon Pleated (Label-119),48,76.62
INV-2697,2023-03-13,Client-022: Shri Champa Traders,Raw Silk Ribbon (Label-115),24,115.75
INV-1194,2025-06-11,Client-138: Smt. Natubhai Weavers,Silk Printed (Label-112),36,87.14
INV-1717,2023-08-16,Client-014: Shri Usha Fabrics,Banarasi Zari Border (Label-302),51,147.18
INV-3157,2026-04-07,Client-136: M/s Anjali Decorators,Silk Printed (Label-112),154,87.77
INV-3605,2023-12-01,Client-052: Smt. Anita Saree Centre,Velvet Roll (Label-405),86,122.27
INV-3923,2023-06-13,Client-135: M/s Anjali Emporium,Chanderi Block Print (Label-221),37,137.04
INV-2458,2024-02-24,Client-146: M/s Yash Fashion House,Banarasi Zari Border (Label-302),68,130.79
INV-1286,2025-03-22,Client-072: M/s Arun Fashion House,Kutch Embroidery Border (Label-407),16,230.01
INV-3464,2026-03-24,Client-150: M/s Kantilal Event Planners,Satin 1-Inch (Label-101),982,31.57
INV-2581,2026-04-29,Client-127: M/s Nayna Boutique,Silver Tissue (Label-312),62,214.35
INV-3189,2023-11-19,Client-030: M/s Shardaben Fashion House,Polyester Grosgrain (Label-408),248,33.77
INV-2088,2024-10-04,Client-093: Shri Niraj Boutique,Multicolor Taffeta (Label-308),62,92.35
INV-1890,2023-12-08,Client-029: M/s Hitesh Boutique,Raw Silk Ribbon (Label-115),66,112.44
INV-1592,2023-01-28,Client-040: M/s Drashti Fashion House,Banarasi Zari Border (Label-302),4,156.05
INV-3525,2024-07-06,Client-037: M/s Vinod Fashion House,Patola Woven Border (Label-330),81,261.52
INV-2163,2024-05-30,Client-085: M/s Nayna Industries,Embroidered Mirror Work (Label-422),212,217.01
INV-3188,2024-08-08,Client-068: M/s Madhuri Fabrics,Chanderi Block Print (Label-221),65,136.2
INV-2272,2023-11-16,Client-148: M/s Navin Fabrics,Silk Printed (Label-112),28,88.36
INV-3217,2023-07-24,Client-142: M/s Vandana Boutique,Nylon Woven (Label-501),80,30.2
INV-1138,2024-01-12,Client-035: M/s Chandrakant Silk House,Gota Patti (Label-204),114,83.31
INV-3336,2024-01-04,Client-097: M/s Deepika Designs,Satin 1-Inch (Label-101),69,33.85
INV-3761,2024-02-10,Client-069: Smt. Mohan Designs,Satin 1-Inch (Label-101),323,36.07
INV-3781,2024-11-05,Client-012: M/s Nayna Event Planners,Chiffon Pleated (Label-119),79,74.56
INV-1712,2025-12-23,Client-068: M/s Madhuri Fabrics,Velvet Roll (Label-405),87,130.25
INV-3619,2024-02-10,Client-059: M/s Sita Fabrics,Banarasi Zari Border (Label-302),377,143.47
INV-0454,2023-09-03,Client-078: M/s Prital Exports,Raw Silk Ribbon (Label-115),201,99.89
INV-0914,2025-03-18,Client-098: M/s Bhavna Garments,Chiffon Pleated (Label-119),73,73.22
INV-2670,2024-07-05,Client-083: M/s Vandana Exports,Lace Trim Border (Label-217),50,67.1
INV-1200,2025-09-26,Client-016: M/s Padma Garments,Gold Zardozi (Label-501),111,253.07
INV-1275,2025-10-30,Client-082: M/s Dhaval Event Planners,Patola Woven Border (Label-330),21,272.27
INV-0038,2024-02-11,Client-063: Smt. Padma Saree Centre,Velvet Roll (Label-405),8,124.73
INV-0975,2024-03-12,Client-045: M/s Akash Saree Centre,Metallic Zari (Label-306),155,146.02
INV-0984,2026-07-06,Client-071: M/s Kavya Fabrics,Banarasi Zari Border (Label-302),39,136.12
INV-2663,2023-08-24,Client-130: M/s Jignesh Creations,Chanderi Block Print (Label-221),99,129.33
INV-1419,2024-12-06,Client-069: Smt. Mohan Designs,Silk Printed (Label-112),1008,103.17
INV-1561,2023-12-27,Client-126: M/s Mukesh Garments,Jacquard Brocade (Label-315),132,180.16
INV-0040,2025-01-28,Client-088: M/s Pooja Creations,Gota Patti (Label-204),114,90.94
INV-1487,2023-12-02,Client-040: M/s Drashti Fashion House,Metallic Zari (Label-306),201,175.76
INV-2543,2025-08-27,Client-094: M/s Dilip Weavers,Jacquard Brocade (Label-315),400,171.18
INV-0170,2026-04-03,Client-011: M/s Kavya Industries,Multicolor Taffeta (Label-308),876,95.2
INV-1356,2023-04-28,Client-003: M/s Vinod Traders,Jacquard Brocade (Label-315),538,168.94
INV-2388,2026-01-15,Client-111: Shri Rekha Textiles,Satin 1-Inch (Label-101),17,35.72
INV-3594,2024-07-20,Client-023: M/s Navin Embroidery Works,Velvet Roll (Label-405),84,110.43
INV-2615,2025-09-10,Client-035: M/s Chandrakant Silk House,Gota Patti (Label-204),2090,89.78
INV-2754,2026-05-11,Client-042: M/s Pooja Traders,Banarasi Zari Border (Label-302),163,151.22
INV-1641,2024-09-10,Client-129: M/s Padma Industries,Velvet Roll (Label-405),63,124.78
INV-1291,2023-04-17,Client-083: M/s Vandana Exports,Embroidered Mirror Work (Label-422),333,224.46
INV-1381,2025-05-01,Client-084: M/s Kantilal Embroidery Works,Metallic Zari (Label-306),4,161.99
INV-1934,2023-06-10,Client-055: M/s Balaji Collections,Jacquard Brocade (Label-315),207,190.59
INV-0580,2025-02-27,Client-143: M/s Prakash Silk House,Raw Silk Ribbon (Label-115),9,100.2
INV-2031,2024-02-14,Client-076: Smt. Ashok Designs,Satin 1-Inch (Label-101),87,37.76
INV-0893,2023-04-14,Client-014: Shri Usha Fabrics,Satin 1-Inch (Label-101),775,34.49
INV-0781,2026-06-17,Client-011: M/s Kavya Industries,Satin 1-Inch (Label-101),86,37.34
INV-0160,2025-01-11,Client-028: Shri Tarun Industries,Nylon Woven (Label-501),158,27.64
INV-0003,2026-05-26,Client-030: M/s Shardaben Fashion House,Chiffon Pleated (Label-119),195,80.99
INV-3214,2025-03-24,Client-013: M/s Gopal Exports,Silver Tissue (Label-312),10,213.57
INV-3291,2025-01-20,Client-042: M/s Pooja Traders,Jacquard Brocade (Label-315),12,186.03
INV-0850,2026-02-01,Client-044: Shri Meena Silk House,Metallic Zari (Label-306),86,162.1
INV-2402,2025-05-14,Client-104: M/s Nirmala Designs,Gota Patti (Label-204),11,88.36
INV-1597,2026-02-19,Client-020: M/s Jagdish Fabrics,Multicolor Taffeta (Label-308),167,87.6
INV-1777,2025-02-25,Client-108: M/s Shyam Event Planners,Satin 1-Inch (Label-101),290,31.93
INV-1914,2023-09-18,Client-042: M/s Pooja Traders,Gold Zardozi (Label-501),286,293.9
INV-1044,2026-04-24,Client-023: M/s Navin Embroidery Works,Gota Patti (Label-204),151,83.46
INV-1545,2024-08-16,Client-145: M/s Rahul Decorators,Banarasi Zari Border (Label-302),553,153.54
INV-3718,2025-02-05,Client-065: Shri Arvind Emporium,Organza Sheer (Label-210),109,51.19
INV-0054,2024-02-02,Client-093: Shri Niraj Boutique,Jacquard Brocade (Label-315),187,168.08
INV-3853,2025-12-13,Client-086: M/s Neha Fashion House,Satin 2-Inch (Label-102),430,46.53
INV-1912,2025-09-27,Client-081: M/s Mahesh Traders,Chanderi Block Print (Label-221),11,127.86
INV-2823,2023-11-30,Client-085: M/s Nayna Industries,Silver Tissue (Label-312),257,207.05
INV-2674,2025-12-12,Client-017: M/s Rahul Creations,Banarasi Zari Border (Label-302),130,138.27
INV-3490,2024-12-19,Client-061: M/s Poonam Enterprises,Metallic Zari (Label-306),19,161.2
INV-0825,2024-10-01,Client-085: M/s Nayna Industries,Multicolor Taffeta (Label-308),30,88.74
INV-3574,2023-12-26,Client-033: M/s Vivek Fabrics,Kutch Embroidery Border (Label-407),6,240.81
INV-1390,2023-01-28,Client-032: Shri Lakshmi Event Planners,Polyester Grosgrain (Label-408),28,30.31
INV-3270,2024-05-25,Client-003: M/s Vinod Traders,Kutch Embroidery Border (Label-407),223,227.49
INV-3115,2023-04-01,Client-062: M/s Deepak Creations,Satin 2-Inch (Label-102),92,50.01
INV-1608,2023-06-11,Client-024: M/s Chirag Industries,Nylon Woven (Label-501),364,30.15
INV-1595,2025-05-17,Client-070: M/s Yash Designs,Satin 1-Inch (Label-101),64,35.15
INV-0772,2025-11-02,Client-048: M/s Bhavesh Traders,Gota Patti (Label-204),112,87.04
INV-2274,2026-06-08,Client-010: M/s Pallavi Designs,Patola Woven Border (Label-330),205,229.85
INV-1869,2023-08-13,Client-031: M/s Paresh Garments,Multicolor Taffeta (Label-308),22,94.84
INV-1086,2023-09-08,Client-128: M/s Balaji Event Planners,Nylon Woven (Label-501),19,28.72
INV-2712,2025-06-10,Client-012: M/s Nayna Event Planners,Gold Zardozi (Label-501),180,290.85
INV-1326,2025-02-05,Client-110: M/s Anita Embroidery Works,Chanderi Block Print (Label-221),171,128.1
INV-1464,2023-07-16,Client-122: M/s Bhikhabhai Enterprises,Jacquard Brocade (Label-315),66,190.58
INV-0807,2025-01-18,Client-083: M/s Vandana Exports,Lace Trim Border (Label-217),115,66.22
INV-2452,2023-05-28,Client-097: M/s Deepika Designs,Silver Tissue (Label-312),-38,213.87
INV-2476,2025-01-20,Client-067: M/s Bhavik Traders,Satin 2-Inch (Label-102),734,46.58
INV-2109,2026-03-30,Client-032: Shri Lakshmi Event Planners,Jacquard Brocade (Label-315),42,183.98
INV-2827,2025-05-14,Client-082: M/s Dhaval Event Planners,Raw Silk Ribbon (Label-115),50,105.34
INV-3929,2023-07-25,Client-042: M/s Pooja Traders,Gota Patti (Label-204),69,86.76
INV-2235,2024-11-08,Client-100: Smt. Kavita Saree Centre,Nylon Woven (Label-501),784,27.28
INV-0964,2025-01-05,Client-113: Smt. Kantilal Exports,Silk Printed (Label-112),14,88.16
INV-0399,2024-05-21,Client-101: Smt. Manju Garments,Satin 2-Inch (Label-102),18,46.42
INV-3747,2023-10-28,Client-029: M/s Hitesh Boutique,Silk Printed (Label-112),1776,104.18
INV-0705,2024-05-23,Client-103: Shri Vijay Fashion House,Patola Woven Border (Label-330),58,262.44
INV-0432,2025-12-07,Client-067: M/s Bhavik Traders,Jacquard Brocade (Label-315),195,170.52
INV-0293,2025-11-17,Client-145: M/s Rahul Decorators,Banarasi Zari Border (Label-302),126,146.71
INV-3776,2025-05-20,Client-063: Smt. Padma Saree Centre,Silk Printed (Label-112),303,86.01
INV-0146,2024-07-01,,Cotton Herringbone (Label-203),112,43.7
INV-2721,2023-01-11,Client-115: M/s Vijay Fashion House,Silk Printed (Label-112),203,92.01
INV-2034,2023-05-24,,Banarasi Zari Border (Label-302),36,150.28
INV-3798,2026-05-28,Client-070: M/s Yash Designs,Nylon Woven (Label-501),51,28.34
INV-1166,2026-04-10,Client-002: M/s Chandrika Fashion House,Gold Zardozi (Label-501),24,294.94
INV-2051,2023-05-13,Client-080: Shri Nayna Weavers,Silk Printed (Label-112),65,89.76
INV-3512,2023-12-14,Client-039: Shri Jignesh Designs,Banarasi Zari Border (Label-302),22,131.42
INV-0340,2023-10-14,Client-021: M/s Yash Emporium,Gold Zardozi (Label-501),39,293.75
INV-2415,2023-11-30,Client-085: M/s Nayna Industries,Embroidered Mirror Work (Label-422),28,193.61
INV-0266,2024-07-14,Client-147: M/s Jagdish Silk House,Patola Woven Border (Label-330),83,252.16
INV-3104,2026-02-01,Client-091: M/s Bharat Silk House,Kutch Embroidery Border (Label-407),46,238.01
INV-1772,2025-09-17,Client-121: M/s Harish Traders,Raw Silk Ribbon (Label-115),73,113.5
INV-0272,2023-07-25,Client-036: M/s Rahul Enterprises,Gota Patti (Label-204),16,92.9
INV-0697,2026-04-08,Client-071: M/s Kavya Fabrics,Nylon Woven (Label-501),47,28.6
INV-3964,2023-12-01,Client-050: Smt. Balaji Boutique,Kutch Embroidery Border (Label-407),211,251.72
INV-0245,2024-03-16,Client-013: M/s Gopal Exports,Banarasi Zari Border (Label-302),78,138.66
INV-3753,2023-04-03,Client-110: M/s Anita Embroidery Works,Satin 1-Inch (Label-101),388,34.81
INV-0477,2024-10-24,Client-038: M/s Natubhai Creations,Kutch Embroidery Border (Label-407),223,239.42
INV-2033,2025-10-21,Client-085: M/s Nayna Industries,Jacquard Brocade (Label-315),74,166.07
INV-3392,2026-02-06,Client-016: M/s Padma Garments,Gota Patti (Label-204),67,90.78
INV-3075,2023-05-26,Client-081: M/s Mahesh Traders,Patola Woven Border (Label-330),48,225.74
INV-0814,2025-12-14,Client-044: Shri Meena Silk House,Banarasi Zari Border (Label-302),93,138.74
INV-1915,2025-06-15,Client-030: M/s Shardaben Fashion House,Banarasi Zari Border (Label-302),625,156.18
INV-3367,2023-11-14,Client-041: M/s Varsha Handloom,Silk Printed (Label-112),84,102.6
INV-3935,2023-10-16,Client-062: M/s Deepak Creations,Patola Woven Border (Label-330),297,234.12
INV-1805,2023-09-08,Client-020: M/s Jagdish Fabrics,Cotton Herringbone (Label-203),113,45.68
INV-2873,2023-07-10,Client-030: M/s Shardaben Fashion House,Organza Sheer (Label-210),57,53.88
INV-0251,2025-10-21,Client-010: M/s Pallavi Designs,Organza Sheer (Label-210),41,57.35
INV-0546,2024-02-15,Client-146: M/s Yash Fashion House,Multicolor Taffeta (Label-308),95,81.72
INV-0739,2025-09-02,Client-139: M/s Gopal Fashion House,Cotton Herringbone (Label-203),110,42.41
INV-0311,2023-10-23,Client-015: M/s Savita Decorators,Silver Tissue (Label-312),417,191.59
INV-1132,2025-06-25,Client-101: Smt. Manju Garments,Cotton Herringbone (Label-203),255,40.33
INV-1450,2023-09-16,Client-057: M/s Drashti Emporium,Velvet Roll (Label-405),58,117.49
INV-3873,2024-09-30,Client-071: M/s Kavya Fabrics,Gota Patti (Label-204),238,93.41
INV-0016,2025-11-26,Client-143: M/s Prakash Silk House,Nylon Woven (Label-501),45,30.34
INV-3502,2023-02-10,Client-127: M/s Nayna Boutique,Kutch Embroidery Border (Label-407),50,245.59
INV-2790,2023-03-15,Client-113: Smt. Kantilal Exports,Satin 1-Inch (Label-101),22,34.0
INV-3205,2023-09-10,Client-056: M/s Shyamlal Textiles,Chiffon Pleated (Label-119),20,75.44
INV-0364,2025-05-06,Client-093: Shri Niraj Boutique,Silver Tissue (Label-312),63,198.66
INV-0183,2023-11-29,Client-043: Smt. Manju Weavers,Multicolor Taffeta (Label-308),190,79.97
INV-1195,2023-10-31,Client-006: M/s Naresh Exports,Velvet Roll (Label-405),64,111.99
INV-2471,2025-02-12,Client-104: M/s Nirmala Designs,Silk Printed (Label-112),57,89.64
INV-1122,2024-10-04,Client-017: M/s Rahul Creations,Embroidered Mirror Work (Label-422),1103,226.66
INV-3875,2025-02-22,Client-042: M/s Pooja Traders,Banarasi Zari Border (Label-302),149,137.42
INV-1183,2025-11-17,Client-109: M/s Padma Silk House,Embroidered Mirror Work (Label-422),12,192.97
INV-3656,2025-04-01,Client-036: M/s Rahul Enterprises,Lace Trim Border (Label-217),68,66.35
INV-0615,2023-11-26,Client-066: Smt. Krunal Embroidery Works,Gota Patti (Label-204),255,82.12
INV-1467,2023-12-20,Client-097: M/s Deepika Designs,Patola Woven Border (Label-330),217,257.93
INV-0402,2026-04-06,,Satin 1-Inch (Label-101),51,36.62
INV-0935,2023-10-25,Client-040: M/s Drashti Fashion House,Satin 2-Inch (Label-102),112,52.53
INV-2420,2026-02-26,,Satin 2-Inch (Label-102),36,48.67
INV-2630,2024-03-15,Client-025: M/s Ruchita Exports,Banarasi Zari Border (Label-302),83,137.94
INV-2781,2024-11-17,Client-115: M/s Vijay Fashion House,Velvet Roll (Label-405),581,124.48
INV-0727,2024-08-05,Client-131: M/s Geeta Fabrics,Satin 2-Inch (Label-102),46,52.75
INV-0827,2025-12-08,Client-111: Shri Rekha Textiles,Organza Sheer (Label-210),53,56.72
INV-1522,2025-03-07,Client-028: Shri Tarun Industries,Gota Patti (Label-204),112,78.64
INV-0137,2024-03-16,Client-059: M/s Sita Fabrics,Embroidered Mirror Work (Label-422),29,203.24
INV-0629,2025-06-10,Client-019: M/s Sunil Collections,Patola Woven Border (Label-330),102,232.69
INV-0335,2024-11-09,Client-025: M/s Ruchita Exports,Gold Zardozi (Label-501),190,303.47
INV-0391,2025-06-22,Client-109: M/s Padma Silk House,Velvet Roll (Label-405),36,125.66
INV-3391,2023-03-06,Client-036: M/s Rahul Enterprises,Multicolor Taffeta (Label-308),210,79.89
INV-1818,2025-06-07,Client-015: M/s Savita Decorators,Velvet Roll (Label-405),62,121.28
INV-3593,2023-12-02,Client-148: M/s Navin Fabrics,Jacquard Brocade (Label-315),33,158.1
INV-0711,2024-10-07,Client-148: M/s Navin Fabrics,Cotton Herringbone (Label-203),133,41.92
INV-1040,2025-07-01,Client-023: M/s Navin Embroidery Works,Silk Printed (Label-112),45,99.33
INV-2606,2023-01-29,Client-088: M/s Pooja Creations,Silk Printed (Label-112),27,93.99
INV-3449,2025-11-30,Client-133: Smt. Manisha Designs,Velvet Roll (Label-405),1374,128.22
INV-1562,2023-11-30,Client-101: Smt. Manju Garments,Patola Woven Border (Label-330),75,255.39
INV-3669,2023-08-07,Client-015: M/s Savita Decorators,Polyester Grosgrain (Label-408),72,29.81
INV-3345,2023-10-01,Client-001: M/s Geeta Textiles,Banarasi Zari Border (Label-302),672,153.54
INV-1113,2025-08-15,Client-137: M/s Vandana Traders,Raw Silk Ribbon (Label-115),95,117.76
INV-1224,2026-03-22,Client-134: M/s Rakesh Weavers,Polyester Grosgrain (Label-408),95,31.48
INV-2654,2024-06-15,Client-141: Shri Brijesh Event Planners,Organza Sheer (Label-210),89,58.61
INV-2422,2023-03-10,Client-143: M/s Prakash Silk House,Embroidered Mirror Work (Label-422),29,191.81
INV-1509,2024-08-17,Client-076: Smt. Ashok Designs,Cotton Herringbone (Label-203),57,39.59
INV-1751,2024-09-11,Client-149: Shri Alpesh Saree Centre,Gold Zardozi (Label-501),166,272.89
INV-3577,2024-10-27,Client-067: M/s Bhavik Traders,Polyester Grosgrain (Label-408),28,31.24
INV-0339,2026-03-06,Client-100: Smt. Kavita Saree Centre,Patola Woven Border (Label-330),98,269.83
INV-0216,2023-09-16,Client-094: M/s Dilip Weavers,Lace Trim Border (Label-217),282,63.48
INV-1342,2024-07-31,Client-104: M/s Nirmala Designs,Chiffon Pleated (Label-119),71,79.83
INV-3339,2023-03-31,Client-137: M/s Vandana Traders,Nylon Woven (Label-501),493,29.14
INV-3739,2026-06-12,Client-022: Shri Champa Traders,Kutch Embroidery Border (Label-407),376,217.1
INV-2575,2025-06-04,Client-132: M/s Shanta Creations,Chiffon Pleated (Label-119),20,70.69
INV-3385,2026-03-15,Client-071: M/s Kavya Fabrics,Satin 1-Inch (Label-101),482,38.18
INV-2687,2025-04-22,Client-075: Smt. Seema Exports,Gold Zardozi (Label-501),57,284.24
INV-2323,2026-01-30,Client-049: Shri Ketan Industries,Satin 2-Inch (Label-102),43,51.07
INV-0102,2023-11-20,Client-089: M/s Naresh Fashion House,Kutch Embroidery Border (Label-407),16,220.76
INV-2845,2025-02-15,Client-147: M/s Jagdish Silk House,Banarasi Zari Border (Label-302),2279,139.94
INV-0172,2023-07-31,Client-088: M/s Pooja Creations,Satin 1-Inch (Label-101),36,35.03
INV-0108,2023-10-08,Client-011: M/s Kavya Industries,Polyester Grosgrain (Label-408),146,33.85
INV-2788,2024-09-02,Client-087: M/s Mayur Creations,Raw Silk Ribbon (Label-115),63,110.27
INV-3981,2025-04-29,Client-034: M/s Mansukhbhai Event Planners,Polyester Grosgrain (Label-408),14,33.17
INV-2917,2023-02-21,Client-030: M/s Shardaben Fashion House,Banarasi Zari Border (Label-302),7,143.46
INV-2657,2026-07-22,Client-083: M/s Vandana Exports,Multicolor Taffeta (Label-308),37,82.1
INV-2532,2024-09-26,Client-010: M/s Pallavi Designs,Kutch Embroidery Border (Label-407),64,210.79
INV-2699,2026-02-05,Client-135: M/s Anjali Emporium,Gota Patti (Label-204),110,76.68
INV-2664,2023-11-23,Client-038: M/s Natubhai Creations,Raw Silk Ribbon (Label-115),489,113.7
INV-2986,2023-03-01,Client-063: Smt. Padma Saree Centre,Lace Trim Border (Label-217),297,61.86
INV-3099,2023-10-04,Client-081: M/s Mahesh Traders,Kutch Embroidery Border (Label-407),38,223.44
INV-3424,2023-04-17,Client-013: M/s Gopal Exports,Lace Trim Border (Label-217),787,62.51
INV-1041,2025-05-01,Client-074: M/s Amrut Fashion House,Jacquard Brocade (Label-315),87,185.7
INV-3832,2025-03-26,Client-117: Smt. Narottam Emporium,Kutch Embroidery Border (Label-407),199,233.84
INV-2121,2024-06-27,Client-008: M/s Natubhai Exports,Gota Patti (Label-204),48,82.14
INV-1525,2025-05-28,Client-040: M/s Drashti Fashion House,Gold Zardozi (Label-501),1068,262.46
INV-3404,2025-04-28,Client-009: M/s Narottam Weavers,Gota Patti (Label-204),98,78.42
INV-2249,2023-03-31,Client-040: M/s Drashti Fashion House,Metallic Zari (Label-306),51,171.5
INV-0482,2025-02-13,Client-076: Smt. Ashok Designs,Organza Sheer (Label-210),-6,51.45
INV-2824,2025-05-26,Client-084: M/s Kantilal Embroidery Works,Kutch Embroidery Border (Label-407),41,230.3
INV-3264,2024-06-11,Client-079: M/s Savita Weavers,Raw Silk Ribbon (Label-115),763,101.67
INV-1763,2024-05-07,Client-140: M/s Brijesh Weavers,Silk Printed (Label-112),87,94.55
INV-3246,2024-09-24,Client-024: M/s Chirag Industries,Chanderi Block Print (Label-221),9,142.29
INV-3376,2023-02-04,Client-039: Shri Jignesh Designs,Chiffon Pleated (Label-119),159,73.15
INV-2936,2026-07-05,Client-075: Smt. Seema Exports,Patola Woven Border (Label-330),6,250.41
INV-2938,2023-09-04,Client-092: M/s Pushpa Silk House,Gold Zardozi (Label-501),116,280.74
INV-0406,2026-07-06,Client-118: M/s Pravin Textiles,Gota Patti (Label-204),397,78.61
INV-0758,2025-08-01,Client-025: M/s Ruchita Exports,Gold Zardozi (Label-501),92,289.3
INV-2601,2023-09-13,Client-066: Smt. Krunal Embroidery Works,Chanderi Block Print (Label-221),-43,137.84
INV-0098,2024-08-23,Client-111: Shri Rekha Textiles,Organza Sheer (Label-210),128,52.19
INV-1334,2025-02-11,Client-096: M/s Kiran Emporium,Cotton Herringbone (Label-203),477,42.42
INV-3165,2024-02-07,Client-049: Shri Ketan Industries,Nylon Woven (Label-501),71,28.38
INV-3687,2025-07-18,Client-142: M/s Vandana Boutique,Chanderi Block Print (Label-221),42,129.7
INV-3527,2023-02-16,Client-047: M/s Harish Creations,Embroidered Mirror Work (Label-422),25,215.95
INV-2059,2024-09-12,Client-059: M/s Sita Fabrics,Nylon Woven (Label-501),2,28.48
INV-2792,2024-01-18,,Raw Silk Ribbon (Label-115),70,108.94
INV-0149,2025-05-09,Client-041: M/s Varsha Handloom,Lace Trim Border (Label-217),20,62.55
INV-0029,2025-03-17,Client-007: M/s Hasmukh Collections,Satin 1-Inch (Label-101),43,36.0
INV-2716,2024-10-18,Client-055: M/s Balaji Collections,Velvet Roll (Label-405),8,130.87
INV-3472,2023-05-04,Client-086: M/s Neha Fashion House,Silver Tissue (Label-312),43,188.05
INV-0693,2025-11-11,Client-060: Smt. Seema Fabrics,Raw Silk Ribbon (Label-115),414,102.73
INV-1387,2025-03-06,Client-035: M/s Chandrakant Silk House,Metallic Zari (Label-306),88,149.61
INV-1846,2025-11-01,Client-093: Shri Niraj Boutique,Chanderi Block Print (Label-221),65,134.57
INV-3513,2024-04-29,Client-107: M/s Ramniklal Event Planners,Organza Sheer (Label-210),688,50.27
INV-1600,2024-11-18,,Polyester Grosgrain (Label-408),233,29.84
INV-0702,2025-08-01,Client-008: M/s Natubhai Exports,Satin 2-Inch (Label-102),57,46.16
INV-1709,2024-01-20,Client-109: M/s Padma Silk House,Jacquard Brocade (Label-315),298,181.52
INV-0455,2024-11-02,Client-064: Smt. Nayna Exports,Lace Trim Border (Label-217),139,63.65
INV-2041,2023-06-01,Client-126: M/s Mukesh Garments,Nylon Woven (Label-501),90,29.44
INV-3712,2025-05-21,Client-059: M/s Sita Fabrics,Gota Patti (Label-204),153,76.58
INV-2316,2024-10-03,Client-049: Shri Ketan Industries,Nylon Woven (Label-501),39,28.49
INV-0610,2024-08-12,Client-013: M/s Gopal Exports,Chiffon Pleated (Label-119),27,73.31
INV-0168,2023-06-01,Client-116: Shri Alka Industries,Banarasi Zari Border (Label-302),147,132.15
INV-0731,2024-07-01,Client-102: M/s Sita Industries,Cotton Herringbone (Label-203),103,45.26
INV-2857,2025-10-17,Client-030: M/s Shardaben Fashion House,Jacquard Brocade (Label-315),61,188.76
INV-3575,2025-05-24,Client-023: M/s Navin Embroidery Works,Organza Sheer (Label-210),164,49.82
INV-2639,2024-02-06,Client-051: M/s Brijesh Saree Centre,Organza Sheer (Label-210),379,52.74
INV-1623,2025-12-31,Client-120: M/s Usha Enterprises,Velvet Roll (Label-405),151,110.06
INV-0588,2024-11-10,Client-122: M/s Bhikhabhai Enterprises,Patola Woven Border (Label-330),6,243.16
INV-1402,2025-09-12,Client-093: Shri Niraj Boutique,Chiffon Pleated (Label-119),70,73.17
INV-1701,2025-12-04,Client-148: M/s Navin Fabrics,Satin 2-Inch (Label-102),67,51.61
INV-2898,2025-04-10,Client-145: M/s Rahul Decorators,Chanderi Block Print (Label-221),388,133.69
INV-3136,2025-06-07,Client-029: M/s Hitesh Boutique,Gold Zardozi (Label-501),388,276.45
INV-1380,2023-05-10,Client-025: M/s Ruchita Exports,Patola Woven Border (Label-330),45,233.39
INV-2090,2024-06-14,Client-006: M/s Naresh Exports,Organza Sheer (Label-210),33,50.81
INV-2176,2024-10-21,Client-090: Shri Prital Handloom,Jacquard Brocade (Label-315),95,187.07
INV-2911,2024-12-28,Client-110: M/s Anita Embroidery Works,Raw Silk Ribbon (Label-115),32,104.58
INV-3918,2025-05-16,Client-025: M/s Ruchita Exports,Metallic Zari (Label-306),23,157.54
INV-3228,2024-04-28,,Patola Woven Border (Label-330),167,240.76
INV-0442,2025-01-25,Client-145: M/s Rahul Decorators,Polyester Grosgrain (Label-408),212,33.53
INV-2052,2023-09-02,Client-092: M/s Pushpa Silk House,Satin 2-Inch (Label-102),8,49.59
INV-1302,2023-05-15,Client-015: M/s Savita Decorators,Silver Tissue (Label-312),105,177.54
INV-3374,2023-08-15,Client-108: M/s Shyam Event Planners,Kutch Embroidery Border (Label-407),122,246.25
INV-1305,2026-06-24,Client-087: M/s Mayur Creations,Chanderi Block Print (Label-221),283,146.81
INV-0237,2024-09-10,Client-104: M/s Nirmala Designs,Polyester Grosgrain (Label-408),41,31.7
INV-0521,2025-04-06,Client-135: M/s Anjali Emporium,Kutch Embroidery Border (Label-407),124,208.33
INV-0736,2023-08-01,Client-040: M/s Drashti Fashion House,Satin 1-Inch (Label-101),11,36.08
INV-3531,2023-03-17,Client-028: Shri Tarun Industries,Kutch Embroidery Border (Label-407),7,237.7
INV-2107,2024-03-03,Client-115: M/s Vijay Fashion House,Multicolor Taffeta (Label-308),100,86.23
INV-0593,2024-11-23,Client-107: M/s Ramniklal Event Planners,Banarasi Zari Border (Label-302),135,157.37
INV-1304,2026-07-01,,Chiffon Pleated (Label-119),210,74.46
INV-1388,2024-10-13,Client-124: M/s Bhavesh Exports,Satin 1-Inch (Label-101),180,33.85
INV-2584,2023-10-08,Client-098: M/s Bhavna Garments,Organza Sheer (Label-210),17,52.59
INV-3497,2024-04-21,Client-004: Smt. Narottam Fabrics,Raw Silk Ribbon (Label-115),22,119.09
INV-3714,2023-08-05,Client-059: M/s Sita Fabrics,Metallic Zari (Label-306),107,155.35
INV-0905,2026-05-05,Client-143: M/s Prakash Silk House,Velvet Roll (Label-405),58,127.73
INV-3379,2026-03-04,Client-042: M/s Pooja Traders,Metallic Zari (Label-306),24,154.44
INV-1280,2023-06-08,Client-114: M/s Padma Enterprises,Patola Woven Border (Label-330),84,231.17
INV-3181,2025-03-02,Client-129: M/s Padma Industries,Chiffon Pleated (Label-119),11,81.93
INV-3836,2025-06-07,,Velvet Roll (Label-405),35,113.93
INV-2309,2026-04-28,Client-106: Smt. Kamlesh Designs,Gold Zardozi (Label-501),24,287.87
INV-3163,2025-03-17,Client-016: M/s Padma Garments,Polyester Grosgrain (Label-408),143,32.52
INV-3267,2026-02-23,Client-058: Smt. Deepika Fashion House,Banarasi Zari Border (Label-302),37,147.71
INV-3156,2023-06-01,Client-097: M/s Deepika Designs,Raw Silk Ribbon (Label-115),178,99.9
INV-0707,2024-07-05,Client-049: Shri Ketan Industries,Satin 2-Inch (Label-102),24,52.37
INV-3515,2026-05-23,Client-016: M/s Padma Garments,Velvet Roll (Label-405),108,119.88
INV-0746,2026-01-27,Client-106: Smt. Kamlesh Designs,Silver Tissue (Label-312),27,192.55
INV-1940,2024-06-03,Client-004: Smt. Narottam Fabrics,Raw Silk Ribbon (Label-115),13,105.01
INV-2634,2023-12-09,Client-002: M/s Chandrika Fashion House,Satin 2-Inch (Label-102),96,53.17
INV-0514,2025-08-26,Client-071: M/s Kavya Fabrics,Chiffon Pleated (Label-119),176,69.66
INV-0082,2023-11-12,Client-075: Smt. Seema Exports,Gold Zardozi (Label-501),69,291.5
INV-1309,2023-05-04,Client-150: M/s Kantilal Event Planners,Embroidered Mirror Work (Label-422),165,210.55
INV-3306,2023-07-28,Client-122: M/s Bhikhabhai Enterprises,Chanderi Block Print (Label-221),38,138.67
INV-0915,2023-12-22,Client-049: Shri Ketan Industries,Silver Tissue (Label-312),107,190.5
INV-3674,2025-10-11,Client-016: M/s Padma Garments,Embroidered Mirror Work (Label-422),27,211.95
INV-3658,2023-03-03,Client-133: Smt. Manisha Designs,Gold Zardozi (Label-501),37,307.64
INV-0775,2025-04-19,Client-029: M/s Hitesh Boutique,Velvet Roll (Label-405),45,120.56
INV-0330,2024-01-03,Client-025: M/s Ruchita Exports,Gold Zardozi (Label-501),1108,260.34
INV-2055,2025-12-31,Client-138: Smt. Natubhai Weavers,Satin 1-Inch (Label-101),96,38.29
INV-2002,2024-11-22,Client-078: M/s Prital Exports,Embroidered Mirror Work (Label-422),75,205.83
INV-0944,2024-01-04,Client-003: M/s Vinod Traders,Patola Woven Border (Label-330),46,225.42
INV-0823,2024-11-30,Client-036: M/s Rahul Enterprises,Satin 1-Inch (Label-101),50,36.61
INV-0910,2024-10-10,Client-078: M/s Prital Exports,Embroidered Mirror Work (Label-422),323,219.15
INV-2517,2024-11-08,Client-084: M/s Kantilal Embroidery Works,Gold Zardozi (Label-501),708,260.71
INV-0182,2025-12-14,Client-087: M/s Mayur Creations,Raw Silk Ribbon (Label-115),2354,101.88
INV-0165,2025-08-08,Client-149: Shri Alpesh Saree Centre,Multicolor Taffeta (Label-308),361,91.19
INV-1524,2026-05-07,Client-112: M/s Indira Traders,Satin 2-Inch (Label-102),999,47.89
INV-0452,2026-04-12,Client-028: Shri Tarun Industries,Jacquard Brocade (Label-315),80,173.23
INV-2539,2025-08-02,Client-040: M/s Drashti Fashion House,Banarasi Zari Border (Label-302),43,132.8
INV-1312,2023-04-28,Client-144: M/s Pooja Fashion House,Banarasi Zari Border (Label-302),143,142.74
INV-1112,2025-11-23,Client-148: M/s Navin Fabrics,Satin 2-Inch (Label-102),215,47.13
INV-3769,2025-05-01,Client-107: M/s Ramniklal Event Planners,Multicolor Taffeta (Label-308),149,81.51
INV-1288,2023-05-14,Client-017: M/s Rahul Creations,Organza Sheer (Label-210),30,52.36
INV-0328,2025-04-22,,Gold Zardozi (Label-501),183,292.44
INV-1791,2023-08-16,Client-068: M/s Madhuri Fabrics,Chanderi Block Print (Label-221),644,122.31
INV-2491,2025-09-30,Client-102: M/s Sita Industries,Silver Tissue (Label-312),536,196.62
INV-3535,2025-08-07,Client-016: M/s Padma Garments,Gota Patti (Label-204),3,85.0
INV-2008,2025-04-28,Client-071: M/s Kavya Fabrics,Cotton Herringbone (Label-203),113,41.68
INV-1859,2026-04-19,Client-025: M/s Ruchita Exports,Nylon Woven (Label-501),24,26.87
INV-0313,2025-07-10,Client-024: M/s Chirag Industries,Silver Tissue (Label-312),173,203.76
INV-0833,2026-06-08,Client-060: Smt. Seema Fabrics,Nylon Woven (Label-501),261,29.05
INV-1202,2024-12-11,Client-112: M/s Indira Traders,Gota Patti (Label-204),270,79.24
INV-3065,2023-02-06,Client-013: M/s Gopal Exports,Satin 1-Inch (Label-101),52,35.92
INV-2608,2024-07-17,Client-052: Smt. Anita Saree Centre,Chanderi Block Print (Label-221),252,125.44
INV-2135,2023-11-28,Client-003: M/s Vinod Traders,Kutch Embroidery Border (Label-407),141,229.12
INV-2210,2024-06-11,,Raw Silk Ribbon (Label-115),1104,100.34
INV-3910,2025-03-08,Client-090: Shri Prital Handloom,Gold Zardozi (Label-501),243,263.84
INV-1482,2024-03-16,Client-142: M/s Vandana Boutique,Silk Printed (Label-112),177,96.74
INV-0778,2026-04-23,Client-094: M/s Dilip Weavers,Nylon Woven (Label-501),80,28.59
INV-0800,2026-01-10,Client-084: M/s Kantilal Embroidery Works,Gold Zardozi (Label-501),176,291.08
INV-0055,2023-09-17,Client-014: Shri Usha Fabrics,Silver Tissue (Label-312),310,186.89
INV-1921,2023-01-21,Client-046: M/s Bhikhabhai Textiles,Organza Sheer (Label-210),149,54.68
INV-3436,2024-11-01,Client-124: M/s Bhavesh Exports,Gold Zardozi (Label-501),45,254.8
INV-2955,2024-03-30,Client-103: Shri Vijay Fashion House,Silver Tissue (Label-312),406,202.67
INV-1702,2024-10-21,Client-124: M/s Bhavesh Exports,Nylon Woven (Label-501),57,25.71
INV-2162,2025-06-04,Client-027: M/s Rajendra Creations,Cotton Herringbone (Label-203),342,44.88
INV-3741,2023-07-11,Client-057: M/s Drashti Emporium,Chiffon Pleated (Label-119),23,80.28
INV-0988,2025-09-20,Client-019: M/s Sunil Collections,Nylon Woven (Label-501),104,29.24
INV-3133,2024-12-06,Client-058: Smt. Deepika Fashion House,Silver Tissue (Label-312),72,175.74
INV-3602,2023-06-18,Client-048: M/s Bhavesh Traders,Nylon Woven (Label-501),205,30.03
INV-1395,2024-04-14,Client-085: M/s Nayna Industries,Metallic Zari (Label-306),52,151.75
INV-0769,2026-01-16,Client-049: Shri Ketan Industries,Kutch Embroidery Border (Label-407),28,215.58
INV-3530,2024-07-07,Client-092: M/s Pushpa Silk House,Kutch Embroidery Border (Label-407),291,231.84
INV-0286,2024-09-28,Client-076: Smt. Ashok Designs,Lace Trim Border (Label-217),199,66.49
INV-3999,2025-12-22,Client-036: M/s Rahul Enterprises,Metallic Zari (Label-306),261,160.66
INV-0429,2023-05-16,Client-112: M/s Indira Traders,Nylon Woven (Label-501),739,25.52
INV-2333,2024-04-13,Client-061: M/s Poonam Enterprises,Nylon Woven (Label-501),196,27.94
INV-2080,2026-02-16,Client-052: Smt. Anita Saree Centre,Silk Printed (Label-112),345,97.23
INV-0723,2023-05-03,Client-066: Smt. Krunal Embroidery Works,Satin 2-Inch (Label-102),7,53.39
INV-0952,2023-05-08,Client-086: M/s Neha Fashion House,Banarasi Zari Border (Label-302),152,137.99
INV-3029,2023-12-20,Client-132: M/s Shanta Creations,Banarasi Zari Border (Label-302),127,151.14
INV-2263,2026-01-13,Client-103: Shri Vijay Fashion House,Organza Sheer (Label-210),9,58.74
INV-0990,2023-07-20,Client-106: Smt. Kamlesh Designs,Silk Printed (Label-112),246,92.64
INV-3720,2026-01-10,Client-047: M/s Harish Creations,Gota Patti (Label-204),58,81.64
INV-2688,2025-10-31,Client-006: M/s Naresh Exports,Nylon Woven (Label-501),16,29.29
INV-0327,2023-05-04,Client-124: M/s Bhavesh Exports,Patola Woven Border (Label-330),-15,249.39
INV-2609,2024-01-21,Client-063: Smt. Padma Saree Centre,Satin 2-Inch (Label-102),67,49.89
INV-1384,2025-07-28,Client-072: M/s Arun Fashion House,Chanderi Block Print (Label-221),144,138.35
INV-1725,2025-08-25,Client-005: M/s Nayna Garments,Kutch Embroidery Border (Label-407),104,238.28
INV-1087,2023-07-23,Client-018: Smt. Foram Fabrics,Satin 2-Inch (Label-102),362,51.78
INV-3197,2023-02-21,Client-106: Smt. Kamlesh Designs,Metallic Zari (Label-306),78,172.01
INV-0342,2026-05-04,Client-084: M/s Kantilal Embroidery Works,Gota Patti (Label-204),75,87.28
INV-0148,2023-10-18,Client-008: M/s Natubhai Exports,Satin 1-Inch (Label-101),230,36.72
INV-3096,2025-06-30,Client-014: Shri Usha Fabrics,Patola Woven Border (Label-330),378,260.13
INV-1108,2026-03-30,Client-087: M/s Mayur Creations,Cotton Herringbone (Label-203),65,38.37
INV-0849,2025-01-13,Client-099: M/s Sushila Garments,Gold Zardozi (Label-501),35,286.28
INV-0967,2023-03-29,Client-055: M/s Balaji Collections,Chanderi Block Print (Label-221),120,139.52
INV-3263,2024-09-03,Client-068: M/s Madhuri Fabrics,Polyester Grosgrain (Label-408),217,33.57
INV-2204,2023-11-27,Client-064: Smt. Nayna Exports,Raw Silk Ribbon (Label-115),157,116.02
INV-0662,2024-04-01,Client-091: M/s Bharat Silk House,Lace Trim Border (Label-217),207,64.83
INV-1003,2023-07-05,,Patola Woven Border (Label-330),89,240.24
INV-3848,2026-03-13,Client-110: M/s Anita Embroidery Works,Embroidered Mirror Work (Label-422),157,214.56
INV-3341,2023-06-06,Client-076: Smt. Ashok Designs,Gold Zardozi (Label-501),416,289.11
INV-3103,2025-10-05,Client-114: M/s Padma Enterprises,Silk Printed (Label-112),32,101.55
INV-3890,2024-07-24,Client-015: M/s Savita Decorators,Silver Tissue (Label-312),21,201.98
INV-1880,2026-07-30,Client-136: M/s Anjali Decorators,Patola Woven Border (Label-330),31,272.72
INV-3757,2024-07-01,Client-128: M/s Balaji Event Planners,Jacquard Brocade (Label-315),45,165.17
INV-1204,2024-11-25,Client-120: M/s Usha Enterprises,Organza Sheer (Label-210),27,59.21
INV-1991,2024-11-17,Client-094: M/s Dilip Weavers,Velvet Roll (Label-405),3886,126.85
INV-0025,2025-02-18,Client-091: M/s Bharat Silk House,Polyester Grosgrain (Label-408),46,33.62
INV-3748,2025-04-20,Client-067: M/s Bhavik Traders,Polyester Grosgrain (Label-408),123,33.36
INV-2684,2025-03-09,Client-096: M/s Kiran Emporium,Polyester Grosgrain (Label-408),41,34.34
INV-2752,2026-04-07,Client-106: Smt. Kamlesh Designs,Chanderi Block Print (Label-221),33,125.38
INV-3049,2026-08-05,Client-019: M/s Sunil Collections,Lace Trim Border (Label-217),54,58.9
INV-0876,2026-01-02,,Kutch Embroidery Border (Label-407),46,238.53
INV-3588,2023-11-23,Client-054: Smt. Subhash Creations,Lace Trim Border (Label-217),79,58.7
INV-0939,2025-08-29,Client-136: M/s Anjali Decorators,Embroidered Mirror Work (Label-422),26,189.5
INV-2395,2025-09-28,Client-096: M/s Kiran Emporium,Silver Tissue (Label-312),26,212.04
INV-3337,2025-11-19,,Patola Woven Border (Label-330),42,252.56
INV-3961,2026-01-27,Client-137: M/s Vandana Traders,Chanderi Block Print (Label-221),56,123.52
INV-0386,2025-02-25,Client-130: M/s Jignesh Creations,Chanderi Block Print (Label-221),34,134.86
INV-3040,2024-07-25,Client-098: M/s Bhavna Garments,Multicolor Taffeta (Label-308),69,93.88
INV-3327,2025-07-06,Client-047: M/s Harish Creations,Chiffon Pleated (Label-119),99,73.91
INV-2910,2023-02-05,Client-047: M/s Harish Creations,Lace Trim Border (Label-217),62,65.41
INV-2292,2026-07-02,,Kutch Embroidery Border (Label-407),54,207.88
INV-3233,2024-10-14,Client-019: M/s Sunil Collections,Jacquard Brocade (Label-315),35,190.29
INV-0937,2024-12-07,Client-068: M/s Madhuri Fabrics,Velvet Roll (Label-405),113,109.26
INV-3430,2023-09-13,Client-108: M/s Shyam Event Planners,Satin 1-Inch (Label-101),37,37.62
INV-2361,2023-01-16,Client-073: M/s Lakshmi Event Planners,Cotton Herringbone (Label-203),24,42.47
INV-3897,2025-11-24,Client-085: M/s Nayna Industries,Banarasi Zari Border (Label-302),312,141.91
INV-1333,2024-02-20,Client-061: M/s Poonam Enterprises,Chiffon Pleated (Label-119),240,70.78
INV-1935,2023-10-20,Client-144: M/s Pooja Fashion House,Multicolor Taffeta (Label-308),60,87.83
INV-0936,2025-02-23,Client-113: Smt. Kantilal Exports,Chanderi Block Print (Label-221),52,126.02
INV-2419,2023-08-26,Client-036: M/s Rahul Enterprises,Organza Sheer (Label-210),93,57.64
INV-0567,2025-11-13,Client-026: Smt. Vivek Fabrics,Cotton Herringbone (Label-203),54,43.21
INV-1855,2026-04-26,Client-028: Shri Tarun Industries,Banarasi Zari Border (Label-302),41,132.64
INV-3210,2024-03-12,Client-038: M/s Natubhai Creations,Jacquard Brocade (Label-315),155,162.78
INV-2468,2024-07-10,Client-126: M/s Mukesh Garments,Embroidered Mirror Work (Label-422),87,222.16
INV-1646,2023-02-03,Client-106: Smt. Kamlesh Designs,Velvet Roll (Label-405),4153,119.91
INV-3314,2026-02-06,Client-013: M/s Gopal Exports,Patola Woven Border (Label-330),924,270.82
INV-1793,2024-11-06,Client-016: M/s Padma Garments,Nylon Woven (Label-501),98,27.96
INV-1431,2023-01-07,Client-103: Shri Vijay Fashion House,Organza Sheer (Label-210),213,49.78
INV-3072,2023-01-03,Client-119: M/s Bhikhabhai Emporium,Velvet Roll (Label-405),56,131.55
INV-1014,2025-09-22,Client-032: Shri Lakshmi Event Planners,Satin 2-Inch (Label-102),64,52.1
INV-1929,2026-05-23,Client-122: M/s Bhikhabhai Enterprises,Silk Printed (Label-112),57,88.69
INV-2982,2026-02-14,Client-111: Shri Rekha Textiles,Satin 2-Inch (Label-102),43,49.1
INV-0127,2026-05-05,,Organza Sheer (Label-210),182,60.36
INV-2773,2026-05-27,Client-110: M/s Anita Embroidery Works,Nylon Woven (Label-501),679,30.1
INV-1348,2024-11-26,Client-109: M/s Padma Silk House,Patola Woven Border (Label-330),8,262.63
INV-0356,2024-10-18,Client-052: Smt. Anita Saree Centre,Satin 2-Inch (Label-102),69,48.14
INV-0828,2023-11-20,Client-143: M/s Prakash Silk House,Silver Tissue (Label-312),511,212.5
INV-1640,2024-03-05,Client-148: M/s Navin Fabrics,Gota Patti (Label-204),66,82.79
INV-0985,2025-08-29,Client-041: M/s Varsha Handloom,Patola Woven Border (Label-330),781,271.13
INV-2189,2026-02-13,Client-146: M/s Yash Fashion House,Silk Printed (Label-112),19,93.33
INV-3387,2025-07-27,Client-088: M/s Pooja Creations,Silk Printed (Label-112),17,93.07
INV-2444,2026-07-12,Client-070: M/s Yash Designs,Polyester Grosgrain (Label-408),22,32.6
INV-0363,2026-05-09,Client-103: Shri Vijay Fashion House,Silver Tissue (Label-312),88,195.26
INV-2350,2025-10-14,Client-018: Smt. Foram Fabrics,Organza Sheer (Label-210),149,51.17
INV-0346,2025-03-08,Client-028: Shri Tarun Industries,Satin 1-Inch (Label-101),45,31.54
INV-2727,2026-07-01,Client-108: M/s Shyam Event Planners,Raw Silk Ribbon (Label-115),131,111.6
INV-3377,2025-03-28,Client-044: Shri Meena Silk House,Raw Silk Ribbon (Label-115),89,118.14
INV-0712,2025-11-12,Client-057: M/s Drashti Emporium,Kutch Embroidery Border (Label-407),20,212.9
INV-2891,2023-11-16,,Satin 2-Inch (Label-102),32,54.3
INV-3786,2025-05-15,Client-020: M/s Jagdish Fabrics,Silver Tissue (Label-312),42,209.21
INV-0011,2023-12-14,Client-073: M/s Lakshmi Event Planners,Gold Zardozi (Label-501),51,289.18
INV-3204,2024-02-04,Client-007: M/s Hasmukh Collections,Raw Silk Ribbon (Label-115),12,105.62
INV-2117,2023-11-15,Client-121: M/s Harish Traders,Banarasi Zari Border (Label-302),15,132.27
INV-1835,2023-10-21,,Raw Silk Ribbon (Label-115),14,116.34
INV-0794,2026-04-07,Client-066: Smt. Krunal Embroidery Works,Polyester Grosgrain (Label-408),82,29.39
INV-3679,2025-06-21,Client-072: M/s Arun Fashion House,Multicolor Taffeta (Label-308),137,86.82
INV-2675,2023-09-08,Client-065: Shri Arvind Emporium,Gold Zardozi (Label-501),692,258.96
INV-0095,2026-01-13,Client-018: Smt. Foram Fabrics,Nylon Woven (Label-501),60,28.73
INV-0130,2025-05-12,Client-017: M/s Rahul Creations,Satin 2-Inch (Label-102),45,49.48
INV-2372,2023-01-23,Client-001: M/s Geeta Textiles,Polyester Grosgrain (Label-408),95,31.65
INV-2966,2024-06-13,Client-147: M/s Jagdish Silk House,Silver Tissue (Label-312),37,200.09
INV-3870,2024-06-17,Client-101: Smt. Manju Garments,Patola Woven Border (Label-330),93,243.29
INV-2264,2025-04-11,Client-107: M/s Ramniklal Event Planners,Multicolor Taffeta (Label-308),301,92.11
INV-1901,2026-05-25,Client-083: M/s Vandana Exports,Embroidered Mirror Work (Label-422),24,210.52
INV-3042,2025-03-15,Client-077: Shri Deepak Fashion House,Satin 1-Inch (Label-101),98,36.46
INV-3173,2024-06-23,Client-144: M/s Pooja Fashion House,Metallic Zari (Label-306),76,169.76
INV-1933,2025-02-28,Client-091: M/s Bharat Silk House,Polyester Grosgrain (Label-408),63,34.17
INV-3361,2026-06-06,Client-116: Shri Alka Industries,Chiffon Pleated (Label-119),21,75.51
INV-1866,2023-02-26,Client-011: M/s Kavya Industries,Silver Tissue (Label-312),127,196.48
INV-1659,2025-06-14,,Kutch Embroidery Border (Label-407),97,214.04
INV-0517,2024-07-28,Client-026: Smt. Vivek Fabrics,Nylon Woven (Label-501),44,25.95
INV-1858,2025-01-27,Client-117: Smt. Narottam Emporium,Chiffon Pleated (Label-119),152,72.31
INV-2646,2026-05-02,Client-146: M/s Yash Fashion House,Silk Printed (Label-112),72,103.62
INV-2244,2025-03-19,Client-052: Smt. Anita Saree Centre,Satin 1-Inch (Label-101),89,35.38
INV-1278,2023-01-09,Client-045: M/s Akash Saree Centre,Embroidered Mirror Work (Label-422),148,212.34
INV-3855,2025-10-02,Client-042: M/s Pooja Traders,Metallic Zari (Label-306),54,151.22
INV-0951,2025-05-24,Client-083: M/s Vandana Exports,Cotton Herringbone (Label-203),6,39.16
INV-1121,2023-03-28,Client-125: Shri Padma Saree Centre,Gota Patti (Label-204),2,77.44
INV-2598,2024-07-13,Client-049: Shri Ketan Industries,Satin 2-Inch (Label-102),272,50.48
INV-2205,2024-01-07,,Satin 2-Inch (Label-102),294,52.29
INV-0420,2026-05-27,Client-101: Smt. Manju Garments,Polyester Grosgrain (Label-408),14,32.94
INV-0923,2025-09-13,Client-021: M/s Yash Emporium,Organza Sheer (Label-210),95,57.53
INV-2914,2025-03-17,Client-039: Shri Jignesh Designs,Satin 1-Inch (Label-101),393,33.97
INV-0478,2023-08-16,Client-094: M/s Dilip Weavers,Satin 1-Inch (Label-101),47,34.12
INV-2036,2026-01-05,Client-137: M/s Vandana Traders,Gota Patti (Label-204),75,83.95
INV-2884,2023-11-04,Client-097: M/s Deepika Designs,Organza Sheer (Label-210),128,49.69
INV-1693,2025-03-30,Client-081: M/s Mahesh Traders,Satin 2-Inch (Label-102),7,51.12
INV-3841,2023-05-18,Client-079: M/s Savita Weavers,Chanderi Block Print (Label-221),20,139.36
INV-1472,2026-01-05,Client-006: M/s Naresh Exports,Chiffon Pleated (Label-119),145,75.84
INV-2602,2025-04-10,Client-065: Shri Arvind Emporium,Organza Sheer (Label-210),29,55.84
INV-1203,2025-08-19,Client-060: Smt. Seema Fabrics,Gold Zardozi (Label-501),13,264.3
INV-2439,2023-10-26,Client-011: M/s Kavya Industries,Lace Trim Border (Label-217),670,62.11
INV-2627,2026-02-25,,Satin 1-Inch (Label-101),18,32.22
INV-1670,2025-09-18,Client-140: M/s Brijesh Weavers,Gota Patti (Label-204),25,79.19
INV-3696,2024-11-09,Client-016: M/s Padma Garments,Velvet Roll (Label-405),59,122.84
INV-1971,2023-02-28,Client-043: Smt. Manju Weavers,Polyester Grosgrain (Label-408),157,34.47
INV-2152,2025-09-11,Client-063: Smt. Padma Saree Centre,Chiffon Pleated (Label-119),27,79.29
INV-0821,2026-07-04,Client-129: M/s Padma Industries,Cotton Herringbone (Label-203),62,44.62
INV-1998,2025-03-22,Client-022: Shri Champa Traders,Silver Tissue (Label-312),195,179.19
INV-3823,2025-10-23,Client-137: M/s Vandana Traders,Multicolor Taffeta (Label-308),132,93.1
INV-1249,2025-02-11,Client-034: M/s Mansukhbhai Event Planners,Organza Sheer (Label-210),1277,55.05
INV-3407,2025-03-16,Client-088: M/s Pooja Creations,Embroidered Mirror Work (Label-422),98,212.46
INV-2713,2023-09-21,Client-005: M/s Nayna Garments,Banarasi Zari Border (Label-302),123,157.87
INV-3541,2025-06-14,Client-011: M/s Kavya Industries,Gold Zardozi (Label-501),199,260.83
INV-2191,2025-01-15,Client-068: M/s Madhuri Fabrics,Embroidered Mirror Work (Label-422),57,204.55
INV-3477,2024-01-08,Client-041: M/s Varsha Handloom,Silver Tissue (Label-312),322,198.69
INV-1047,2024-09-10,Client-078: M/s Prital Exports,Satin 2-Inch (Label-102),187,50.59
INV-1889,2024-11-26,Client-012: M/s Nayna Event Planners,Polyester Grosgrain (Label-408),478,31.66
INV-2470,2026-05-27,Client-037: M/s Vinod Fashion House,Satin 1-Inch (Label-101),117,35.71
INV-0616,2023-11-14,Client-083: M/s Vandana Exports,Raw Silk Ribbon (Label-115),457,100.12
INV-1319,2026-02-10,Client-075: Smt. Seema Exports,Multicolor Taffeta (Label-308),63,82.62
INV-3845,2024-11-01,Client-099: M/s Sushila Garments,Polyester Grosgrain (Label-408),60,29.82
INV-3885,2023-10-25,Client-097: M/s Deepika Designs,Velvet Roll (Label-405),124,110.31
INV-3901,2023-12-04,Client-061: M/s Poonam Enterprises,Chanderi Block Print (Label-221),397,122.28
INV-2137,2026-06-26,Client-113: Smt. Kantilal Exports,Velvet Roll (Label-405),31,125.88
INV-3257,2025-06-22,Client-145: M/s Rahul Decorators,Chanderi Block Print (Label-221),265,131.17
INV-1773,2025-11-04,Client-135: M/s Anjali Emporium,Cotton Herringbone (Label-203),97,38.89
INV-3933,2025-07-31,Client-048: M/s Bhavesh Traders,Cotton Herringbone (Label-203),654,39.19
INV-0132,2025-12-03,Client-008: M/s Natubhai Exports,Banarasi Zari Border (Label-302),49,159.46
INV-2851,2024-03-14,Client-044: Shri Meena Silk House,Velvet Roll (Label-405),33,125.59
INV-0078,2026-07-04,Client-014: Shri Usha Fabrics,Silk Printed (Label-112),99,90.57
INV-2053,2023-01-25,Client-135: M/s Anjali Emporium,Nylon Woven (Label-501),192,29.35
INV-0725,2024-12-05,,Velvet Roll (Label-405),115,116.43
INV-1315,2024-09-05,Client-042: M/s Pooja Traders,Velvet Roll (Label-405),246,118.9
INV-1852,2025-06-02,,Jacquard Brocade (Label-315),76,192.15
INV-3904,2023-08-18,Client-048: M/s Bhavesh Traders,Chiffon Pleated (Label-119),62,68.12
INV-3043,2024-04-05,Client-001: M/s Geeta Textiles,Multicolor Taffeta (Label-308),122,88.73
INV-3294,2024-04-23,,Gota Patti (Label-204),227,78.79
INV-1373,2023-11-27,Client-005: M/s Nayna Garments,Raw Silk Ribbon (Label-115),68,101.21
INV-1856,2025-07-08,Client-116: Shri Alka Industries,Embroidered Mirror Work (Label-422),110,201.15
INV-1320,2025-01-07,Client-008: M/s Natubhai Exports,Silk Printed (Label-112),124,89.26
INV-2561,2026-08-03,Client-014: Shri Usha Fabrics,Satin 2-Inch (Label-102),272,54.89
INV-3831,2024-01-13,Client-106: Smt. Kamlesh Designs,Kutch Embroidery Border (Label-407),-24,235.51
INV-3245,2025-05-10,Client-054: Smt. Subhash Creations,Chanderi Block Print (Label-221),211,139.99
INV-3872,2023-04-14,Client-063: Smt. Padma Saree Centre,Gota Patti (Label-204),197,88.69
INV-0376,2024-02-09,Client-110: M/s Anita Embroidery Works,Chiffon Pleated (Label-119),35,67.57
INV-1909,2025-12-07,Client-146: M/s Yash Fashion House,Nylon Woven (Label-501),480,25.53
INV-0334,2025-09-01,Client-003: M/s Vinod Traders,Jacquard Brocade (Label-315),232,160.39
INV-2987,2025-02-19,Client-048: M/s Bhavesh Traders,Embroidered Mirror Work (Label-422),51,203.13
INV-3734,2024-07-14,Client-146: M/s Yash Fashion House,Kutch Embroidery Border (Label-407),-50,215.05
INV-2366,2024-09-03,Client-055: M/s Balaji Collections,Kutch Embroidery Border (Label-407),82,244.62
INV-1605,2024-12-29,Client-025: M/s Ruchita Exports,Metallic Zari (Label-306),157,157.03
INV-1119,2025-05-14,Client-010: M/s Pallavi Designs,Silk Printed (Label-112),136,88.53
INV-3772,2023-11-02,Client-043: Smt. Manju Weavers,Kutch Embroidery Border (Label-407),-17,245.78
INV-1944,2023-11-10,Client-046: M/s Bhikhabhai Textiles,Organza Sheer (Label-210),719,50.41
INV-2998,2025-05-20,Client-029: M/s Hitesh Boutique,Jacquard Brocade (Label-315),157,159.37
INV-2377,2024-04-25,Client-149: Shri Alpesh Saree Centre,Silver Tissue (Label-312),162,186.15
INV-3346,2025-10-26,Client-128: M/s Balaji Event Planners,Multicolor Taffeta (Label-308),28,90.43
INV-1343,2023-01-25,Client-132: M/s Shanta Creations,Organza Sheer (Label-210),96,59.02
INV-0321,2026-04-11,Client-107: M/s Ramniklal Event Planners,Polyester Grosgrain (Label-408),204,29.78
INV-1620,2023-03-29,Client-015: M/s Savita Decorators,Nylon Woven (Label-501),99,29.12
INV-3236,2026-03-26,Client-055: M/s Balaji Collections,Kutch Embroidery Border (Label-407),263,221.77
INV-2061,2025-09-06,Client-022: Shri Champa Traders,Satin 2-Inch (Label-102),781,46.97
INV-2220,2024-05-19,Client-062: M/s Deepak Creations,Satin 2-Inch (Label-102),566,46.88
INV-1674,2023-07-08,Client-142: M/s Vandana Boutique,Chanderi Block Print (Label-221),154,129.45
INV-1943,2025-08-27,Client-140: M/s Brijesh Weavers,Velvet Roll (Label-405),106,108.92
INV-0261,2025-08-23,Client-016: M/s Padma Garments,Organza Sheer (Label-210),411,55.21
INV-3114,2026-01-26,Client-140: M/s Brijesh Weavers,Chiffon Pleated (Label-119),739,78.26
INV-2040,2024-11-26,Client-063: Smt. Padma Saree Centre,Satin 2-Inch (Label-102),116,47.1
INV-0690,2024-03-30,Client-010: M/s Pallavi Designs,Chiffon Pleated (Label-119),23,81.46
INV-0902,2025-04-26,Client-063: Smt. Padma Saree Centre,Silver Tissue (Label-312),204,181.7
INV-2307,2024-06-23,Client-139: M/s Gopal Fashion House,Kutch Embroidery Border (Label-407),40,251.75
INV-2027,2025-10-27,Client-147: M/s Jagdish Silk House,Embroidered Mirror Work (Label-422),374,228.71
INV-0139,2023-11-09,Client-122: M/s Bhikhabhai Enterprises,Satin 1-Inch (Label-101),35,32.14
INV-1918,2024-07-09,Client-096: M/s Kiran Emporium,Kutch Embroidery Border (Label-407),87,236.91
INV-1829,2026-06-19,Client-060: Smt. Seema Fabrics,Velvet Roll (Label-405),34,123.71
INV-1574,2025-01-08,Client-022: Shri Champa Traders,Banarasi Zari Border (Label-302),157,148.03
INV-0320,2025-04-27,Client-057: M/s Drashti Emporium,Organza Sheer (Label-210),92,49.68
INV-0654,2025-03-23,Client-003: M/s Vinod Traders,Patola Woven Border (Label-330),667,236.94
INV-2138,2025-11-19,Client-087: M/s Mayur Creations,Jacquard Brocade (Label-315),347,166.43
INV-3191,2025-07-26,Client-005: M/s Nayna Garments,Gota Patti (Label-204),79,85.58
INV-0559,2023-04-09,Client-006: M/s Naresh Exports,Banarasi Zari Border (Label-302),140,150.5
INV-2188,2024-08-30,Client-006: M/s Naresh Exports,Raw Silk Ribbon (Label-115),118,109.63
INV-0113,2025-03-24,Client-143: M/s Prakash Silk House,Lace Trim Border (Label-217),9,59.67
INV-0532,2025-03-24,Client-002: M/s Chandrika Fashion House,Gold Zardozi (Label-501),172,307.97
INV-0225,2023-10-12,Client-127: M/s Nayna Boutique,Gota Patti (Label-204),9,82.64
INV-0724,2024-11-16,Client-093: Shri Niraj Boutique,Silver Tissue (Label-312),689,197.24
INV-3213,2024-04-09,Client-023: M/s Navin Embroidery Works,Gold Zardozi (Label-501),22,271.6
INV-3927,2025-08-17,Client-048: M/s Bhavesh Traders,Nylon Woven (Label-501),34,30.77
INV-1434,2024-10-21,,Lace Trim Border (Label-217),16,69.85
INV-2374,2025-02-02,Client-107: M/s Ramniklal Event Planners,Chanderi Block Print (Label-221),40,122.1
INV-3084,2025-01-07,Client-135: M/s Anjali Emporium,Nylon Woven (Label-501),110,27.09
INV-4000,2023-02-05,Client-080: Shri Nayna Weavers,Organza Sheer (Label-210),224,49.95
INV-1459,2026-01-27,Client-034: M/s Mansukhbhai Event Planners,Metallic Zari (Label-306),239,168.07
INV-3596,2024-05-25,,Patola Woven Border (Label-330),133,246.45
INV-2763,2024-03-24,Client-061: M/s Poonam Enterprises,Gold Zardozi (Label-501),49,306.85
INV-0847,2026-04-23,Client-052: Smt. Anita Saree Centre,Multicolor Taffeta (Label-308),29,80.79
INV-0194,2023-02-08,Client-039: Shri Jignesh Designs,Silver Tissue (Label-312),52,212.17
INV-1465,2025-11-21,Client-112: M/s Indira Traders,Organza Sheer (Label-210),619,56.4
INV-2622,2026-02-08,Client-088: M/s Pooja Creations,Gota Patti (Label-204),143,84.68
INV-0947,2026-05-01,Client-056: M/s Shyamlal Textiles,Raw Silk Ribbon (Label-115),83,113.04
INV-2022,2026-07-20,Client-082: M/s Dhaval Event Planners,Gold Zardozi (Label-501),167,282.0
INV-2552,2025-10-31,Client-101: Smt. Manju Garments,Gold Zardozi (Label-501),99,307.64
INV-1630,2025-07-13,Client-135: M/s Anjali Emporium,Silk Printed (Label-112),37,98.22
INV-0118,2023-04-03,Client-078: M/s Prital Exports,Satin 2-Inch (Label-102),129,46.16
INV-0646,2024-10-09,Client-044: Shri Meena Silk House,Gota Patti (Label-204),53,81.82
INV-1871,2023-06-11,Client-057: M/s Drashti Emporium,Satin 1-Inch (Label-101),86,33.79
INV-0004,2023-04-01,Client-001: M/s Geeta Textiles,Gold Zardozi (Label-501),559,303.83
INV-0075,2025-03-31,Client-141: Shri Brijesh Event Planners,Banarasi Zari Border (Label-302),3,143.69
INV-1756,2025-11-12,Client-014: Shri Usha Fabrics,Silk Printed (Label-112),331,95.31
INV-0468,2025-03-06,Client-007: M/s Hasmukh Collections,Metallic Zari (Label-306),21,163.11
INV-0006,2023-09-13,Client-077: Shri Deepak Fashion House,Gold Zardozi (Label-501),67,269.32
INV-1247,2025-09-28,,Silver Tissue (Label-312),75,189.1
INV-0920,2025-02-26,Client-048: M/s Bhavesh Traders,Embroidered Mirror Work (Label-422),93,214.39
INV-2596,2026-03-11,Client-027: M/s Rajendra Creations,Chanderi Block Print (Label-221),133,143.43
INV-0229,2025-11-25,Client-142: M/s Vandana Boutique,Chanderi Block Print (Label-221),332,137.37
INV-1064,2023-08-31,Client-037: M/s Vinod Fashion House,Nylon Woven (Label-501),259,26.92
INV-2591,2026-01-23,Client-142: M/s Vandana Boutique,Patola Woven Border (Label-330),143,239.88
INV-0243,2024-01-24,Client-128: M/s Balaji Event Planners,Gold Zardozi (Label-501),250,278.14
INV-3405,2025-05-25,Client-032: Shri Lakshmi Event Planners,Banarasi Zari Border (Label-302),44,137.2
INV-1161,2023-11-06,Client-113: Smt. Kantilal Exports,Banarasi Zari Border (Label-302),469,135.98
INV-3089,2023-10-10,Client-085: M/s Nayna Industries,Metallic Zari (Label-306),44,145.7
INV-3338,2024-02-24,Client-058: Smt. Deepika Fashion House,Chanderi Block Print (Label-221),63,136.03
INV-3240,2026-03-16,Client-111: Shri Rekha Textiles,Raw Silk Ribbon (Label-115),211,107.88
INV-2564,2024-05-17,Client-006: M/s Naresh Exports,Velvet Roll (Label-405),186,111.12
INV-2672,2025-08-20,Client-054: Smt. Subhash Creations,Nylon Woven (Label-501),156,27.5
INV-1527,2023-07-31,Client-129: M/s Padma Industries,Raw Silk Ribbon (Label-115),307,102.99
INV-1606,2023-07-26,Client-039: Shri Jignesh Designs,Gota Patti (Label-204),86,86.48
INV-3710,2024-07-15,Client-039: Shri Jignesh Designs,Patola Woven Border (Label-330),146,267.65
INV-3970,2023-06-07,Client-052: Smt. Anita Saree Centre,Cotton Herringbone (Label-203),29,42.63
INV-2710,2024-08-25,Client-138: Smt. Natubhai Weavers,Embroidered Mirror Work (Label-422),190,228.51
INV-3559,2024-05-04,Client-106: Smt. Kamlesh Designs,Gota Patti (Label-204),49,84.09
INV-3979,2025-10-07,Client-045: M/s Akash Saree Centre,Cotton Herringbone (Label-203),302,41.75
INV-1990,2023-08-26,Client-116: Shri Alka Industries,Gold Zardozi (Label-501),6,272.88
INV-3509,2024-03-14,Client-026: Smt. Vivek Fabrics,Velvet Roll (Label-405),332,120.81
INV-2363,2025-03-15,Client-074: M/s Amrut Fashion House,Multicolor Taffeta (Label-308),207,79.71
INV-1976,2026-02-11,Client-096: M/s Kiran Emporium,Gota Patti (Label-204),124,84.61
INV-1762,2026-06-17,Client-038: M/s Natubhai Creations,Chanderi Block Print (Label-221),59,122.08
INV-1306,2025-07-18,Client-050: Smt. Balaji Boutique,Velvet Roll (Label-405),35,110.46
INV-2740,2024-06-28,Client-141: Shri Brijesh Event Planners,Chiffon Pleated (Label-119),189,76.09
INV-1542,2024-06-01,Client-144: M/s Pooja Fashion House,Lace Trim Border (Label-217),9,70.13
INV-3463,2024-10-14,Client-102: M/s Sita Industries,Gota Patti (Label-204),55,89.18
INV-2473,2023-02-19,Client-145: M/s Rahul Decorators,Nylon Woven (Label-501),242,28.81
INV-2643,2025-05-10,Client-041: M/s Varsha Handloom,Silk Printed (Label-112),41,86.89
INV-2796,2025-10-08,Client-010: M/s Pallavi Designs,Chanderi Block Print (Label-221),75,135.87
INV-0623,2026-06-26,Client-011: M/s Kavya Industries,Patola Woven Border (Label-330),197,269.28
INV-3064,2023-09-16,Client-094: M/s Dilip Weavers,Satin 2-Inch (Label-102),3,53.31
INV-1494,2025-03-08,Client-137: M/s Vandana Traders,Silver Tissue (Label-312),667,198.69
INV-0111,2023-12-03,Client-124: M/s Bhavesh Exports,Polyester Grosgrain (Label-408),122,33.58
INV-2276,2024-12-31,Client-039: Shri Jignesh Designs,Silk Printed (Label-112),181,91.34
INV-3002,2026-02-15,Client-060: Smt. Seema Fabrics,Gold Zardozi (Label-501),275,270.16
INV-1170,2025-09-09,Client-069: Smt. Mohan Designs,Raw Silk Ribbon (Label-115),27,113.48
INV-3258,2025-02-17,Client-053: M/s Malti Enterprises,Banarasi Zari Border (Label-302),154,150.65
INV-0233,2023-09-14,Client-137: M/s Vandana Traders,Satin 1-Inch (Label-101),203,35.02
INV-0067,2023-10-19,Client-043: Smt. Manju Weavers,Polyester Grosgrain (Label-408),82,32.61
INV-3603,2025-04-02,Client-136: M/s Anjali Decorators,Embroidered Mirror Work (Label-422),523,189.18
INV-2073,2024-01-29,Client-044: Shri Meena Silk House,Jacquard Brocade (Label-315),87,178.85
INV-2193,2024-05-20,Client-149: Shri Alpesh Saree Centre,Organza Sheer (Label-210),419,50.56
INV-0537,2025-10-15,Client-067: M/s Bhavik Traders,Embroidered Mirror Work (Label-422),12,205.99
INV-2860,2024-03-14,Client-084: M/s Kantilal Embroidery Works,Organza Sheer (Label-210),160,55.88
INV-0126,2026-02-09,Client-056: M/s Shyamlal Textiles,Nylon Woven (Label-501),16,27.04
INV-2134,2024-01-09,,Chanderi Block Print (Label-221),240,122.42
INV-1255,2025-10-26,Client-031: M/s Paresh Garments,Patola Woven Border (Label-330),643,271.81
INV-3292,2024-07-28,Client-087: M/s Mayur Creations,Jacquard Brocade (Label-315),320,173.2
INV-1977,2025-08-22,Client-101: Smt. Manju Garments,Silk Printed (Label-112),59,102.84
INV-3259,2023-01-17,Client-090: Shri Prital Handloom,Velvet Roll (Label-405),372,111.88
INV-3078,2025-08-17,Client-143: M/s Prakash Silk House,Kutch Embroidery Border (Label-407),40,216.81
INV-2076,2024-10-07,Client-109: M/s Padma Silk House,Kutch Embroidery Border (Label-407),55,225.1
INV-0485,2023-06-09,Client-082: M/s Dhaval Event Planners,Jacquard Brocade (Label-315),648,179.77
INV-1655,2025-03-16,Client-148: M/s Navin Fabrics,Embroidered Mirror Work (Label-422),852,194.41
INV-3852,2026-07-10,Client-115: M/s Vijay Fashion House,Raw Silk Ribbon (Label-115),111,107.99
INV-3680,2026-02-11,,Nylon Woven (Label-501),8,30.56
INV-3308,2026-01-14,Client-113: Smt. Kantilal Exports,Organza Sheer (Label-210),504,58.17
INV-3035,2024-04-26,Client-075: Smt. Seema Exports,Metallic Zari (Label-306),23,164.8
INV-3618,2026-07-21,Client-065: Shri Arvind Emporium,Satin 2-Inch (Label-102),6,49.9
INV-1775,2023-11-22,Client-028: Shri Tarun Industries,Satin 2-Inch (Label-102),29,54.34
INV-2411,2024-03-19,Client-025: M/s Ruchita Exports,Gota Patti (Label-204),58,88.13
INV-3584,2025-05-06,Client-100: Smt. Kavita Saree Centre,Lace Trim Border (Label-217),9,70.61
INV-0919,2025-05-21,Client-117: Smt. Narottam Emporium,Gold Zardozi (Label-501),56,275.75
INV-1647,2026-01-20,Client-114: M/s Padma Enterprises,Gold Zardozi (Label-501),128,284.55
INV-1027,2025-06-21,Client-048: M/s Bhavesh Traders,Silk Printed (Label-112),317,96.19
INV-1031,2025-11-05,Client-076: Smt. Ashok Designs,Satin 2-Inch (Label-102),1086,53.96
INV-0883,2025-10-21,Client-088: M/s Pooja Creations,Satin 2-Inch (Label-102),56,52.32
INV-1336,2025-11-15,Client-110: M/s Anita Embroidery Works,Multicolor Taffeta (Label-308),91,87.43
INV-2747,2025-03-11,Client-100: Smt. Kavita Saree Centre,Satin 1-Inch (Label-101),315,38.49
INV-2943,2026-04-24,Client-043: Smt. Manju Weavers,Raw Silk Ribbon (Label-115),713,113.75
INV-2714,2023-04-24,Client-053: M/s Malti Enterprises,Lace Trim Border (Label-217),47,63.58
INV-0365,2023-08-12,Client-091: M/s Bharat Silk House,Jacquard Brocade (Label-315),132,180.14
INV-2126,2026-07-28,,Satin 2-Inch (Label-102),129,49.69
INV-0028,2025-04-08,Client-120: M/s Usha Enterprises,Organza Sheer (Label-210),141,60.29
INV-0474,2026-02-27,Client-127: M/s Nayna Boutique,Silver Tissue (Label-312),69,187.55
INV-0526,2023-07-05,Client-099: M/s Sushila Garments,Banarasi Zari Border (Label-302),222,135.22
INV-0726,2026-05-25,Client-148: M/s Navin Fabrics,Chanderi Block Print (Label-221),80,139.03
INV-0056,2026-07-30,Client-126: M/s Mukesh Garments,Velvet Roll (Label-405),275,128.95
INV-0639,2023-06-24,Client-089: M/s Naresh Fashion House,Silk Printed (Label-112),27,93.34
INV-0303,2023-02-02,Client-018: Smt. Foram Fabrics,Velvet Roll (Label-405),238,122.25
INV-2767,2025-11-11,Client-025: M/s Ruchita Exports,Embroidered Mirror Work (Label-422),90,200.57
INV-3469,2024-02-28,Client-088: M/s Pooja Creations,Gold Zardozi (Label-501),115,279.79
INV-1277,2024-11-03,,Organza Sheer (Label-210),-20,56.61
INV-3504,2026-02-02,Client-016: M/s Padma Garments,Raw Silk Ribbon (Label-115),77,109.62
INV-0625,2025-02-06,Client-131: M/s Geeta Fabrics,Multicolor Taffeta (Label-308),125,87.77
INV-2056,2026-03-06,Client-063: Smt. Padma Saree Centre,Cotton Herringbone (Label-203),125,44.5
INV-1281,2025-02-09,Client-092: M/s Pushpa Silk House,Chiffon Pleated (Label-119),175,70.16
INV-2852,2026-04-13,Client-078: M/s Prital Exports,Nylon Woven (Label-501),270,28.3
INV-1050,2024-05-16,,Cotton Herringbone (Label-203),12,41.94
INV-0337,2026-01-17,Client-009: M/s Narottam Weavers,Jacquard Brocade (Label-315),88,190.01
INV-0048,2025-09-27,Client-062: M/s Deepak Creations,Satin 2-Inch (Label-102),320,51.46
INV-2879,2024-03-14,Client-147: M/s Jagdish Silk House,Silk Printed (Label-112),62,93.7
INV-0107,2024-12-22,Client-049: Shri Ketan Industries,Raw Silk Ribbon (Label-115),74,104.51
INV-2398,2024-01-21,Client-130: M/s Jignesh Creations,Velvet Roll (Label-405),342,119.88
INV-1080,2025-10-03,Client-102: M/s Sita Industries,Multicolor Taffeta (Label-308),227,88.4
INV-2287,2023-06-20,Client-127: M/s Nayna Boutique,Gota Patti (Label-204),15,87.07
INV-2262,2025-01-23,Client-111: Shri Rekha Textiles,Polyester Grosgrain (Label-408),43,29.72
INV-1145,2025-01-23,Client-146: M/s Yash Fashion House,Velvet Roll (Label-405),22,108.34
INV-3162,2023-03-25,Client-101: Smt. Manju Garments,Organza Sheer (Label-210),21,50.43
INV-2297,2023-08-21,,Organza Sheer (Label-210),396,58.37
INV-2842,2025-08-06,Client-137: M/s Vandana Traders,Jacquard Brocade (Label-315),58,184.34
INV-1837,2023-03-05,Client-012: M/s Nayna Event Planners,Polyester Grosgrain (Label-408),13,34.75
INV-1754,2024-07-07,Client-028: Shri Tarun Industries,Metallic Zari (Label-306),188,163.02
INV-1102,2025-05-15,Client-108: M/s Shyam Event Planners,Cotton Herringbone (Label-203),61,37.97
INV-1969,2025-09-15,Client-077: Shri Deepak Fashion House,Banarasi Zari Border (Label-302),14,158.65
INV-3009,2023-05-30,Client-091: M/s Bharat Silk House,Gota Patti (Label-204),25,87.64
INV-3651,2023-11-28,Client-086: M/s Neha Fashion House,Cotton Herringbone (Label-203),407,44.27
INV-0524,2023-03-04,Client-126: M/s Mukesh Garments,Raw Silk Ribbon (Label-115),30,108.81
INV-2281,2025-06-30,Client-011: M/s Kavya Industries,Organza Sheer (Label-210),30,59.18
INV-2693,2023-09-08,Client-057: M/s Drashti Emporium,Organza Sheer (Label-210),166,58.37
INV-2886,2023-05-16,Client-001: M/s Geeta Textiles,Silk Printed (Label-112),529,99.1
INV-1429,2025-05-29,Client-088: M/s Pooja Creations,Metallic Zari (Label-306),171,170.14
INV-2582,2024-11-28,Client-009: M/s Narottam Weavers,Chanderi Block Print (Label-221),1655,130.06
INV-3468,2023-03-29,Client-016: M/s Padma Garments,Organza Sheer (Label-210),246,52.79
INV-0604,2026-04-08,Client-107: M/s Ramniklal Event Planners,Patola Woven Border (Label-330),50,262.39
INV-1490,2024-07-13,Client-058: Smt. Deepika Fashion House,Cotton Herringbone (Label-203),70,37.88
INV-3110,2024-03-29,Client-087: M/s Mayur Creations,Raw Silk Ribbon (Label-115),80,112.57
INV-3231,2024-08-10,Client-059: M/s Sita Fabrics,Kutch Embroidery Border (Label-407),23,245.1
INV-0061,2024-08-31,Client-110: M/s Anita Embroidery Works,Polyester Grosgrain (Label-408),50,32.44
INV-3659,2024-04-23,Client-086: M/s Neha Fashion House,Lace Trim Border (Label-217),1053,68.61
INV-0672,2024-01-08,Client-131: M/s Geeta Fabrics,Cotton Herringbone (Label-203),75,39.21
INV-0093,2024-11-24,Client-102: M/s Sita Industries,Chanderi Block Print (Label-221),287,123.67
INV-0667,2023-03-30,Client-042: M/s Pooja Traders,Organza Sheer (Label-210),1974,56.42
INV-1888,2025-06-24,Client-067: M/s Bhavik Traders,Banarasi Zari Border (Label-302),40,138.28
INV-0281,2024-01-31,Client-104: M/s Nirmala Designs,Embroidered Mirror Work (Label-422),114,210.64
INV-1720,2024-12-12,Client-074: M/s Amrut Fashion House,Gota Patti (Label-204),65,78.1
INV-3016,2023-12-19,Client-066: Smt. Krunal Embroidery Works,Patola Woven Border (Label-330),9,272.78
INV-0360,2025-08-03,Client-054: Smt. Subhash Creations,Multicolor Taffeta (Label-308),74,93.24
INV-0900,2024-12-14,Client-033: M/s Vivek Fabrics,Gold Zardozi (Label-501),50,257.76
INV-1936,2023-09-04,Client-112: M/s Indira Traders,Chanderi Block Print (Label-221),367,130.9
INV-1995,2023-04-13,Client-095: M/s Shardaben Handloom,Cotton Herringbone (Label-203),126,41.38
INV-3946,2024-09-03,Client-008: M/s Natubhai Exports,Multicolor Taffeta (Label-308),71,79.26
INV-2896,2023-11-21,Client-002: M/s Chandrika Fashion House,Nylon Woven (Label-501),23,29.13
INV-0761,2023-04-17,Client-056: M/s Shyamlal Textiles,Velvet Roll (Label-405),112,113.66
INV-2159,2023-03-25,Client-066: Smt. Krunal Embroidery Works,Velvet Roll (Label-405),92,123.05
INV-3488,2025-10-11,Client-001: M/s Geeta Textiles,Kutch Embroidery Border (Label-407),179,214.99
INV-0043,2026-01-07,Client-120: M/s Usha Enterprises,Embroidered Mirror Work (Label-422),78,223.68
INV-2174,2024-05-24,Client-013: M/s Gopal Exports,Metallic Zari (Label-306),15,158.66
INV-0205,2023-03-17,Client-012: M/s Nayna Event Planners,Silk Printed (Label-112),176,102.33
INV-1474,2023-09-12,Client-054: Smt. Subhash Creations,Patola Woven Border (Label-330),47,269.88
INV-2101,2024-02-15,Client-148: M/s Navin Fabrics,Lace Trim Border (Label-217),4,70.11
INV-2594,2023-03-29,Client-093: Shri Niraj Boutique,Chiffon Pleated (Label-119),3,75.63
INV-0069,2025-10-21,Client-113: Smt. Kantilal Exports,Satin 1-Inch (Label-101),138,35.69
INV-1876,2024-03-26,Client-068: M/s Madhuri Fabrics,Satin 2-Inch (Label-102),100,46.51
INV-2833,2025-05-21,Client-047: M/s Harish Creations,Patola Woven Border (Label-330),183,230.02
INV-3728,2026-04-12,Client-093: Shri Niraj Boutique,Polyester Grosgrain (Label-408),75,34.71
INV-2232,2024-03-29,Client-019: M/s Sunil Collections,Silk Printed (Label-112),92,94.91
INV-0138,2025-05-01,Client-081: M/s Mahesh Traders,Embroidered Mirror Work (Label-422),578,202.13
INV-2948,2026-02-06,Client-086: M/s Neha Fashion House,Chiffon Pleated (Label-119),45,72.81
INV-0797,2026-03-26,Client-015: M/s Savita Decorators,Metallic Zari (Label-306),18,155.13
INV-2181,2024-09-27,Client-144: M/s Pooja Fashion House,Polyester Grosgrain (Label-408),13,33.64
INV-2129,2023-10-20,Client-022: Shri Champa Traders,Velvet Roll (Label-405),313,125.21
INV-0759,2025-03-07,Client-080: Shri Nayna Weavers,Metallic Zari (Label-306),167,149.08
INV-0542,2023-07-02,Client-058: Smt. Deepika Fashion House,Polyester Grosgrain (Label-408),12,31.49
INV-1020,2023-02-13,Client-017: M/s Rahul Creations,Gota Patti (Label-204),273,91.32
INV-3031,2023-12-26,Client-005: M/s Nayna Garments,Satin 1-Inch (Label-101),12,36.34
INV-0166,2026-07-25,Client-083: M/s Vandana Exports,Chanderi Block Print (Label-221),33,130.04
INV-0249,2026-01-31,Client-031: M/s Paresh Garments,Organza Sheer (Label-210),60,60.23
INV-1332,2024-07-03,Client-150: M/s Kantilal Event Planners,Chanderi Block Print (Label-221),87,122.49
INV-2018,2025-02-07,Client-034: M/s Mansukhbhai Event Planners,Chiffon Pleated (Label-119),253,76.61
INV-0447,2023-10-19,Client-024: M/s Chirag Industries,Banarasi Zari Border (Label-302),11,157.22
INV-2483,2023-12-10,Client-051: M/s Brijesh Saree Centre,Raw Silk Ribbon (Label-115),67,114.68
INV-2907,2025-07-16,Client-014: Shri Usha Fabrics,Multicolor Taffeta (Label-308),23,91.74
INV-1359,2025-08-30,Client-148: M/s Navin Fabrics,Polyester Grosgrain (Label-408),43,32.56
INV-2846,2025-11-12,Client-117: Smt. Narottam Emporium,Chiffon Pleated (Label-119),136,80.99
INV-2146,2025-12-27,Client-059: M/s Sita Fabrics,Gold Zardozi (Label-501),74,261.34
INV-1330,2023-12-09,Client-131: M/s Geeta Fabrics,Lace Trim Border (Label-217),331,64.98
INV-3974,2023-01-08,Client-114: M/s Padma Enterprises,Organza Sheer (Label-210),16,51.71
INV-2786,2023-03-19,Client-009: M/s Narottam Weavers,Raw Silk Ribbon (Label-115),175,114.22
INV-3876,2026-01-19,Client-072: M/s Arun Fashion House,Chanderi Block Print (Label-221),32,147.75
INV-2151,2024-09-30,Client-018: Smt. Foram Fabrics,Banarasi Zari Border (Label-302),68,152.4
INV-0435,2025-01-07,Client-146: M/s Yash Fashion House,Jacquard Brocade (Label-315),205,170.37
INV-2123,2026-05-10,Client-044: Shri Meena Silk House,Jacquard Brocade (Label-315),52,161.0
INV-0578,2026-03-26,Client-058: Smt. Deepika Fashion House,Patola Woven Border (Label-330),7,268.66
INV-2901,2023-08-06,Client-065: Shri Arvind Emporium,Multicolor Taffeta (Label-308),68,86.84
INV-3167,2023-12-12,Client-112: M/s Indira Traders,Velvet Roll (Label-405),316,110.12
INV-2967,2023-01-06,Client-119: M/s Bhikhabhai Emporium,Silver Tissue (Label-312),220,181.17
INV-3822,2024-09-23,Client-091: M/s Bharat Silk House,Nylon Woven (Label-501),87,29.11
INV-3650,2024-09-09,Client-084: M/s Kantilal Embroidery Works,Multicolor Taffeta (Label-308),15,91.02
INV-2449,2024-08-19,Client-053: M/s Malti Enterprises,Raw Silk Ribbon (Label-115),305,116.38
INV-1849,2025-04-16,Client-038: M/s Natubhai Creations,Kutch Embroidery Border (Label-407),37,229.73
INV-0763,2023-01-19,Client-149: Shri Alpesh Saree Centre,Satin 2-Inch (Label-102),43,51.88
INV-3038,2026-04-20,Client-026: Smt. Vivek Fabrics,Banarasi Zari Border (Label-302),185,130.61
INV-0389,2025-07-25,Client-127: M/s Nayna Boutique,Silver Tissue (Label-312),7,195.42
INV-0236,2025-05-03,Client-008: M/s Natubhai Exports,Satin 2-Inch (Label-102),95,53.89
INV-3466,2024-10-07,Client-063: Smt. Padma Saree Centre,Embroidered Mirror Work (Label-422),46,190.78
INV-1985,2024-09-29,Client-124: M/s Bhavesh Exports,Banarasi Zari Border (Label-302),409,138.07
INV-0268,2023-06-11,Client-114: M/s Padma Enterprises,Chanderi Block Print (Label-221),26,128.42
INV-0771,2024-08-28,Client-139: M/s Gopal Fashion House,Lace Trim Border (Label-217),162,64.4
INV-2166,2025-09-26,Client-145: M/s Rahul Decorators,Chiffon Pleated (Label-119),92,76.6
INV-0438,2023-03-14,Client-108: M/s Shyam Event Planners,Nylon Woven (Label-501),10,27.0
INV-0674,2023-02-03,Client-130: M/s Jignesh Creations,Patola Woven Border (Label-330),46,245.99
INV-0250,2024-11-25,Client-094: M/s Dilip Weavers,Organza Sheer (Label-210),50,51.69
INV-2202,2026-01-10,Client-081: M/s Mahesh Traders,Gota Patti (Label-204),19,93.01
INV-1575,2025-12-22,Client-047: M/s Harish Creations,Patola Woven Border (Label-330),27,246.26
INV-2143,2023-06-19,Client-130: M/s Jignesh Creations,Jacquard Brocade (Label-315),60,171.41
INV-2082,2026-04-29,Client-012: M/s Nayna Event Planners,Patola Woven Border (Label-330),89,244.5
INV-3482,2024-09-05,Client-068: M/s Madhuri Fabrics,Banarasi Zari Border (Label-302),157,158.78
INV-3416,2023-10-08,Client-090: Shri Prital Handloom,Silk Printed (Label-112),938,87.43
INV-3810,2026-04-01,Client-145: M/s Rahul Decorators,Jacquard Brocade (Label-315),500,179.96
INV-0449,2023-07-15,Client-101: Smt. Manju Garments,Satin 1-Inch (Label-101),142,35.64
INV-1470,2026-03-18,Client-025: M/s Ruchita Exports,Kutch Embroidery Border (Label-407),111,215.33
INV-0717,2024-12-03,Client-128: M/s Balaji Event Planners,Embroidered Mirror Work (Label-422),38,197.84
INV-3177,2025-02-04,Client-069: Smt. Mohan Designs,Lace Trim Border (Label-217),98,69.73
INV-3478,2025-02-13,Client-088: M/s Pooja Creations,Nylon Woven (Label-501),121,26.85
INV-2049,2025-10-23,Client-096: M/s Kiran Emporium,Chiffon Pleated (Label-119),243,80.48
INV-1902,2024-07-15,Client-026: Smt. Vivek Fabrics,Cotton Herringbone (Label-203),54,45.94
INV-3311,2024-06-05,Client-038: M/s Natubhai Creations,Nylon Woven (Label-501),30,27.92
INV-1169,2023-08-06,Client-040: M/s Drashti Fashion House,Gota Patti (Label-204),32,77.88
INV-0083,2025-09-15,Client-063: Smt. Padma Saree Centre,Multicolor Taffeta (Label-308),138,88.9
INV-3207,2026-06-28,Client-040: M/s Drashti Fashion House,Gold Zardozi (Label-501),443,295.43
INV-2725,2023-05-13,Client-074: M/s Amrut Fashion House,Kutch Embroidery Border (Label-407),-22,215.36
INV-3045,2023-01-31,Client-144: M/s Pooja Fashion House,Silk Printed (Label-112),134,93.67
INV-1461,2025-06-23,Client-075: Smt. Seema Exports,Organza Sheer (Label-210),44,51.81
INV-2819,2023-08-12,Client-023: M/s Navin Embroidery Works,Banarasi Zari Border (Label-302),66,153.01
INV-1894,2024-08-17,Client-096: M/s Kiran Emporium,Metallic Zari (Label-306),238,157.23
INV-1669,2026-03-07,Client-009: M/s Narottam Weavers,Velvet Roll (Label-405),1069,131.42
INV-2757,2025-02-26,Client-042: M/s Pooja Traders,Kutch Embroidery Border (Label-407),7,239.17
INV-2001,2025-02-02,Client-026: Smt. Vivek Fabrics,Chiffon Pleated (Label-119),71,75.19
INV-0476,2024-02-17,Client-088: M/s Pooja Creations,Jacquard Brocade (Label-315),188,189.66
INV-0518,2025-06-26,Client-083: M/s Vandana Exports,Cotton Herringbone (Label-203),31,43.92
INV-3586,2025-06-24,Client-105: M/s Anjali Collections,Silver Tissue (Label-312),542,192.74
INV-0405,2026-03-05,Client-088: M/s Pooja Creations,Patola Woven Border (Label-330),78,263.11
INV-0385,2025-07-12,Client-092: M/s Pushpa Silk House,Gota Patti (Label-204),1246,84.74
INV-3219,2026-07-14,Client-068: M/s Madhuri Fabrics,Silver Tissue (Label-312),28,209.02
INV-2153,2025-03-11,Client-064: Smt. Nayna Exports,Lace Trim Border (Label-217),4,59.42
INV-1634,2023-01-21,Client-051: M/s Brijesh Saree Centre,Satin 1-Inch (Label-101),34,36.56
INV-3812,2023-08-19,Client-099: M/s Sushila Garments,Velvet Roll (Label-405),44,112.12
INV-0689,2023-07-06,Client-121: M/s Harish Traders,Raw Silk Ribbon (Label-115),35,108.58
INV-3232,2025-01-18,Client-081: M/s Mahesh Traders,Cotton Herringbone (Label-203),60,44.44
INV-2875,2025-07-31,Client-036: M/s Rahul Enterprises,Banarasi Zari Border (Label-302),29,133.84
INV-1241,2025-07-26,Client-132: M/s Shanta Creations,Gold Zardozi (Label-501),130,258.61
INV-0063,2023-11-18,Client-142: M/s Vandana Boutique,Satin 1-Inch (Label-101),23,32.6
INV-0853,2023-09-27,Client-001: M/s Geeta Textiles,Raw Silk Ribbon (Label-115),-19,115.84
INV-3661,2026-03-29,Client-022: Shri Champa Traders,Metallic Zari (Label-306),230,163.08
INV-3283,2024-01-11,Client-105: M/s Anjali Collections,Jacquard Brocade (Label-315),19,190.15
INV-1263,2024-06-12,Client-031: M/s Paresh Garments,Banarasi Zari Border (Label-302),26,136.37
INV-0224,2026-07-30,Client-093: Shri Niraj Boutique,Gold Zardozi (Label-501),1447,264.56
INV-2194,2025-11-05,Client-138: Smt. Natubhai Weavers,Metallic Zari (Label-306),175,147.35
INV-0374,2024-11-08,Client-119: M/s Bhikhabhai Emporium,Nylon Woven (Label-501),91,29.67
INV-1825,2023-02-05,Client-120: M/s Usha Enterprises,Banarasi Zari Border (Label-302),201,158.51
INV-3365,2024-11-19,Client-139: M/s Gopal Fashion House,Chiffon Pleated (Label-119),58,70.16
INV-3825,2025-11-10,Client-031: M/s Paresh Garments,Lace Trim Border (Label-217),33,69.87
INV-3453,2026-04-04,Client-068: M/s Madhuri Fabrics,Metallic Zari (Label-306),113,169.95
INV-3572,2023-04-24,Client-105: M/s Anjali Collections,Gota Patti (Label-204),149,77.41
INV-2872,2023-01-11,Client-121: M/s Harish Traders,Satin 1-Inch (Label-101),281,32.97
INV-0010,2024-10-21,Client-114: M/s Padma Enterprises,Patola Woven Border (Label-330),172,235.69
INV-2498,2023-10-19,,Nylon Woven (Label-501),160,30.26
INV-1945,2023-09-02,Client-016: M/s Padma Garments,Metallic Zari (Label-306),1309,147.12
INV-1839,2025-11-06,Client-089: M/s Naresh Fashion House,Silk Printed (Label-112),165,92.7
INV-0709,2026-06-20,Client-028: Shri Tarun Industries,Velvet Roll (Label-405),183,130.08
INV-0256,2026-07-12,,Satin 2-Inch (Label-102),270,47.66
INV-2931,2023-04-15,Client-139: M/s Gopal Fashion House,Jacquard Brocade (Label-315),47,161.2
INV-1618,2025-04-01,Client-034: M/s Mansukhbhai Event Planners,Multicolor Taffeta (Label-308),57,85.65
INV-0390,2024-07-02,Client-094: M/s Dilip Weavers,Silver Tissue (Label-312),47,207.58
INV-1582,2024-05-18,Client-141: Shri Brijesh Event Planners,Satin 2-Inch (Label-102),33,50.39
INV-2957,2025-12-15,Client-148: M/s Navin Fabrics,Satin 1-Inch (Label-101),138,34.47
INV-0925,2025-08-25,Client-020: M/s Jagdish Fabrics,Patola Woven Border (Label-330),220,256.68
INV-3692,2023-06-09,Client-077: Shri Deepak Fashion House,Nylon Woven (Label-501),67,28.67
INV-3138,2025-08-07,Client-121: M/s Harish Traders,Jacquard Brocade (Label-315),106,182.14
INV-2509,2026-03-05,Client-040: M/s Drashti Fashion House,Chiffon Pleated (Label-119),17,72.45
INV-2037,2023-05-03,Client-102: M/s Sita Industries,Banarasi Zari Border (Label-302),34,141.04
INV-3182,2024-03-03,Client-033: M/s Vivek Fabrics,Satin 1-Inch (Label-101),541,32.74
INV-1225,2026-02-07,Client-081: M/s Mahesh Traders,Lace Trim Border (Label-217),94,58.6
INV-3007,2024-02-27,Client-076: Smt. Ashok Designs,Chanderi Block Print (Label-221),43,138.82
INV-2550,2026-06-13,Client-001: M/s Geeta Textiles,Velvet Roll (Label-405),77,119.59
INV-1947,2024-10-10,Client-044: Shri Meena Silk House,Kutch Embroidery Border (Label-407),164,240.22
INV-0740,2026-01-09,Client-117: Smt. Narottam Emporium,Chanderi Block Print (Label-221),72,141.72
INV-0041,2023-08-05,Client-093: Shri Niraj Boutique,Chanderi Block Print (Label-221),218,145.57
INV-0869,2025-04-27,Client-090: Shri Prital Handloom,Silver Tissue (Label-312),46,206.94
INV-2780,2023-11-23,Client-101: Smt. Manju Garments,Patola Woven Border (Label-330),135,268.67
INV-0540,2023-12-15,Client-143: M/s Prakash Silk House,Jacquard Brocade (Label-315),30,167.78
INV-2746,2024-04-03,,Patola Woven Border (Label-330),121,267.61
INV-3331,2026-05-23,Client-095: M/s Shardaben Handloom,Kutch Embroidery Border (Label-407),6,240.36
INV-2724,2023-02-06,Client-013: M/s Gopal Exports,Gold Zardozi (Label-501),216,272.62
INV-1372,2024-05-11,Client-113: Smt. Kantilal Exports,Organza Sheer (Label-210),17,54.68
INV-1146,2025-07-18,Client-127: M/s Nayna Boutique,Velvet Roll (Label-405),129,113.39
INV-1032,2026-03-20,Client-145: M/s Rahul Decorators,Multicolor Taffeta (Label-308),39,85.16
INV-0373,2024-12-03,Client-043: Smt. Manju Weavers,Nylon Woven (Label-501),117,28.09
INV-0668,2026-03-18,Client-043: Smt. Manju Weavers,Cotton Herringbone (Label-203),96,45.55
INV-3020,2026-01-04,Client-129: M/s Padma Industries,Gold Zardozi (Label-501),268,289.02
INV-0358,2024-07-28,Client-101: Smt. Manju Garments,Lace Trim Border (Label-217),528,59.98
INV-0968,2026-01-03,Client-149: Shri Alpesh Saree Centre,Nylon Woven (Label-501),67,30.38
INV-2832,2023-01-12,Client-124: M/s Bhavesh Exports,Banarasi Zari Border (Label-302),111,145.63
INV-2784,2023-03-22,Client-137: M/s Vandana Traders,Patola Woven Border (Label-330),156,238.43
INV-1354,2023-03-07,Client-126: M/s Mukesh Garments,Gota Patti (Label-204),388,79.67
INV-1036,2024-07-23,Client-022: Shri Champa Traders,Silver Tissue (Label-312),50,208.63
INV-3019,2023-02-01,Client-083: M/s Vandana Exports,Nylon Woven (Label-501),977,28.8
INV-0471,2023-04-25,Client-057: M/s Drashti Emporium,Kutch Embroidery Border (Label-407),38,245.94
INV-3554,2026-04-22,Client-057: M/s Drashti Emporium,Nylon Woven (Label-501),371,27.63
INV-1397,2024-01-11,Client-002: M/s Chandrika Fashion House,Satin 1-Inch (Label-101),73,37.59
INV-3975,2023-04-14,Client-016: M/s Padma Garments,Kutch Embroidery Border (Label-407),181,247.48
INV-1550,2024-07-03,Client-044: Shri Meena Silk House,Nylon Woven (Label-501),181,25.46
INV-1257,2026-04-01,Client-137: M/s Vandana Traders,Raw Silk Ribbon (Label-115),46,106.05
INV-2095,2023-06-29,Client-120: M/s Usha Enterprises,Raw Silk Ribbon (Label-115),249,113.3
INV-1556,2023-12-28,Client-005: M/s Nayna Garments,Silver Tissue (Label-312),573,201.14
INV-3439,2026-04-28,Client-017: M/s Rahul Creations,Polyester Grosgrain (Label-408),253,30.24
INV-1251,2026-07-01,Client-060: Smt. Seema Fabrics,Chiffon Pleated (Label-119),17,72.58
INV-1700,2024-10-15,Client-150: M/s Kantilal Event Planners,Embroidered Mirror Work (Label-422),173,215.75
INV-1253,2024-09-24,Client-032: Shri Lakshmi Event Planners,Chanderi Block Print (Label-221),1989,136.6
INV-3681,2025-03-25,Client-084: M/s Kantilal Embroidery Works,Cotton Herringbone (Label-203),95,38.31
INV-3705,2025-04-02,Client-124: M/s Bhavesh Exports,Multicolor Taffeta (Label-308),23,84.64
INV-2934,2026-06-13,Client-130: M/s Jignesh Creations,Kutch Embroidery Border (Label-407),142,227.63
INV-0080,2024-05-05,Client-080: Shri Nayna Weavers,Silver Tissue (Label-312),100,176.03
INV-1173,2023-05-25,Client-098: M/s Bhavna Garments,Satin 1-Inch (Label-101),18,34.29
INV-0815,2026-06-19,Client-120: M/s Usha Enterprises,Chanderi Block Print (Label-221),93,147.02
INV-1853,2025-12-20,Client-109: M/s Padma Silk House,Lace Trim Border (Label-217),98,60.16
INV-2221,2025-01-03,Client-123: M/s Alka Collections,Patola Woven Border (Label-330),16,260.38
INV-2720,2024-06-24,Client-011: M/s Kavya Industries,Velvet Roll (Label-405),65,113.81
INV-3495,2025-06-26,Client-092: M/s Pushpa Silk House,Gold Zardozi (Label-501),605,264.46
INV-2106,2025-06-19,Client-097: M/s Deepika Designs,Gota Patti (Label-204),396,84.05
INV-0134,2026-05-30,Client-033: M/s Vivek Fabrics,Cotton Herringbone (Label-203),97,43.04
INV-1141,2023-10-01,Client-084: M/s Kantilal Embroidery Works,Polyester Grosgrain (Label-408),374,30.07
INV-0934,2025-09-20,Client-136: M/s Anjali Decorators,Banarasi Zari Border (Label-302),186,140.44
INV-0929,2026-02-28,Client-122: M/s Bhikhabhai Enterprises,Kutch Embroidery Border (Label-407),117,214.78
INV-0824,2026-06-08,Client-059: M/s Sita Fabrics,Embroidered Mirror Work (Label-422),406,199.1
INV-1532,2024-09-15,Client-094: M/s Dilip Weavers,Cotton Herringbone (Label-203),89,45.72
INV-1215,2024-02-25,Client-041: M/s Varsha Handloom,Polyester Grosgrain (Label-408),152,33.33
INV-0505,2025-10-25,Client-133: Smt. Manisha Designs,Kutch Embroidery Border (Label-407),559,238.17
INV-3952,2025-05-30,Client-004: Smt. Narottam Fabrics,Banarasi Zari Border (Label-302),171,137.61
INV-2396,2025-03-15,Client-090: Shri Prital Handloom,Embroidered Mirror Work (Label-422),17,217.89
INV-1997,2024-09-01,Client-029: M/s Hitesh Boutique,Lace Trim Border (Label-217),168,68.01
INV-2435,2023-02-26,Client-096: M/s Kiran Emporium,Chiffon Pleated (Label-119),37,74.25
INV-3073,2024-10-07,Client-021: M/s Yash Emporium,Banarasi Zari Border (Label-302),113,152.07
INV-1959,2025-07-09,Client-044: Shri Meena Silk House,Banarasi Zari Border (Label-302),29,158.04
INV-1385,2024-03-23,Client-128: M/s Balaji Event Planners,Velvet Roll (Label-405),15,125.1
INV-0895,2024-02-10,Client-137: M/s Vandana Traders,Satin 1-Inch (Label-101),117,38.32
INV-0829,2024-10-12,Client-038: M/s Natubhai Creations,Gota Patti (Label-204),113,89.51
INV-3940,2024-12-01,Client-100: Smt. Kavita Saree Centre,Banarasi Zari Border (Label-302),15,157.03
INV-2524,2023-05-16,Client-015: M/s Savita Decorators,Embroidered Mirror Work (Label-422),92,206.05
INV-1684,2026-03-08,Client-060: Smt. Seema Fabrics,Silver Tissue (Label-312),58,178.08
INV-3423,2024-11-02,Client-022: Shri Champa Traders,Multicolor Taffeta (Label-308),513,80.37
INV-3686,2025-05-31,Client-116: Shri Alka Industries,Chiffon Pleated (Label-119),14,77.19
INV-3335,2023-11-12,Client-045: M/s Akash Saree Centre,Raw Silk Ribbon (Label-115),60,114.9
INV-0653,2026-04-22,Client-075: Smt. Seema Exports,Organza Sheer (Label-210),60,54.61
INV-0173,2024-05-22,Client-113: Smt. Kantilal Exports,Gold Zardozi (Label-501),30,281.27
INV-3198,2024-03-31,Client-119: M/s Bhikhabhai Emporium,Multicolor Taffeta (Label-308),30,81.52
INV-0039,2026-05-14,Client-145: M/s Rahul Decorators,Banarasi Zari Border (Label-302),18,140.57
INV-3815,2025-05-12,Client-068: M/s Madhuri Fabrics,Cotton Herringbone (Label-203),52,40.06
INV-0714,2023-12-24,Client-031: M/s Paresh Garments,Gold Zardozi (Label-501),72,277.76
INV-0091,2023-07-25,Client-113: Smt. Kantilal Exports,Velvet Roll (Label-405),166,120.62
INV-3936,2024-05-29,Client-001: M/s Geeta Textiles,Satin 1-Inch (Label-101),16,34.46
INV-1206,2026-06-27,Client-023: M/s Navin Embroidery Works,Patola Woven Border (Label-330),27,249.14
INV-2924,2024-02-11,Client-113: Smt. Kantilal Exports,Patola Woven Border (Label-330),71,231.01
INV-3280,2026-03-20,Client-018: Smt. Foram Fabrics,Cotton Herringbone (Label-203),7,43.73
INV-3435,2024-01-07,Client-079: M/s Savita Weavers,Embroidered Mirror Work (Label-422),339,202.72
INV-3142,2024-07-19,Client-080: Shri Nayna Weavers,Banarasi Zari Border (Label-302),148,149.56
INV-1828,2024-07-19,Client-127: M/s Nayna Boutique,Organza Sheer (Label-210),61,52.0
INV-1156,2026-04-03,Client-044: Shri Meena Silk House,Gold Zardozi (Label-501),375,279.6
INV-1325,2023-05-14,Client-034: M/s Mansukhbhai Event Planners,Silk Printed (Label-112),36,89.14
INV-0217,2026-05-24,Client-116: Shri Alka Industries,Lace Trim Border (Label-217),196,63.34
INV-0511,2023-08-19,Client-038: M/s Natubhai Creations,Kutch Embroidery Border (Label-407),273,234.04
INV-1681,2025-12-22,Client-008: M/s Natubhai Exports,Velvet Roll (Label-405),180,112.32
INV-0500,2025-01-26,Client-012: M/s Nayna Event Planners,Cotton Herringbone (Label-203),259,41.49
INV-3287,2024-10-04,Client-037: M/s Vinod Fashion House,Kutch Embroidery Border (Label-407),112,246.58
INV-1857,2023-10-03,Client-131: M/s Geeta Fabrics,Satin 1-Inch (Label-101),-13,32.57
INV-1389,2026-04-13,Client-131: M/s Geeta Fabrics,Chanderi Block Print (Label-221),103,141.53
INV-1520,2024-06-28,Client-126: M/s Mukesh Garments,Silver Tissue (Label-312),1938,194.83
INV-2387,2024-12-12,Client-038: M/s Natubhai Creations,Patola Woven Border (Label-330),204,262.58
INV-3622,2023-01-31,Client-066: Smt. Krunal Embroidery Works,Patola Woven Border (Label-330),118,268.41
INV-2077,2025-04-07,Client-105: M/s Anjali Collections,Lace Trim Border (Label-217),47,66.9
INV-1541,2024-02-18,Client-040: M/s Drashti Fashion House,Banarasi Zari Border (Label-302),38,134.21
INV-1218,2023-01-14,Client-122: M/s Bhikhabhai Enterprises,Metallic Zari (Label-306),117,153.18
INV-2682,2023-09-25,Client-136: M/s Anjali Decorators,Embroidered Mirror Work (Label-422),69,197.98
INV-3819,2023-11-16,Client-118: M/s Pravin Textiles,Lace Trim Border (Label-217),101,61.73
INV-2994,2025-03-06,Client-002: M/s Chandrika Fashion House,Silver Tissue (Label-312),71,176.09
INV-1417,2023-12-06,Client-065: Shri Arvind Emporium,Polyester Grosgrain (Label-408),156,32.0
INV-2218,2025-10-16,Client-040: M/s Drashti Fashion House,Raw Silk Ribbon (Label-115),467,119.24
INV-3892,2025-03-10,Client-147: M/s Jagdish Silk House,Metallic Zari (Label-306),371,167.33
INV-1677,2023-12-06,Client-125: Shri Padma Saree Centre,Embroidered Mirror Work (Label-422),71,226.08
INV-1198,2025-06-03,Client-127: M/s Nayna Boutique,Kutch Embroidery Border (Label-407),27,234.41
INV-1543,2023-08-29,Client-018: Smt. Foram Fabrics,Satin 2-Inch (Label-102),81,49.19
INV-2961,2023-03-31,Client-083: M/s Vandana Exports,Silver Tissue (Label-312),827,195.43
INV-2540,2023-08-30,Client-115: M/s Vijay Fashion House,Organza Sheer (Label-210),24,51.14
INV-0954,2025-10-04,Client-139: M/s Gopal Fashion House,Embroidered Mirror Work (Label-422),26,198.17
INV-3146,2025-09-24,Client-055: M/s Balaji Collections,Organza Sheer (Label-210),181,59.67
INV-3081,2023-10-17,Client-052: Smt. Anita Saree Centre,Polyester Grosgrain (Label-408),96,33.99
INV-2636,2026-03-24,Client-110: M/s Anita Embroidery Works,Lace Trim Border (Label-217),6,70.65
INV-0751,2023-11-08,Client-137: M/s Vandana Traders,Gota Patti (Label-204),122,79.66
INV-2706,2023-08-11,Client-058: Smt. Deepika Fashion House,Nylon Woven (Label-501),17,27.42
INV-0235,2023-06-16,Client-148: M/s Navin Fabrics,Cotton Herringbone (Label-203),116,43.27
INV-0733,2023-02-17,Client-061: M/s Poonam Enterprises,Patola Woven Border (Label-330),58,237.58
INV-3989,2025-12-31,Client-072: M/s Arun Fashion House,Satin 1-Inch (Label-101),59,32.99
INV-3607,2023-01-28,Client-122: M/s Bhikhabhai Enterprises,Velvet Roll (Label-405),13,113.78
INV-1157,2025-08-16,Client-082: M/s Dhaval Event Planners,Gold Zardozi (Label-501),20,276.24
INV-3450,2023-10-21,Client-150: M/s Kantilal Event Planners,Multicolor Taffeta (Label-308),55,92.07
INV-2446,2024-11-17,Client-106: Smt. Kamlesh Designs,Cotton Herringbone (Label-203),569,40.02
INV-2983,2025-06-11,Client-004: Smt. Narottam Fabrics,Polyester Grosgrain (Label-408),68,30.81
INV-1210,2023-08-22,Client-031: M/s Paresh Garments,Silver Tissue (Label-312),102,184.24
INV-1066,2025-06-02,Client-028: Shri Tarun Industries,Banarasi Zari Border (Label-302),13,153.5
INV-2157,2025-08-22,Client-113: Smt. Kantilal Exports,Polyester Grosgrain (Label-408),87,34.06
INV-1063,2023-10-12,Client-134: M/s Rakesh Weavers,Metallic Zari (Label-306),73,149.51
INV-2617,2024-07-02,Client-134: M/s Rakesh Weavers,Cotton Herringbone (Label-203),521,43.6
INV-1168,2024-08-05,Client-032: Shri Lakshmi Event Planners,Chiffon Pleated (Label-119),609,73.1
INV-3223,2023-11-12,Client-145: M/s Rahul Decorators,Organza Sheer (Label-210),27,57.39
INV-1493,2024-07-31,Client-026: Smt. Vivek Fabrics,Banarasi Zari Border (Label-302),182,135.45
INV-2939,2026-03-15,Client-130: M/s Jignesh Creations,Lace Trim Border (Label-217),-39,64.19
INV-2996,2023-06-12,Client-092: M/s Pushpa Silk House,Multicolor Taffeta (Label-308),382,95.58
INV-3097,2023-02-18,Client-095: M/s Shardaben Handloom,Nylon Woven (Label-501),17,26.96
INV-3281,2024-01-23,Client-084: M/s Kantilal Embroidery Works,Chiffon Pleated (Label-119),24,73.32
INV-3543,2023-01-20,Client-043: Smt. Manju Weavers,Silk Printed (Label-112),13,99.63
INV-3141,2023-11-13,Client-149: Shri Alpesh Saree Centre,Satin 2-Inch (Label-102),80,53.99
INV-0885,2023-03-16,Client-134: M/s Rakesh Weavers,Velvet Roll (Label-405),134,108.1
INV-0144,2024-12-18,Client-095: M/s Shardaben Handloom,Velvet Roll (Label-405),432,126.3
INV-3922,2025-08-15,Client-082: M/s Dhaval Event Planners,Multicolor Taffeta (Label-308),183,81.37
INV-0851,2023-11-04,Client-038: M/s Natubhai Creations,Jacquard Brocade (Label-315),119,184.42
INV-2783,2026-03-14,Client-146: M/s Yash Fashion House,Chiffon Pleated (Label-119),148,82.03
INV-0718,2025-02-01,Client-103: Shri Vijay Fashion House,Cotton Herringbone (Label-203),16,41.59
INV-3788,2023-05-23,Client-042: M/s Pooja Traders,Kutch Embroidery Border (Label-407),163,249.82
INV-2503,2023-03-24,Client-123: M/s Alka Collections,Satin 1-Inch (Label-101),94,33.97
INV-0265,2025-09-28,Client-090: Shri Prital Handloom,Silver Tissue (Label-312),29,211.91
INV-0076,2024-10-24,Client-104: M/s Nirmala Designs,Gold Zardozi (Label-501),-16,298.2
INV-2493,2025-04-09,Client-135: M/s Anjali Emporium,Embroidered Mirror Work (Label-422),119,196.01
INV-0396,2023-12-11,Client-075: Smt. Seema Exports,Polyester Grosgrain (Label-408),45,32.47
INV-3382,2026-06-18,Client-078: M/s Prital Exports,Satin 1-Inch (Label-101),14,36.85
INV-2225,2026-07-06,Client-112: M/s Indira Traders,Chiffon Pleated (Label-119),13,68.74
INV-3091,2023-06-13,Client-102: M/s Sita Industries,Jacquard Brocade (Label-315),212,164.71
INV-3727,2025-04-08,Client-005: M/s Nayna Garments,Gold Zardozi (Label-501),182,266.9
INV-0397,2025-11-19,Client-025: M/s Ruchita Exports,Organza Sheer (Label-210),30,60.09
INV-1366,2023-11-20,Client-138: Smt. Natubhai Weavers,Polyester Grosgrain (Label-408),375,33.07
INV-3316,2026-07-12,Client-039: Shri Jignesh Designs,Lace Trim Border (Label-217),57,59.85
INV-1904,2025-09-16,Client-137: M/s Vandana Traders,Gold Zardozi (Label-501),-19,265.7
INV-0596,2025-06-05,Client-124: M/s Bhavesh Exports,Gold Zardozi (Label-501),1373,295.74
INV-2110,2025-09-28,Client-092: M/s Pushpa Silk House,Metallic Zari (Label-306),61,157.28
INV-1297,2026-07-06,Client-065: Shri Arvind Emporium,Nylon Woven (Label-501),106,25.8
INV-1822,2024-05-26,Client-076: Smt. Ashok Designs,Metallic Zari (Label-306),9,162.27
INV-0873,2025-09-08,Client-010: M/s Pallavi Designs,Chanderi Block Print (Label-221),45,125.17
INV-3448,2025-01-29,Client-126: M/s Mukesh Garments,Metallic Zari (Label-306),537,164.32
INV-3877,2025-06-29,Client-004: Smt. Narottam Fabrics,Organza Sheer (Label-210),101,53.81
INV-2327,2026-07-17,Client-080: Shri Nayna Weavers,Patola Woven Border (Label-330),99,255.92
INV-1549,2025-11-16,Client-135: M/s Anjali Emporium,Cotton Herringbone (Label-203),389,40.35
INV-0037,2023-02-22,Client-148: M/s Navin Fabrics,Patola Woven Border (Label-330),115,270.4
INV-3476,2026-06-10,Client-035: M/s Chandrakant Silk House,Gold Zardozi (Label-501),10,303.02
INV-2711,2025-01-21,Client-087: M/s Mayur Creations,Nylon Woven (Label-501),39,27.96
INV-3353,2023-08-18,Client-115: M/s Vijay Fashion House,Organza Sheer (Label-210),337,58.58
INV-2144,2025-11-12,Client-057: M/s Drashti Emporium,Gota Patti (Label-204),185,79.88
INV-3532,2026-01-04,Client-024: M/s Chirag Industries,Jacquard Brocade (Label-315),359,185.69
INV-0978,2023-02-02,Client-021: M/s Yash Emporium,Gota Patti (Label-204),194,76.62
INV-1572,2025-02-26,Client-029: M/s Hitesh Boutique,Satin 2-Inch (Label-102),52,46.7
INV-1123,2023-07-04,Client-036: M/s Rahul Enterprises,Nylon Woven (Label-501),76,25.83
INV-2787,2026-01-15,Client-065: Shri Arvind Emporium,Gold Zardozi (Label-501),4,306.27
INV-2240,2025-03-20,Client-115: M/s Vijay Fashion House,Organza Sheer (Label-210),158,56.79
INV-2968,2025-06-25,Client-133: Smt. Manisha Designs,Velvet Roll (Label-405),71,126.89
INV-2505,2023-05-03,,Silk Printed (Label-112),70,97.48
INV-1893,2025-01-11,Client-041: M/s Varsha Handloom,Silver Tissue (Label-312),76,190.93
INV-0676,2025-09-14,Client-139: M/s Gopal Fashion House,Gota Patti (Label-204),46,91.75
INV-2809,2025-10-30,Client-101: Smt. Manju Garments,Lace Trim Border (Label-217),86,63.26
INV-3069,2025-11-24,Client-068: M/s Madhuri Fabrics,Multicolor Taffeta (Label-308),54,83.43
INV-0729,2023-12-10,Client-087: M/s Mayur Creations,Embroidered Mirror Work (Label-422),86,215.51
INV-0413,2023-07-02,Client-027: M/s Rajendra Creations,Velvet Roll (Label-405),190,115.52
INV-3147,2023-08-13,Client-093: Shri Niraj Boutique,Kutch Embroidery Border (Label-407),77,234.71
INV-1517,2025-06-18,Client-091: M/s Bharat Silk House,Embroidered Mirror Work (Label-422),14,189.24
INV-1650,2025-08-08,Client-102: M/s Sita Industries,Gota Patti (Label-204),357,92.47
INV-0826,2023-10-11,Client-052: Smt. Anita Saree Centre,Organza Sheer (Label-210),71,52.9
INV-3268,2023-09-20,Client-123: M/s Alka Collections,Silk Printed (Label-112),213,104.28
INV-0617,2026-06-14,Client-078: M/s Prital Exports,Satin 2-Inch (Label-102),147,52.9
INV-0115,2026-04-12,Client-096: M/s Kiran Emporium,Velvet Roll (Label-405),96,124.2
INV-0418,2023-10-14,Client-022: Shri Champa Traders,Nylon Woven (Label-501),211,28.3
INV-3070,2025-05-09,Client-139: M/s Gopal Fashion House,Lace Trim Border (Label-217),359,58.58
INV-1626,2023-11-15,Client-038: M/s Natubhai Creations,Chanderi Block Print (Label-221),26,127.26
INV-3018,2023-05-16,Client-056: M/s Shyamlal Textiles,Multicolor Taffeta (Label-308),17,91.6
INV-2653,2023-06-01,Client-142: M/s Vandana Boutique,Satin 1-Inch (Label-101),70,33.87
INV-3917,2023-01-09,Client-059: M/s Sita Fabrics,Patola Woven Border (Label-330),426,261.29
INV-0090,2023-11-08,Client-010: M/s Pallavi Designs,Organza Sheer (Label-210),47,55.03
INV-2897,2023-03-08,Client-032: Shri Lakshmi Event Planners,Gota Patti (Label-204),117,86.97
INV-3481,2024-10-24,Client-053: M/s Malti Enterprises,Metallic Zari (Label-306),337,161.13
INV-2083,2025-09-24,Client-097: M/s Deepika Designs,Banarasi Zari Border (Label-302),60,133.44
INV-0754,2025-01-30,Client-009: M/s Narottam Weavers,Metallic Zari (Label-306),304,146.57
INV-2547,2024-05-28,Client-125: Shri Padma Saree Centre,Metallic Zari (Label-306),173,148.74
INV-3325,2023-12-07,,Lace Trim Border (Label-217),366,66.48
INV-1631,2023-04-21,Client-110: M/s Anita Embroidery Works,Metallic Zari (Label-306),72,174.83
INV-0012,2023-07-11,Client-061: M/s Poonam Enterprises,Patola Woven Border (Label-330),51,240.52
INV-2445,2024-10-25,Client-145: M/s Rahul Decorators,Silk Printed (Label-112),240,92.12
INV-0285,2023-08-31,Client-041: M/s Varsha Handloom,Chiffon Pleated (Label-119),103,77.79
INV-1067,2023-05-02,Client-065: Shri Arvind Emporium,Banarasi Zari Border (Label-302),529,132.42
INV-1192,2024-09-11,Client-035: M/s Chandrakant Silk House,Gota Patti (Label-204),102,79.74
INV-1441,2023-07-03,Client-008: M/s Natubhai Exports,Jacquard Brocade (Label-315),1209,190.02
INV-3982,2025-04-29,Client-066: Smt. Krunal Embroidery Works,Metallic Zari (Label-306),80,147.41
INV-3731,2024-01-11,Client-104: M/s Nirmala Designs,Jacquard Brocade (Label-315),256,183.99
INV-2739,2023-10-29,Client-092: M/s Pushpa Silk House,Silver Tissue (Label-312),18,201.89
INV-3606,2026-04-27,Client-013: M/s Gopal Exports,Satin 1-Inch (Label-101),47,32.13
INV-1569,2026-01-18,Client-140: M/s Brijesh Weavers,Velvet Roll (Label-405),87,108.51
INV-2428,2023-01-25,Client-069: Smt. Mohan Designs,Kutch Embroidery Border (Label-407),41,231.4
INV-2738,2023-08-30,Client-145: M/s Rahul Decorators,Raw Silk Ribbon (Label-115),329,108.55
INV-3484,2024-03-14,,Organza Sheer (Label-210),168,54.85
INV-1688,2025-05-12,Client-116: Shri Alka Industries,Jacquard Brocade (Label-315),437,178.55
INV-0852,2024-09-22,Client-115: M/s Vijay Fashion House,Polyester Grosgrain (Label-408),578,32.81
INV-2208,2025-05-31,Client-128: M/s Balaji Event Planners,Satin 1-Inch (Label-101),107,32.79
INV-0896,2025-08-11,Client-024: M/s Chirag Industries,Multicolor Taffeta (Label-308),88,80.91
INV-0497,2026-05-14,Client-025: M/s Ruchita Exports,Gota Patti (Label-204),41,80.02
INV-2306,2023-05-06,Client-130: M/s Jignesh Creations,Gota Patti (Label-204),50,77.85
INV-1783,2023-03-10,Client-002: M/s Chandrika Fashion House,Lace Trim Border (Label-217),41,68.57
INV-0336,2026-03-06,Client-012: M/s Nayna Event Planners,Satin 1-Inch (Label-101),191,36.29
INV-2840,2023-01-15,Client-024: M/s Chirag Industries,Banarasi Zari Border (Label-302),-45,141.44
INV-3088,2024-10-13,Client-098: M/s Bhavna Garments,Chanderi Block Print (Label-221),108,147.66
INV-0516,2024-07-04,Client-006: M/s Naresh Exports,Metallic Zari (Label-306),50,170.16
INV-1349,2026-01-06,Client-006: M/s Naresh Exports,Kutch Embroidery Border (Label-407),29,243.13
INV-1016,2023-05-15,Client-118: M/s Pravin Textiles,Satin 1-Inch (Label-101),194,32.06
INV-2817,2025-05-09,Client-135: M/s Anjali Emporium,Velvet Roll (Label-405),49,113.72
INV-3745,2025-12-12,Client-091: M/s Bharat Silk House,Gota Patti (Label-204),185,76.75
INV-3738,2023-05-17,Client-073: M/s Lakshmi Event Planners,Chanderi Block Print (Label-221),75,122.56
INV-2810,2025-09-29,Client-099: M/s Sushila Garments,Silver Tissue (Label-312),155,188.15
INV-3295,2023-08-09,Client-003: M/s Vinod Traders,Nylon Woven (Label-501),152,25.32
INV-3252,2025-06-10,Client-077: Shri Deepak Fashion House,Kutch Embroidery Border (Label-407),417,227.6
INV-3771,2023-06-28,Client-133: Smt. Manisha Designs,Raw Silk Ribbon (Label-115),16,111.57
INV-3984,2025-08-25,Client-002: M/s Chandrika Fashion House,Organza Sheer (Label-210),173,58.32
INV-1782,2024-01-29,Client-007: M/s Hasmukh Collections,Chanderi Block Print (Label-221),203,147.42
INV-2570,2025-12-30,Client-032: Shri Lakshmi Event Planners,Satin 2-Inch (Label-102),29,51.68
INV-1786,2023-05-18,Client-097: M/s Deepika Designs,Satin 1-Inch (Label-101),467,35.48
INV-2071,2024-03-12,Client-079: M/s Savita Weavers,Metallic Zari (Label-306),144,168.53
INV-0357,2024-10-15,Client-126: M/s Mukesh Garments,Kutch Embroidery Border (Label-407),130,242.97
INV-3802,2023-08-22,Client-136: M/s Anjali Decorators,Kutch Embroidery Border (Label-407),38,246.73
INV-3326,2025-11-05,Client-019: M/s Sunil Collections,Raw Silk Ribbon (Label-115),105,115.85
INV-1313,2024-02-15,Client-052: Smt. Anita Saree Centre,Satin 1-Inch (Label-101),1792,33.89
INV-1636,2023-10-30,Client-082: M/s Dhaval Event Planners,Velvet Roll (Label-405),28,127.01
INV-0551,2025-02-03,Client-083: M/s Vandana Exports,Gold Zardozi (Label-501),245,262.67
INV-2389,2024-11-12,Client-120: M/s Usha Enterprises,Multicolor Taffeta (Label-308),385,92.47
INV-2480,2025-07-16,Client-037: M/s Vinod Fashion House,Embroidered Mirror Work (Label-422),49,200.7
INV-2522,2023-07-21,Client-130: M/s Jignesh Creations,Lace Trim Border (Label-217),56,63.86
INV-2266,2025-12-21,Client-056: M/s Shyamlal Textiles,Silk Printed (Label-112),232,96.3
INV-2960,2024-03-12,Client-105: M/s Anjali Collections,Gota Patti (Label-204),204,82.31
INV-1228,2025-04-08,Client-078: M/s Prital Exports,Satin 1-Inch (Label-101),16,31.76
INV-3567,2024-01-30,Client-041: M/s Varsha Handloom,Nylon Woven (Label-501),702,27.13
INV-3060,2024-11-15,Client-020: M/s Jagdish Fabrics,Multicolor Taffeta (Label-308),16,80.14
INV-0958,2026-03-22,,Satin 2-Inch (Label-102),19,49.78
INV-1774,2026-04-04,Client-104: M/s Nirmala Designs,Satin 1-Inch (Label-101),362,31.81
INV-2142,2023-09-16,Client-079: M/s Savita Weavers,Multicolor Taffeta (Label-308),193,86.88
INV-1009,2025-01-15,Client-029: M/s Hitesh Boutique,Chiffon Pleated (Label-119),115,72.98
INV-3119,2026-07-20,Client-003: M/s Vinod Traders,Satin 1-Inch (Label-101),694,34.95
INV-1093,2023-12-29,Client-078: M/s Prital Exports,Jacquard Brocade (Label-315),19,174.7
INV-3558,2024-06-16,Client-004: Smt. Narottam Fabrics,Satin 1-Inch (Label-101),95,34.04
INV-3357,2024-12-13,Client-042: M/s Pooja Traders,Silver Tissue (Label-312),138,188.63
INV-2745,2025-11-08,Client-011: M/s Kavya Industries,Gota Patti (Label-204),307,90.65
INV-3789,2023-01-31,Client-149: Shri Alpesh Saree Centre,Kutch Embroidery Border (Label-407),324,215.16
INV-0997,2025-12-04,Client-056: M/s Shyamlal Textiles,Kutch Embroidery Border (Label-407),224,228.78
INV-1680,2025-11-13,Client-105: M/s Anjali Collections,Polyester Grosgrain (Label-408),2013,32.66
INV-0154,2023-04-23,,Polyester Grosgrain (Label-408),136,34.85
INV-3148,2023-01-21,Client-004: Smt. Narottam Fabrics,Organza Sheer (Label-210),180,49.9
INV-3708,2023-07-20,Client-047: M/s Harish Creations,Chiffon Pleated (Label-119),230,74.2
INV-2909,2025-10-04,Client-103: Shri Vijay Fashion House,Jacquard Brocade (Label-315),146,161.5
INV-2838,2023-05-23,Client-045: M/s Akash Saree Centre,Silver Tissue (Label-312),32,207.0
INV-0581,2023-11-18,Client-121: M/s Harish Traders,Satin 2-Inch (Label-102),59,53.69
INV-1471,2025-06-07,Client-033: M/s Vivek Fabrics,Velvet Roll (Label-405),18,115.81
INV-0704,2025-04-24,Client-133: Smt. Manisha Designs,Silver Tissue (Label-312),153,175.88
INV-1213,2025-07-25,Client-029: M/s Hitesh Boutique,Velvet Roll (Label-405),132,126.76
INV-3344,2024-10-31,Client-138: Smt. Natubhai Weavers,Banarasi Zari Border (Label-302),24,141.79
INV-0897,2025-08-11,Client-058: Smt. Deepika Fashion House,Organza Sheer (Label-210),374,58.97
INV-3309,2023-10-31,Client-017: M/s Rahul Creations,Jacquard Brocade (Label-315),67,162.94
INV-0488,2025-05-09,Client-106: Smt. Kamlesh Designs,Satin 2-Inch (Label-102),130,53.82
INV-0560,2025-02-17,Client-065: Shri Arvind Emporium,Satin 2-Inch (Label-102),43,52.02
INV-1142,2024-01-08,Client-097: M/s Deepika Designs,Kutch Embroidery Border (Label-407),193,217.33
INV-1120,2024-06-13,Client-072: M/s Arun Fashion House,Patola Woven Border (Label-330),298,252.54
INV-2850,2024-10-29,Client-040: M/s Drashti Fashion House,Kutch Embroidery Border (Label-407),81,250.94
INV-0513,2024-12-05,Client-068: M/s Madhuri Fabrics,Chiffon Pleated (Label-119),16,77.32
INV-0634,2025-10-26,Client-078: M/s Prital Exports,Raw Silk Ribbon (Label-115),158,100.9
INV-3434,2024-08-07,Client-112: M/s Indira Traders,Jacquard Brocade (Label-315),308,168.56
INV-1665,2024-01-05,Client-127: M/s Nayna Boutique,Lace Trim Border (Label-217),60,70.37
INV-1013,2025-10-28,Client-071: M/s Kavya Fabrics,Banarasi Zari Border (Label-302),27,132.34
INV-1932,2025-08-24,Client-129: M/s Padma Industries,Velvet Roll (Label-405),176,113.78
INV-1151,2024-10-24,Client-102: M/s Sita Industries,Patola Woven Border (Label-330),149,235.61
INV-2839,2023-10-01,Client-017: M/s Rahul Creations,Organza Sheer (Label-210),179,51.7
INV-3740,2024-02-16,Client-046: M/s Bhikhabhai Textiles,Organza Sheer (Label-210),81,51.26
INV-0117,2023-05-10,Client-119: M/s Bhikhabhai Emporium,Polyester Grosgrain (Label-408),71,32.96
INV-0741,2025-06-09,Client-137: M/s Vandana Traders,Polyester Grosgrain (Label-408),92,34.62
INV-3677,2024-08-19,Client-054: Smt. Subhash Creations,Jacquard Brocade (Label-315),263,171.96
INV-1975,2023-06-14,Client-053: M/s Malti Enterprises,Embroidered Mirror Work (Label-422),56,192.79
INV-1082,2023-12-12,Client-051: M/s Brijesh Saree Centre,Metallic Zari (Label-306),357,150.41
INV-1811,2023-10-18,Client-061: M/s Poonam Enterprises,Multicolor Taffeta (Label-308),39,90.64
INV-0831,2026-07-28,Client-071: M/s Kavya Fabrics,Organza Sheer (Label-210),15,58.07
INV-0120,2026-01-11,Client-040: M/s Drashti Fashion House,Embroidered Mirror Work (Label-422),22,216.51
INV-0657,2025-09-25,Client-068: M/s Madhuri Fabrics,Lace Trim Border (Label-217),67,61.54
INV-3635,2026-01-31,Client-075: Smt. Seema Exports,Chiffon Pleated (Label-119),33,78.19
INV-3693,2026-01-15,Client-009: M/s Narottam Weavers,Kutch Embroidery Border (Label-407),219,217.36
INV-3906,2025-10-06,Client-083: M/s Vandana Exports,Cotton Herringbone (Label-203),38,44.62
INV-0636,2025-03-11,Client-140: M/s Brijesh Weavers,Polyester Grosgrain (Label-408),452,34.94
INV-0370,2023-06-25,Client-037: M/s Vinod Fashion House,Lace Trim Border (Label-217),145,62.55
INV-0269,2024-02-18,Client-070: M/s Yash Designs,Silver Tissue (Label-312),66,202.65
INV-2704,2025-03-13,Client-089: M/s Naresh Fashion House,Organza Sheer (Label-210),28,59.24
INV-2984,2025-09-30,Client-088: M/s Pooja Creations,Silver Tissue (Label-312),12,210.31
INV-2871,2025-09-05,Client-131: M/s Geeta Fabrics,Silk Printed (Label-112),83,86.58
INV-2915,2024-05-07,Client-122: M/s Bhikhabhai Enterprises,Gota Patti (Label-204),41,77.05
INV-0047,2024-07-19,Client-133: Smt. Manisha Designs,Silk Printed (Label-112),51,87.13
INV-3422,2024-12-10,Client-081: M/s Mahesh Traders,Velvet Roll (Label-405),21,117.75
INV-3698,2026-02-09,Client-073: M/s Lakshmi Event Planners,Silk Printed (Label-112),77,97.35
INV-0992,2025-07-20,Client-096: M/s Kiran Emporium,Organza Sheer (Label-210),52,54.54
INV-0877,2024-12-25,Client-039: Shri Jignesh Designs,Cotton Herringbone (Label-203),192,44.86
INV-0774,2024-01-24,Client-128: M/s Balaji Event Planners,Silver Tissue (Label-312),208,181.51
INV-1220,2025-12-20,Client-059: M/s Sita Fabrics,Organza Sheer (Label-210),104,58.32
INV-1127,2024-07-16,Client-066: Smt. Krunal Embroidery Works,Kutch Embroidery Border (Label-407),25,209.57
INV-0005,2024-02-08,Client-018: Smt. Foram Fabrics,Patola Woven Border (Label-330),67,271.04
INV-3052,2025-06-02,Client-092: M/s Pushpa Silk House,Multicolor Taffeta (Label-308),18,94.15
INV-1596,2023-09-14,Client-103: Shri Vijay Fashion House,Raw Silk Ribbon (Label-115),97,100.23
INV-3125,2026-01-12,Client-106: Smt. Kamlesh Designs,Gold Zardozi (Label-501),-43,266.18
INV-2312,2023-05-04,Client-111: Shri Rekha Textiles,Satin 1-Inch (Label-101),22,36.22
INV-3041,2023-04-05,Client-100: Smt. Kavita Saree Centre,Embroidered Mirror Work (Label-422),28,200.28
INV-3828,2025-08-07,Client-136: M/s Anjali Decorators,Embroidered Mirror Work (Label-422),91,200.92
INV-2492,2025-12-11,Client-134: M/s Rakesh Weavers,Lace Trim Border (Label-217),44,68.72
INV-3051,2023-02-17,Client-061: M/s Poonam Enterprises,Organza Sheer (Label-210),175,49.75
INV-1078,2025-06-28,Client-105: M/s Anjali Collections,Polyester Grosgrain (Label-408),57,35.1
INV-0838,2025-07-26,Client-110: M/s Anita Embroidery Works,Chiffon Pleated (Label-119),1420,79.14
INV-0682,2024-10-08,Client-028: Shri Tarun Industries,Organza Sheer (Label-210),3,54.19
INV-1716,2026-05-29,Client-111: Shri Rekha Textiles,Velvet Roll (Label-405),374,124.35
INV-2353,2025-03-21,Client-141: Shri Brijesh Event Planners,Satin 1-Inch (Label-101),46,37.2
INV-3414,2024-04-01,Client-084: M/s Kantilal Embroidery Works,Jacquard Brocade (Label-315),17,160.87
INV-2618,2025-11-23,Client-104: M/s Nirmala Designs,Gota Patti (Label-204),297,77.57
INV-2362,2023-11-24,Client-066: Smt. Krunal Embroidery Works,Metallic Zari (Label-306),56,150.26
INV-2198,2024-12-12,Client-038: M/s Natubhai Creations,Satin 1-Inch (Label-101),353,36.27
INV-1149,2023-10-26,,Cotton Herringbone (Label-203),133,39.78
INV-3262,2024-11-17,Client-090: Shri Prital Handloom,Polyester Grosgrain (Label-408),559,31.45
INV-0575,2025-02-16,Client-008: M/s Natubhai Exports,Patola Woven Border (Label-330),60,269.0
INV-0051,2026-02-01,Client-117: Smt. Narottam Emporium,Cotton Herringbone (Label-203),132,40.38
INV-0854,2025-10-18,Client-002: M/s Chandrika Fashion House,Raw Silk Ribbon (Label-115),27,118.42
INV-1983,2023-06-08,Client-036: M/s Rahul Enterprises,Satin 2-Inch (Label-102),84,46.88
INV-2775,2023-03-01,Client-147: M/s Jagdish Silk House,Multicolor Taffeta (Label-308),31,96.09
INV-1824,2023-09-12,Client-083: M/s Vandana Exports,Cotton Herringbone (Label-203),74,44.92
INV-0834,2025-09-03,Client-121: M/s Harish Traders,Chanderi Block Print (Label-221),99,131.6
INV-3426,2024-03-15,Client-037: M/s Vinod Fashion House,Polyester Grosgrain (Label-408),26,31.61
INV-1116,2023-05-12,Client-106: Smt. Kamlesh Designs,Cotton Herringbone (Label-203),98,44.72
INV-1167,2023-06-07,Client-128: M/s Balaji Event Planners,Patola Woven Border (Label-330),15,229.72
INV-2519,2023-02-15,Client-070: M/s Yash Designs,Metallic Zari (Label-306),35,174.08
INV-1907,2024-09-28,Client-022: Shri Champa Traders,Velvet Roll (Label-405),229,121.46
INV-0972,2023-05-11,Client-028: Shri Tarun Industries,Velvet Roll (Label-405),81,119.93
INV-2702,2025-08-25,Client-128: M/s Balaji Event Planners,Cotton Herringbone (Label-203),30,43.93
INV-0400,2026-07-09,Client-116: Shri Alka Industries,Satin 1-Inch (Label-101),810,35.94
INV-2560,2024-07-14,Client-140: M/s Brijesh Weavers,Embroidered Mirror Work (Label-422),61,189.69
INV-2369,2024-11-14,Client-100: Smt. Kavita Saree Centre,Metallic Zari (Label-306),262,158.65
INV-0020,2026-07-29,Client-134: M/s Rakesh Weavers,Satin 2-Inch (Label-102),16,51.27
INV-0685,2025-01-28,Client-124: M/s Bhavesh Exports,Cotton Herringbone (Label-203),7,46.1
INV-0036,2023-12-10,Client-030: M/s Shardaben Fashion House,Jacquard Brocade (Label-315),20,191.27
INV-2951,2024-06-26,Client-110: M/s Anita Embroidery Works,Gota Patti (Label-204),221,81.02
INV-3994,2024-12-25,Client-097: M/s Deepika Designs,Satin 2-Inch (Label-102),156,47.99
INV-2876,2023-07-02,Client-098: M/s Bhavna Garments,Chiffon Pleated (Label-119),587,69.07
INV-0525,2025-08-29,Client-090: Shri Prital Handloom,Lace Trim Border (Label-217),45,60.63
INV-2456,2024-01-06,Client-014: Shri Usha Fabrics,Banarasi Zari Border (Label-302),316,155.07
INV-0921,2024-04-29,Client-069: Smt. Mohan Designs,Embroidered Mirror Work (Label-422),417,227.92
INV-1842,2023-09-06,Client-136: M/s Anjali Decorators,Banarasi Zari Border (Label-302),50,148.11
INV-1891,2026-01-10,,Gota Patti (Label-204),127,90.14
INV-0538,2026-04-09,Client-147: M/s Jagdish Silk House,Silk Printed (Label-112),95,92.02
INV-2807,2025-03-07,Client-148: M/s Navin Fabrics,Jacquard Brocade (Label-315),121,171.63
INV-1706,2026-04-24,Client-132: M/s Shanta Creations,Metallic Zari (Label-306),61,168.34
INV-3903,2025-07-31,Client-146: M/s Yash Fashion House,Multicolor Taffeta (Label-308),28,91.45
INV-3111,2026-01-22,Client-063: Smt. Padma Saree Centre,Lace Trim Border (Label-217),47,67.42
INV-3248,2024-11-16,Client-032: Shri Lakshmi Event Planners,Organza Sheer (Label-210),152,50.0
INV-0246,2025-08-21,Client-003: M/s Vinod Traders,Velvet Roll (Label-405),165,118.34
INV-3465,2025-12-26,Client-147: M/s Jagdish Silk House,Satin 2-Inch (Label-102),33,48.07
INV-3176,2024-05-08,Client-094: M/s Dilip Weavers,Patola Woven Border (Label-330),437,251.45
INV-0785,2025-05-24,Client-043: Smt. Manju Weavers,Jacquard Brocade (Label-315),210,176.75
INV-1410,2023-09-12,Client-145: M/s Rahul Decorators,Jacquard Brocade (Label-315),43,164.3
INV-2538,2025-04-01,Client-061: M/s Poonam Enterprises,Polyester Grosgrain (Label-408),60,33.06
INV-0155,2024-06-07,Client-031: M/s Paresh Garments,Gota Patti (Label-204),39,84.96
INV-3010,2023-05-18,Client-100: Smt. Kavita Saree Centre,Nylon Woven (Label-501),390,29.83
INV-1687,2024-10-17,Client-013: M/s Gopal Exports,Satin 2-Inch (Label-102),110,49.99
INV-2902,2026-02-10,Client-031: M/s Paresh Garments,Gold Zardozi (Label-501),370,258.87
INV-3360,2026-02-06,Client-107: M/s Ramniklal Event Planners,Raw Silk Ribbon (Label-115),89,102.76
INV-0626,2024-01-30,Client-022: Shri Champa Traders,Velvet Roll (Label-405),23,112.02
INV-2734,2023-08-30,Client-107: M/s Ramniklal Event Planners,Gota Patti (Label-204),85,87.41
INV-3833,2024-12-07,Client-040: M/s Drashti Fashion House,Kutch Embroidery Border (Label-407),46,249.08
INV-1347,2023-09-20,Client-003: M/s Vinod Traders,Satin 2-Inch (Label-102),97,53.1
INV-0570,2023-04-04,,Organza Sheer (Label-210),144,56.8
INV-3907,2026-04-24,Client-012: M/s Nayna Event Planners,Metallic Zari (Label-306),291,153.15
INV-1759,2023-09-05,Client-064: Smt. Nayna Exports,Silk Printed (Label-112),139,87.47
INV-1817,2024-06-21,Client-056: M/s Shyamlal Textiles,Gota Patti (Label-204),15,82.3
INV-2066,2024-09-05,Client-137: M/s Vandana Traders,Nylon Woven (Label-501),27,27.11
INV-0128,2023-12-24,Client-007: M/s Hasmukh Collections,Organza Sheer (Label-210),1247,49.66
INV-3395,2023-03-26,Client-079: M/s Savita Weavers,Patola Woven Border (Label-330),28,265.74
INV-3328,2023-11-24,Client-082: M/s Dhaval Event Planners,Embroidered Mirror Work (Label-422),175,198.79
INV-3969,2026-01-24,Client-075: Smt. Seema Exports,Satin 1-Inch (Label-101),667,34.22
INV-2007,2025-03-27,Client-073: M/s Lakshmi Event Planners,Cotton Herringbone (Label-203),197,37.84
INV-2976,2023-06-10,Client-016: M/s Padma Garments,Nylon Woven (Label-501),255,29.86
INV-0981,2023-03-19,Client-128: M/s Balaji Event Planners,Raw Silk Ribbon (Label-115),210,119.91
INV-3965,2024-09-14,Client-077: Shri Deepak Fashion House,Jacquard Brocade (Label-315),150,186.43
INV-0191,2025-02-04,Client-021: M/s Yash Emporium,Lace Trim Border (Label-217),32,61.42
INV-1140,2023-09-24,Client-106: Smt. Kamlesh Designs,Metallic Zari (Label-306),339,158.45
INV-0993,2025-01-04,Client-052: Smt. Anita Saree Centre,Metallic Zari (Label-306),9,148.07
INV-0700,2026-01-06,Client-148: M/s Navin Fabrics,Cotton Herringbone (Label-203),211,43.63
INV-3636,2026-06-12,Client-060: Smt. Seema Fabrics,Polyester Grosgrain (Label-408),25,32.32
INV-0607,2024-08-09,Client-038: M/s Natubhai Creations,Banarasi Zari Border (Label-302),312,150.53
INV-0181,2023-11-14,Client-026: Smt. Vivek Fabrics,Gold Zardozi (Label-501),65,295.17
INV-0302,2024-01-22,Client-029: M/s Hitesh Boutique,Banarasi Zari Border (Label-302),130,153.97
INV-2545,2025-03-25,Client-083: M/s Vandana Exports,Multicolor Taffeta (Label-308),18,81.54
INV-3684,2026-01-12,Client-041: M/s Varsha Handloom,Kutch Embroidery Border (Label-407),33,212.42
INV-3699,2024-05-17,Client-042: M/s Pooja Traders,Polyester Grosgrain (Label-408),155,34.24
INV-1061,2025-12-12,Client-142: M/s Vandana Boutique,Velvet Roll (Label-405),328,118.02
INV-3760,2023-10-08,Client-146: M/s Yash Fashion House,Banarasi Zari Border (Label-302),68,138.65
INV-3835,2025-03-29,Client-119: M/s Bhikhabhai Emporium,Satin 2-Inch (Label-102),49,49.51
INV-2566,2025-05-23,Client-042: M/s Pooja Traders,Lace Trim Border (Label-217),23,59.77
INV-3985,2024-02-17,Client-137: M/s Vandana Traders,Embroidered Mirror Work (Label-422),281,189.71
INV-1070,2026-04-02,Client-042: M/s Pooja Traders,Gold Zardozi (Label-501),144,295.72
INV-2525,2025-04-28,Client-008: M/s Natubhai Exports,Metallic Zari (Label-306),8,174.0
INV-2206,2023-07-12,Client-147: M/s Jagdish Silk House,Patola Woven Border (Label-330),82,244.37
INV-1244,2025-12-06,Client-096: M/s Kiran Emporium,Polyester Grosgrain (Label-408),72,35.14
INV-3244,2024-11-25,Client-136: M/s Anjali Decorators,Silver Tissue (Label-312),9,199.74
INV-0017,2023-10-01,Client-136: M/s Anjali Decorators,Silver Tissue (Label-312),26,198.72
INV-3121,2024-06-05,Client-016: M/s Padma Garments,Chanderi Block Print (Label-221),637,126.54
INV-3972,2024-07-09,Client-084: M/s Kantilal Embroidery Works,Gold Zardozi (Label-501),61,275.99
INV-0547,2024-01-05,Client-125: Shri Padma Saree Centre,Metallic Zari (Label-306),32,164.19
INV-0659,2023-04-06,Client-083: M/s Vandana Exports,Velvet Roll (Label-405),3,124.89
INV-3599,2026-01-04,,Chiffon Pleated (Label-119),24,73.58
INV-3068,2026-06-05,Client-072: M/s Arun Fashion House,Gota Patti (Label-204),51,77.49
INV-3642,2026-02-26,Client-026: Smt. Vivek Fabrics,Metallic Zari (Label-306),19,155.59
INV-1505,2024-12-07,Client-136: M/s Anjali Decorators,Patola Woven Border (Label-330),148,255.46
INV-0960,2025-09-14,Client-138: Smt. Natubhai Weavers,Lace Trim Border (Label-217),196,62.83
INV-2927,2026-03-15,Client-060: Smt. Seema Fabrics,Jacquard Brocade (Label-315),43,184.18
INV-2332,2024-11-09,Client-033: M/s Vivek Fabrics,Metallic Zari (Label-306),483,169.01
INV-0798,2025-05-03,Client-031: M/s Paresh Garments,Nylon Woven (Label-501),142,29.39
INV-3349,2024-08-29,Client-029: M/s Hitesh Boutique,Raw Silk Ribbon (Label-115),135,102.1
INV-0226,2025-08-15,Client-142: M/s Vandana Boutique,Organza Sheer (Label-210),205,56.23
INV-2075,2024-09-13,Client-079: M/s Savita Weavers,Metallic Zari (Label-306),39,167.25
INV-3355,2023-11-26,Client-051: M/s Brijesh Saree Centre,Velvet Roll (Label-405),-36,125.65
INV-1800,2023-10-10,Client-031: M/s Paresh Garments,Raw Silk Ribbon (Label-115),104,120.62
INV-2486,2023-01-18,Client-044: Shri Meena Silk House,Cotton Herringbone (Label-203),29,42.11
INV-3948,2025-10-28,Client-035: M/s Chandrakant Silk House,Chanderi Block Print (Label-221),111,129.27
INV-3437,2023-08-08,Client-123: M/s Alka Collections,Silk Printed (Label-112),33,91.06
INV-2278,2024-08-16,Client-144: M/s Pooja Fashion House,Jacquard Brocade (Label-315),13,189.03
INV-2086,2026-03-21,Client-023: M/s Navin Embroidery Works,Multicolor Taffeta (Label-308),31,83.52
INV-1694,2025-07-19,Client-032: Shri Lakshmi Event Planners,Lace Trim Border (Label-217),43,70.69
INV-2798,2023-04-17,Client-008: M/s Natubhai Exports,Patola Woven Border (Label-330),52,269.74
INV-1046,2024-01-16,Client-075: Smt. Seema Exports,Silver Tissue (Label-312),103,194.63
INV-3447,2026-06-13,Client-150: M/s Kantilal Event Planners,Lace Trim Border (Label-217),165,64.19
INV-0470,2024-04-21,Client-026: Smt. Vivek Fabrics,Nylon Woven (Label-501),93,28.88
INV-0955,2025-06-23,Client-027: M/s Rajendra Creations,Banarasi Zari Border (Label-302),210,132.61
INV-3968,2025-07-11,Client-140: M/s Brijesh Weavers,Chanderi Block Print (Label-221),77,134.54
INV-2736,2026-05-18,Client-063: Smt. Padma Saree Centre,Gold Zardozi (Label-501),134,259.76
INV-3842,2024-08-05,Client-145: M/s Rahul Decorators,Satin 1-Inch (Label-101),7,33.02
INV-0640,2025-11-15,Client-048: M/s Bhavesh Traders,Nylon Woven (Label-501),77,28.65
INV-3702,2024-07-05,Client-024: M/s Chirag Industries,Jacquard Brocade (Label-315),27,188.29
INV-1219,2024-06-28,Client-107: M/s Ramniklal Event Planners,Lace Trim Border (Label-217),462,66.68
INV-1159,2025-01-08,Client-073: M/s Lakshmi Event Planners,Cotton Herringbone (Label-203),208,42.95
INV-1416,2025-02-26,Client-021: M/s Yash Emporium,Gold Zardozi (Label-501),36,302.96
INV-3611,2024-08-06,Client-120: M/s Usha Enterprises,Gold Zardozi (Label-501),86,270.4
INV-1528,2026-04-25,Client-039: Shri Jignesh Designs,Nylon Woven (Label-501),183,25.87
INV-3893,2025-05-12,Client-125: Shri Padma Saree Centre,Chiffon Pleated (Label-119),160,82.47
INV-1301,2023-09-19,Client-114: M/s Padma Enterprises,Banarasi Zari Border (Label-302),62,139.24
INV-3882,2026-05-24,Client-011: M/s Kavya Industries,Raw Silk Ribbon (Label-115),55,102.7
INV-2849,2024-03-20,Client-150: M/s Kantilal Event Planners,Jacquard Brocade (Label-315),10,190.98
INV-1604,2024-08-01,Client-129: M/s Padma Industries,Silk Printed (Label-112),17,91.47
INV-0161,2023-06-11,Client-080: Shri Nayna Weavers,Metallic Zari (Label-306),21,151.09
INV-1705,2025-08-16,Client-049: Shri Ketan Industries,Satin 2-Inch (Label-102),625,46.05
INV-0957,2023-03-19,Client-069: Smt. Mohan Designs,Organza Sheer (Label-210),45,57.2
INV-3235,2024-12-01,Client-070: M/s Yash Designs,Gota Patti (Label-204),21,86.18
INV-2870,2026-03-28,Client-090: Shri Prital Handloom,Patola Woven Border (Label-330),401,226.2
INV-3881,2025-11-04,Client-111: Shri Rekha Textiles,Satin 2-Inch (Label-102),77,45.43
INV-0878,2025-02-07,Client-043: Smt. Manju Weavers,Kutch Embroidery Border (Label-407),114,234.86
INV-1920,2024-03-07,Client-035: M/s Chandrakant Silk House,Jacquard Brocade (Label-315),34,175.85
INV-2962,2023-02-14,Client-093: Shri Niraj Boutique,Cotton Herringbone (Label-203),72,44.1
INV-1885,2023-09-20,Client-124: M/s Bhavesh Exports,Satin 2-Inch (Label-102),21,51.01
INV-2201,2024-09-15,Client-146: M/s Yash Fashion House,Gold Zardozi (Label-501),34,304.99
INV-0099,2024-01-04,Client-021: M/s Yash Emporium,Raw Silk Ribbon (Label-115),123,118.16
INV-3770,2024-04-23,Client-018: Smt. Foram Fabrics,Lace Trim Border (Label-217),94,67.07
INV-2558,2026-04-01,Client-068: M/s Madhuri Fabrics,Gota Patti (Label-204),3236,85.52
INV-3184,2026-06-20,Client-079: M/s Savita Weavers,Gold Zardozi (Label-501),153,256.9
INV-3299,2023-12-22,Client-095: M/s Shardaben Handloom,Silk Printed (Label-112),185,86.56
INV-0254,2025-12-26,Client-145: M/s Rahul Decorators,Polyester Grosgrain (Label-408),-29,31.84
INV-0104,2023-08-07,Client-147: M/s Jagdish Silk House,Lace Trim Border (Label-217),59,65.97
INV-1446,2023-08-25,Client-029: M/s Hitesh Boutique,Satin 1-Inch (Label-101),563,33.88
INV-1444,2024-11-12,Client-148: M/s Navin Fabrics,Raw Silk Ribbon (Label-115),96,100.42
INV-1649,2023-08-23,Client-121: M/s Harish Traders,Velvet Roll (Label-405),53,116.41
INV-0587,2025-07-23,Client-094: M/s Dilip Weavers,Banarasi Zari Border (Label-302),243,154.18
INV-0628,2025-05-18,Client-053: M/s Malti Enterprises,Silver Tissue (Label-312),105,207.82
INV-1697,2026-01-05,Client-014: Shri Usha Fabrics,Cotton Herringbone (Label-203),27,45.22
INV-3192,2023-09-07,Client-136: M/s Anjali Decorators,Lace Trim Border (Label-217),43,70.46
INV-2102,2026-03-27,Client-038: M/s Natubhai Creations,Silk Printed (Label-112),76,91.36
INV-2200,2023-10-01,Client-056: M/s Shyamlal Textiles,Patola Woven Border (Label-330),26,247.61
INV-0404,2024-03-09,Client-083: M/s Vandana Exports,Polyester Grosgrain (Label-408),456,30.96
INV-1155,2024-09-11,Client-095: M/s Shardaben Handloom,Organza Sheer (Label-210),286,60.15
INV-2256,2024-04-23,,Gota Patti (Label-204),41,86.07
INV-2864,2026-02-09,Client-120: M/s Usha Enterprises,Gold Zardozi (Label-501),64,280.19
INV-1683,2024-10-05,Client-082: M/s Dhaval Event Planners,Gota Patti (Label-204),113,88.69
INV-3171,2026-05-01,Client-026: Smt. Vivek Fabrics,Raw Silk Ribbon (Label-115),162,119.47
INV-3742,2025-05-09,Client-136: M/s Anjali Decorators,Organza Sheer (Label-210),56,54.58
INV-2057,2024-05-16,Client-117: Smt. Narottam Emporium,Jacquard Brocade (Label-315),460,158.91
INV-3063,2024-10-15,Client-130: M/s Jignesh Creations,Organza Sheer (Label-210),14,49.53
INV-3792,2023-07-05,Client-002: M/s Chandrika Fashion House,Silver Tissue (Label-312),252,191.99
INV-3109,2023-05-12,Client-077: Shri Deepak Fashion House,Chanderi Block Print (Label-221),60,138.06
INV-0453,2023-09-05,Client-054: Smt. Subhash Creations,Multicolor Taffeta (Label-308),18,84.63
INV-2302,2024-02-13,Client-021: M/s Yash Emporium,Jacquard Brocade (Label-315),132,160.71
INV-1328,2023-04-20,Client-072: M/s Arun Fashion House,Organza Sheer (Label-210),93,58.87
INV-2945,2025-09-04,Client-013: M/s Gopal Exports,Cotton Herringbone (Label-203),127,38.16
INV-2050,2023-12-13,Client-124: M/s Bhavesh Exports,Jacquard Brocade (Label-315),71,174.44
INV-0881,2024-03-18,Client-045: M/s Akash Saree Centre,Velvet Roll (Label-405),776,116.98
INV-3644,2023-11-11,Client-075: Smt. Seema Exports,Embroidered Mirror Work (Label-422),29,220.85
INV-3887,2024-01-17,Client-029: M/s Hitesh Boutique,Raw Silk Ribbon (Label-115),112,113.44
INV-0624,2023-08-21,Client-139: M/s Gopal Fashion House,Polyester Grosgrain (Label-408),84,28.96
INV-2394,2024-06-05,Client-043: Smt. Manju Weavers,Nylon Woven (Label-501),146,29.03
INV-3691,2023-07-31,Client-044: Shri Meena Silk House,Raw Silk Ribbon (Label-115),42,100.02
INV-1788,2024-11-08,,Polyester Grosgrain (Label-408),282,34.7
INV-0263,2026-01-23,Client-068: M/s Madhuri Fabrics,Raw Silk Ribbon (Label-115),153,109.65
INV-1635,2023-10-24,Client-082: M/s Dhaval Event Planners,Gota Patti (Label-204),50,79.06
INV-3370,2023-02-10,Client-124: M/s Bhavesh Exports,Satin 2-Inch (Label-102),1456,48.86
INV-1439,2026-01-28,Client-120: M/s Usha Enterprises,Jacquard Brocade (Label-315),175,188.87
INV-2199,2024-07-19,Client-008: M/s Natubhai Exports,Raw Silk Ribbon (Label-115),599,109.8
INV-1970,2025-11-04,Client-110: M/s Anita Embroidery Works,Cotton Herringbone (Label-203),122,45.81
INV-2521,2024-04-02,Client-057: M/s Drashti Emporium,Nylon Woven (Label-501),252,27.8
INV-1803,2024-05-26,Client-020: M/s Jagdish Fabrics,Banarasi Zari Border (Label-302),688,134.17
INV-0641,2023-08-23,Client-146: M/s Yash Fashion House,Banarasi Zari Border (Label-302),96,155.19
INV-3983,2024-06-09,Client-067: M/s Bhavik Traders,Satin 1-Inch (Label-101),81,36.89
INV-2386,2026-08-02,Client-045: M/s Akash Saree Centre,Kutch Embroidery Border (Label-407),188,225.48
INV-2599,2024-03-08,Client-100: Smt. Kavita Saree Centre,Silk Printed (Label-112),26,101.18
INV-3886,2026-02-07,Client-013: M/s Gopal Exports,Metallic Zari (Label-306),85,149.22
INV-1960,2023-11-15,Client-054: Smt. Subhash Creations,Embroidered Mirror Work (Label-422),4,203.57
INV-2977,2026-02-11,Client-054: Smt. Subhash Creations,Embroidered Mirror Work (Label-422),52,202.2
INV-0489,2025-02-07,Client-123: M/s Alka Collections,Kutch Embroidery Border (Label-407),3621,236.94
INV-1844,2024-05-14,Client-093: Shri Niraj Boutique,Nylon Woven (Label-501),623,27.75
INV-1735,2025-12-01,Client-032: Shri Lakshmi Event Planners,Embroidered Mirror Work (Label-422),147,222.4
INV-2912,2023-09-04,Client-086: M/s Neha Fashion House,Silk Printed (Label-112),31,104.5
INV-3220,2025-09-06,Client-114: M/s Padma Enterprises,Cotton Herringbone (Label-203),186,38.9
INV-0147,2024-11-26,Client-047: M/s Harish Creations,Organza Sheer (Label-210),122,55.73
INV-1535,2024-01-14,Client-126: M/s Mukesh Garments,Lace Trim Border (Label-217),207,62.85
INV-1987,2023-07-27,Client-104: M/s Nirmala Designs,Gota Patti (Label-204),41,79.24
INV-1370,2025-08-03,Client-103: Shri Vijay Fashion House,Silk Printed (Label-112),-43,93.04
INV-2451,2024-07-08,Client-118: M/s Pravin Textiles,Silver Tissue (Label-312),174,188.81
INV-3913,2025-04-14,Client-061: M/s Poonam Enterprises,Embroidered Mirror Work (Label-422),75,193.31
INV-3003,2024-07-03,Client-110: M/s Anita Embroidery Works,Cotton Herringbone (Label-203),67,40.37
INV-2812,2026-07-10,Client-132: M/s Shanta Creations,Kutch Embroidery Border (Label-407),71,210.43
INV-0660,2024-07-14,Client-068: M/s Madhuri Fabrics,Kutch Embroidery Border (Label-407),84,232.04
INV-1795,2026-05-10,Client-021: M/s Yash Emporium,Silver Tissue (Label-312),67,194.17
INV-3421,2024-10-19,Client-044: Shri Meena Silk House,Jacquard Brocade (Label-315),82,177.96
INV-2512,2025-05-06,Client-107: M/s Ramniklal Event Planners,Organza Sheer (Label-210),68,54.2
INV-3398,2025-07-04,Client-004: Smt. Narottam Fabrics,Banarasi Zari Border (Label-302),607,130.52
INV-0187,2023-11-28,Client-036: M/s Rahul Enterprises,Cotton Herringbone (Label-203),68,38.24
INV-1148,2026-05-13,Client-073: M/s Lakshmi Event Planners,Patola Woven Border (Label-330),83,234.47
INV-3273,2024-11-20,Client-150: M/s Kantilal Event Planners,Organza Sheer (Label-210),126,58.95
INV-0609,2026-02-24,Client-144: M/s Pooja Fashion House,Chiffon Pleated (Label-119),65,71.06
INV-2192,2024-04-25,Client-092: M/s Pushpa Silk House,Satin 1-Inch (Label-101),61,38.21
INV-2800,2023-09-13,Client-139: M/s Gopal Fashion House,Jacquard Brocade (Label-315),36,184.74
INV-3583,2025-07-28,Client-047: M/s Harish Creations,Chiffon Pleated (Label-119),-25,74.3
INV-1931,2024-10-24,Client-014: Shri Usha Fabrics,Organza Sheer (Label-210),613,55.13
INV-3030,2024-03-10,Client-032: Shri Lakshmi Event Planners,Banarasi Zari Border (Label-302),-36,154.17
INV-0198,2025-05-29,,Lace Trim Border (Label-217),110,61.63
INV-3682,2026-06-15,Client-141: Shri Brijesh Event Planners,Metallic Zari (Label-306),877,147.48
INV-2932,2023-11-21,Client-008: M/s Natubhai Exports,Chanderi Block Print (Label-221),476,143.19
INV-2328,2026-05-11,Client-073: M/s Lakshmi Event Planners,Metallic Zari (Label-306),34,167.19
INV-0294,2024-09-23,Client-102: M/s Sita Industries,Cotton Herringbone (Label-203),42,44.66
INV-0767,2024-12-12,Client-113: Smt. Kantilal Exports,Silk Printed (Label-112),27,85.91
INV-0401,2023-07-10,Client-072: M/s Arun Fashion House,Lace Trim Border (Label-217),370,64.41
INV-0123,2025-01-04,Client-071: M/s Kavya Fabrics,Silk Printed (Label-112),232,103.9
INV-3256,2025-03-01,Client-145: M/s Rahul Decorators,Embroidered Mirror Work (Label-422),243,214.89
INV-0203,2024-11-24,Client-045: M/s Akash Saree Centre,Patola Woven Border (Label-330),22,248.23
INV-3511,2024-03-16,Client-004: Smt. Narottam Fabrics,Organza Sheer (Label-210),92,55.51
INV-0836,2023-01-31,Client-106: Smt. Kamlesh Designs,Nylon Woven (Label-501),48,29.36
INV-2295,2024-12-10,Client-142: M/s Vandana Boutique,Silk Printed (Label-112),152,94.79
INV-1440,2025-09-14,Client-062: M/s Deepak Creations,Nylon Woven (Label-501),155,26.39
INV-1734,2024-11-09,Client-107: M/s Ramniklal Event Planners,Cotton Herringbone (Label-203),340,40.4
INV-1696,2025-06-11,Client-023: M/s Navin Embroidery Works,Silk Printed (Label-112),87,99.26
INV-3900,2026-04-18,Client-056: M/s Shyamlal Textiles,Kutch Embroidery Border (Label-407),55,209.01
INV-1708,2025-01-14,Client-116: Shri Alka Industries,Raw Silk Ribbon (Label-115),558,110.3
INV-3879,2024-02-28,Client-061: M/s Poonam Enterprises,Metallic Zari (Label-306),10,167.07
INV-1154,2026-05-10,Client-012: M/s Nayna Event Planners,Gota Patti (Label-204),67,80.81
INV-1662,2024-08-31,Client-063: Smt. Padma Saree Centre,Chiffon Pleated (Label-119),32,79.06
INV-3475,2025-01-01,Client-030: M/s Shardaben Fashion House,Velvet Roll (Label-405),148,117.12
INV-2433,2026-03-05,Client-106: Smt. Kamlesh Designs,Chanderi Block Print (Label-221),115,131.27
INV-3751,2025-03-06,Client-123: M/s Alka Collections,Embroidered Mirror Work (Label-422),170,226.56
INV-1760,2025-11-01,Client-015: M/s Savita Decorators,Velvet Roll (Label-405),817,115.2
INV-0855,2026-04-20,Client-117: Smt. Narottam Emporium,Embroidered Mirror Work (Label-422),293,207.56
INV-1590,2024-05-16,Client-146: M/s Yash Fashion House,Embroidered Mirror Work (Label-422),87,195.29
INV-2268,2025-02-06,Client-055: M/s Balaji Collections,Chiffon Pleated (Label-119),262,69.62
INV-0642,2026-01-29,Client-141: Shri Brijesh Event Planners,Satin 1-Inch (Label-101),334,33.53
INV-0002,2023-03-20,Client-112: M/s Indira Traders,Lace Trim Border (Label-217),76,67.97
INV-2161,2026-05-20,Client-093: Shri Niraj Boutique,Nylon Woven (Label-501),21,30.07
INV-0699,2023-05-29,Client-088: M/s Pooja Creations,Velvet Roll (Label-405),20,127.27
INV-3914,2023-10-13,Client-109: M/s Padma Silk House,Gota Patti (Label-204),16,84.11
INV-3000,2026-04-20,Client-137: M/s Vandana Traders,Banarasi Zari Border (Label-302),28,143.87
INV-3697,2024-11-22,Client-009: M/s Narottam Weavers,Nylon Woven (Label-501),140,29.99
INV-1637,2024-06-22,Client-001: M/s Geeta Textiles,Multicolor Taffeta (Label-308),104,95.8
INV-3185,2025-03-28,Client-083: M/s Vandana Exports,Lace Trim Border (Label-217),281,65.98
INV-3459,2026-03-19,Client-043: Smt. Manju Weavers,Velvet Roll (Label-405),68,118.69
INV-3458,2024-11-20,Client-006: M/s Naresh Exports,Raw Silk Ribbon (Label-115),104,113.45
INV-3582,2023-12-13,Client-082: M/s Dhaval Event Planners,Velvet Roll (Label-405),1076,125.99
INV-1292,2023-09-07,Client-120: M/s Usha Enterprises,Satin 2-Inch (Label-102),186,48.61
INV-3806,2023-04-09,Client-132: M/s Shanta Creations,Chanderi Block Print (Label-221),27,136.06
INV-2490,2023-03-28,Client-097: M/s Deepika Designs,Organza Sheer (Label-210),204,49.51
INV-1521,2023-09-18,Client-103: Shri Vijay Fashion House,Gold Zardozi (Label-501),45,292.66
INV-1854,2024-05-09,Client-031: M/s Paresh Garments,Metallic Zari (Label-306),68,172.72
INV-1137,2026-01-26,Client-117: Smt. Narottam Emporium,Gota Patti (Label-204),84,89.45
INV-3305,2025-06-18,Client-106: Smt. Kamlesh Designs,Cotton Herringbone (Label-203),31,43.35
INV-3863,2025-12-30,Client-033: M/s Vivek Fabrics,Nylon Woven (Label-501),26,26.97
INV-1632,2024-02-11,Client-108: M/s Shyam Event Planners,Satin 2-Inch (Label-102),468,49.75
INV-3744,2023-04-23,Client-112: M/s Indira Traders,Organza Sheer (Label-210),393,53.8
INV-3446,2025-11-19,Client-077: Shri Deepak Fashion House,Raw Silk Ribbon (Label-115),17,115.52
INV-1999,2026-07-20,Client-071: M/s Kavya Fabrics,Lace Trim Border (Label-217),175,71.13
INV-0664,2025-11-19,Client-055: M/s Balaji Collections,Organza Sheer (Label-210),347,51.56
INV-0684,2025-03-24,Client-106: Smt. Kamlesh Designs,Silver Tissue (Label-312),401,206.07
INV-1258,2025-10-03,Client-006: M/s Naresh Exports,Metallic Zari (Label-306),178,157.98
INV-3767,2025-12-06,Client-055: M/s Balaji Collections,Multicolor Taffeta (Label-308),47,80.1
INV-3749,2024-09-05,Client-052: Smt. Anita Saree Centre,Velvet Roll (Label-405),415,117.34
INV-0318,2025-08-12,Client-092: M/s Pushpa Silk House,Polyester Grosgrain (Label-408),238,30.47
INV-0649,2026-05-27,Client-072: M/s Arun Fashion House,Organza Sheer (Label-210),241,59.3
INV-1435,2024-10-28,Client-060: Smt. Seema Fabrics,Raw Silk Ribbon (Label-115),545,109.66
INV-1480,2025-10-01,Client-134: M/s Rakesh Weavers,Lace Trim Border (Label-217),120,66.38
INV-0710,2025-10-05,Client-139: M/s Gopal Fashion House,Banarasi Zari Border (Label-302),62,155.09
INV-3431,2024-02-16,Client-134: M/s Rakesh Weavers,Raw Silk Ribbon (Label-115),1209,120.57
INV-1283,2023-02-10,Client-092: M/s Pushpa Silk House,Silk Printed (Label-112),171,87.21
INV-1769,2025-10-27,Client-135: M/s Anjali Emporium,Chiffon Pleated (Label-119),281,75.2
INV-0973,2024-03-27,Client-052: Smt. Anita Saree Centre,Embroidered Mirror Work (Label-422),344,203.17
INV-2676,2025-12-19,Client-067: M/s Bhavik Traders,Chanderi Block Print (Label-221),325,141.3
INV-2681,2024-09-21,Client-041: M/s Varsha Handloom,Gota Patti (Label-204),789,80.63
INV-1307,2023-05-19,Client-050: Smt. Balaji Boutique,Kutch Embroidery Border (Label-407),18,212.8
INV-1401,2024-09-12,Client-115: M/s Vijay Fashion House,Chanderi Block Print (Label-221),526,126.94
INV-1409,2025-09-29,Client-019: M/s Sunil Collections,Embroidered Mirror Work (Label-422),1198,226.17
INV-3297,2025-07-23,Client-003: M/s Vinod Traders,Multicolor Taffeta (Label-308),118,94.26
INV-2238,2024-07-12,Client-003: M/s Vinod Traders,Embroidered Mirror Work (Label-422),19,223.59
INV-3303,2026-04-05,Client-005: M/s Nayna Garments,Satin 1-Inch (Label-101),139,34.68
INV-1497,2025-01-28,Client-064: Smt. Nayna Exports,Patola Woven Border (Label-330),153,255.44
INV-3420,2026-01-02,Client-064: Smt. Nayna Exports,Raw Silk Ribbon (Label-115),105,106.62
INV-2039,2024-06-21,Client-149: Shri Alpesh Saree Centre,Velvet Roll (Label-405),9,125.33
INV-1530,2023-04-15,Client-135: M/s Anjali Emporium,Polyester Grosgrain (Label-408),46,33.28
INV-1664,2023-07-31,Client-032: Shri Lakshmi Event Planners,Velvet Roll (Label-405),309,111.4
INV-1355,2025-03-01,Client-060: Smt. Seema Fabrics,Polyester Grosgrain (Label-408),69,33.02
INV-3896,2023-09-23,Client-143: M/s Prakash Silk House,Multicolor Taffeta (Label-308),47,79.3
INV-3924,2024-09-07,Client-104: M/s Nirmala Designs,Kutch Embroidery Border (Label-407),71,216.88
INV-3628,2025-04-12,Client-038: M/s Natubhai Creations,Chiffon Pleated (Label-119),434,68.59
INV-1644,2026-05-03,Client-112: M/s Indira Traders,Chiffon Pleated (Label-119),81,71.78
INV-1052,2026-07-10,Client-031: M/s Paresh Garments,Lace Trim Border (Label-217),195,65.16
INV-0796,2026-03-26,Client-025: M/s Ruchita Exports,Raw Silk Ribbon (Label-115),111,113.13
INV-2694,2026-05-13,Client-120: M/s Usha Enterprises,Velvet Roll (Label-405),310,121.07
INV-3061,2024-06-25,Client-094: M/s Dilip Weavers,Cotton Herringbone (Label-203),44,45.5
INV-1598,2025-04-09,Client-043: Smt. Manju Weavers,Banarasi Zari Border (Label-302),13,153.8
INV-2605,2024-07-20,Client-148: M/s Navin Fabrics,Gota Patti (Label-204),55,87.58
INV-2730,2023-10-28,Client-027: M/s Rajendra Creations,Polyester Grosgrain (Label-408),223,28.94
INV-2626,2025-08-23,Client-137: M/s Vandana Traders,Metallic Zari (Label-306),42,159.78
INV-1820,2025-11-28,Client-098: M/s Bhavna Garments,Multicolor Taffeta (Label-308),132,92.32
INV-3158,2024-06-23,Client-139: M/s Gopal Fashion House,Cotton Herringbone (Label-203),9,38.36
INV-3315,2023-06-01,Client-013: M/s Gopal Exports,Satin 2-Inch (Label-102),31,47.91
INV-1723,2025-05-26,Client-046: M/s Bhikhabhai Textiles,Cotton Herringbone (Label-203),256,45.2
INV-1184,2026-03-10,Client-091: M/s Bharat Silk House,Cotton Herringbone (Label-203),307,42.72
INV-2573,2023-06-26,Client-042: M/s Pooja Traders,Organza Sheer (Label-210),290,53.26
INV-1060,2024-03-22,Client-057: M/s Drashti Emporium,Silk Printed (Label-112),51,100.61
INV-0541,2024-06-13,Client-144: M/s Pooja Fashion House,Jacquard Brocade (Label-315),193,190.64
INV-3243,2024-01-15,Client-100: Smt. Kavita Saree Centre,Patola Woven Border (Label-330),14,263.23
INV-1679,2024-12-23,Client-017: M/s Rahul Creations,Multicolor Taffeta (Label-308),374,82.14
INV-2797,2023-01-02,Client-048: M/s Bhavesh Traders,Patola Woven Border (Label-330),82,256.26
INV-3851,2025-04-03,Client-002: M/s Chandrika Fashion House,Satin 1-Inch (Label-101),31,34.82
INV-3479,2025-02-12,Client-066: Smt. Krunal Embroidery Works,Satin 1-Inch (Label-101),474,37.22
INV-2533,2023-01-01,Client-050: Smt. Balaji Boutique,Jacquard Brocade (Label-315),64,188.9
INV-1758,2023-01-14,Client-052: Smt. Anita Saree Centre,Velvet Roll (Label-405),237,109.61
INV-1924,2026-02-19,Client-089: M/s Naresh Fashion House,Chanderi Block Print (Label-221),173,121.88
INV-0096,2024-04-10,Client-112: M/s Indira Traders,Velvet Roll (Label-405),56,126.25
INV-1021,2025-11-30,Client-106: Smt. Kamlesh Designs,Kutch Embroidery Border (Label-407),96,222.77
INV-0564,2024-06-22,Client-052: Smt. Anita Saree Centre,Lace Trim Border (Label-217),122,67.64
INV-3313,2023-04-07,Client-118: M/s Pravin Textiles,Gold Zardozi (Label-501),200,254.35
INV-2791,2026-01-19,Client-100: Smt. Kavita Saree Centre,Satin 2-Inch (Label-102),143,46.96
INV-0864,2023-04-30,Client-136: M/s Anjali Decorators,Satin 1-Inch (Label-101),1713,34.89
INV-3647,2025-08-07,Client-099: M/s Sushila Garments,Cotton Herringbone (Label-203),324,44.14
INV-3763,2024-10-02,Client-069: Smt. Mohan Designs,Jacquard Brocade (Label-315),29,160.7
INV-1485,2023-10-21,Client-019: M/s Sunil Collections,Chanderi Block Print (Label-221),142,141.28
INV-2940,2023-05-07,Client-067: M/s Bhavik Traders,Silver Tissue (Label-312),165,177.33
INV-3626,2024-12-31,Client-031: M/s Paresh Garments,Nylon Woven (Label-501),266,28.44
INV-1882,2025-01-01,Client-076: Smt. Ashok Designs,Velvet Roll (Label-405),150,113.25
INV-1039,2025-01-27,Client-004: Smt. Narottam Fabrics,Polyester Grosgrain (Label-408),168,31.01
INV-0207,2024-01-27,Client-013: M/s Gopal Exports,Chanderi Block Print (Label-221),318,130.46
INV-0393,2023-06-28,Client-031: M/s Paresh Garments,Nylon Woven (Label-501),135,26.38
INV-2843,2023-06-28,Client-046: M/s Bhikhabhai Textiles,Jacquard Brocade (Label-315),129,188.99
INV-0871,2025-11-03,Client-002: M/s Chandrika Fashion House,Velvet Roll (Label-405),374,124.46
INV-0398,2023-05-02,Client-033: M/s Vivek Fabrics,Organza Sheer (Label-210),162,52.25
INV-2815,2025-03-18,Client-084: M/s Kantilal Embroidery Works,Polyester Grosgrain (Label-408),72,31.7
INV-3840,2023-04-12,Client-120: M/s Usha Enterprises,Chiffon Pleated (Label-119),10,69.7
INV-3290,2023-03-18,Client-082: M/s Dhaval Event Planners,Banarasi Zari Border (Label-302),2813,135.0
INV-1029,2025-12-28,Client-007: M/s Hasmukh Collections,Chiffon Pleated (Label-119),437,81.47
INV-2691,2026-08-01,Client-075: Smt. Seema Exports,Nylon Woven (Label-501),30,26.35
INV-1486,2024-01-30,Client-145: M/s Rahul Decorators,Patola Woven Border (Label-330),423,257.39
INV-2661,2025-06-18,Client-138: Smt. Natubhai Weavers,Chanderi Block Print (Label-221),209,131.53
INV-3811,2024-07-18,Client-108: M/s Shyam Event Planners,Silver Tissue (Label-312),15,175.59
INV-0961,2023-04-24,Client-024: M/s Chirag Industries,Lace Trim Border (Label-217),79,65.45
INV-1571,2023-02-19,Client-099: M/s Sushila Garments,Organza Sheer (Label-210),660,53.39
INV-2774,2023-08-24,Client-046: M/s Bhikhabhai Textiles,Silver Tissue (Label-312),176,202.08
INV-1896,2025-10-24,Client-125: Shri Padma Saree Centre,Banarasi Zari Border (Label-302),11,135.05
INV-2732,2024-04-01,Client-037: M/s Vinod Fashion House,Embroidered Mirror Work (Label-422),26,205.98
INV-2147,2023-12-06,Client-058: Smt. Deepika Fashion House,Organza Sheer (Label-210),94,55.45
INV-0805,2026-03-16,Client-135: M/s Anjali Emporium,Nylon Woven (Label-501),12,26.56
INV-1752,2026-03-04,Client-014: Shri Usha Fabrics,Chiffon Pleated (Label-119),65,69.39
INV-3646,2023-05-13,Client-007: M/s Hasmukh Collections,Multicolor Taffeta (Label-308),55,82.78
INV-2455,2025-09-29,Client-122: M/s Bhikhabhai Enterprises,Embroidered Mirror Work (Label-422),18,205.25
INV-0503,2025-12-06,Client-138: Smt. Natubhai Weavers,Patola Woven Border (Label-330),98,268.34
INV-3120,2024-10-03,Client-101: Smt. Manju Garments,Jacquard Brocade (Label-315),114,167.51
INV-3105,2024-04-17,Client-017: M/s Rahul Creations,Banarasi Zari Border (Label-302),115,130.78
INV-2978,2023-09-15,Client-149: Shri Alpesh Saree Centre,Cotton Herringbone (Label-203),30,40.55
INV-0780,2026-02-16,Client-107: M/s Ramniklal Event Planners,Lace Trim Border (Label-217),38,68.83
INV-1864,2023-12-13,Client-067: M/s Bhavik Traders,Raw Silk Ribbon (Label-115),119,115.58
INV-0201,2025-02-03,Client-005: M/s Nayna Garments,Lace Trim Border (Label-217),108,68.75
INV-2183,2025-04-08,Client-038: M/s Natubhai Creations,Metallic Zari (Label-306),79,161.05
INV-3100,2023-01-22,Client-107: M/s Ramniklal Event Planners,Banarasi Zari Border (Label-302),63,132.79
INV-2089,2024-10-19,Client-118: M/s Pravin Textiles,Lace Trim Border (Label-217),17,62.83
INV-3066,2024-12-01,Client-014: Shri Usha Fabrics,Multicolor Taffeta (Label-308),174,82.22
INV-2279,2025-04-30,Client-105: M/s Anjali Collections,Jacquard Brocade (Label-315),626,177.16
INV-3562,2024-06-30,Client-005: M/s Nayna Garments,Organza Sheer (Label-210),83,57.27
INV-1797,2025-09-05,Client-059: M/s Sita Fabrics,Gota Patti (Label-204),1218,92.33
INV-0379,2025-09-29,Client-081: M/s Mahesh Traders,Raw Silk Ribbon (Label-115),513,107.55
INV-2337,2023-10-21,Client-016: M/s Padma Garments,Satin 2-Inch (Label-102),56,47.47
INV-0419,2026-05-29,Client-007: M/s Hasmukh Collections,Patola Woven Border (Label-330),23,268.79
INV-1699,2025-02-16,Client-044: Shri Meena Silk House,Organza Sheer (Label-210),246,55.92
INV-0392,2024-05-21,Client-009: M/s Narottam Weavers,Multicolor Taffeta (Label-308),107,83.83
INV-2641,2024-02-23,Client-077: Shri Deepak Fashion House,Patola Woven Border (Label-330),9,246.59
INV-1523,2023-01-28,Client-061: M/s Poonam Enterprises,Banarasi Zari Border (Label-302),572,150.17
INV-1163,2025-10-10,Client-092: M/s Pushpa Silk House,Silver Tissue (Label-312),104,194.42
INV-3135,2023-09-12,Client-126: M/s Mukesh Garments,Gota Patti (Label-204),84,88.17
INV-1496,2023-09-16,Client-146: M/s Yash Fashion House,Cotton Herringbone (Label-203),21,38.24
INV-2696,2023-10-03,Client-083: M/s Vandana Exports,Nylon Woven (Label-501),250,25.42
INV-2028,2024-05-26,Client-121: M/s Harish Traders,Patola Woven Border (Label-330),210,229.55
INV-1153,2024-11-12,Client-121: M/s Harish Traders,Lace Trim Border (Label-217),155,71.46
INV-1368,2023-08-04,Client-084: M/s Kantilal Embroidery Works,Embroidered Mirror Work (Label-422),15,207.94
INV-2569,2024-07-07,Client-030: M/s Shardaben Fashion House,Multicolor Taffeta (Label-308),175,85.14
INV-0065,2025-07-18,Client-060: Smt. Seema Fabrics,Cotton Herringbone (Label-203),238,44.42
INV-2063,2023-08-17,Client-114: M/s Padma Enterprises,Chanderi Block Print (Label-221),115,126.76
INV-1181,2025-09-05,Client-033: M/s Vivek Fabrics,Patola Woven Border (Label-330),1406,270.15
INV-3113,2026-03-12,Client-004: Smt. Narottam Fabrics,Chanderi Block Print (Label-221),132,122.02
INV-0493,2026-05-28,Client-041: M/s Varsha Handloom,Banarasi Zari Border (Label-302),13,133.44
INV-0380,2023-08-22,Client-118: M/s Pravin Textiles,Raw Silk Ribbon (Label-115),284,102.8
INV-2236,2023-04-02,Client-064: Smt. Nayna Exports,Raw Silk Ribbon (Label-115),71,113.71
INV-0764,2023-07-03,Client-128: M/s Balaji Event Planners,Satin 1-Inch (Label-101),16,36.3
INV-2265,2025-03-06,Client-087: M/s Mayur Creations,Metallic Zari (Label-306),39,165.29
INV-0792,2024-07-19,Client-131: M/s Geeta Fabrics,Silver Tissue (Label-312),37,197.76
INV-1077,2025-10-08,Client-073: M/s Lakshmi Event Planners,Multicolor Taffeta (Label-308),172,89.77
INV-0879,2023-08-28,Client-079: M/s Savita Weavers,Metallic Zari (Label-306),14,166.71
INV-0338,2024-02-29,Client-102: M/s Sita Industries,Satin 1-Inch (Label-101),30,33.59
INV-3821,2025-07-08,,Polyester Grosgrain (Label-408),125,30.35
INV-2768,2024-04-29,Client-065: Shri Arvind Emporium,Velvet Roll (Label-405),303,117.56
INV-3797,2023-05-11,Client-138: Smt. Natubhai Weavers,Multicolor Taffeta (Label-308),77,82.54
INV-2344,2023-11-18,Client-081: M/s Mahesh Traders,Velvet Roll (Label-405),261,130.49
INV-3774,2023-02-11,Client-061: M/s Poonam Enterprises,Lace Trim Border (Label-217),126,63.85
INV-1017,2024-08-13,Client-020: M/s Jagdish Fabrics,Velvet Roll (Label-405),45,111.95
INV-1276,2025-07-16,Client-083: M/s Vandana Exports,Metallic Zari (Label-306),669,150.74
INV-3799,2024-07-23,Client-063: Smt. Padma Saree Centre,Banarasi Zari Border (Label-302),74,150.72
INV-3534,2024-06-06,Client-110: M/s Anita Embroidery Works,Gold Zardozi (Label-501),62,289.77
INV-0456,2024-09-04,Client-045: M/s Akash Saree Centre,Gota Patti (Label-204),29,92.69
INV-3343,2025-04-02,Client-003: M/s Vinod Traders,Velvet Roll (Label-405),21,126.33
INV-0816,2024-07-09,Client-093: Shri Niraj Boutique,Velvet Roll (Label-405),277,108.46
INV-2318,2025-04-05,Client-119: M/s Bhikhabhai Emporium,Multicolor Taffeta (Label-308),27,81.89
INV-0996,2026-06-06,Client-148: M/s Navin Fabrics,Silver Tissue (Label-312),13,208.85
INV-1982,2025-01-11,Client-001: M/s Geeta Textiles,Raw Silk Ribbon (Label-115),347,112.18
INV-0202,2026-07-10,Client-149: Shri Alpesh Saree Centre,Metallic Zari (Label-306),96,148.27
INV-0162,2023-06-06,Client-030: M/s Shardaben Fashion House,Gold Zardozi (Label-501),197,280.56
INV-1580,2023-10-24,Client-033: M/s Vivek Fabrics,Jacquard Brocade (Label-315),70,184.36
INV-2778,2025-04-09,Client-038: M/s Natubhai Creations,Gota Patti (Label-204),-16,82.71
INV-2450,2024-01-10,Client-128: M/s Balaji Event Planners,Lace Trim Border (Label-217),124,61.69
INV-0703,2026-07-21,Client-057: M/s Drashti Emporium,Patola Woven Border (Label-330),211,260.06
INV-1501,2024-05-06,Client-043: Smt. Manju Weavers,Kutch Embroidery Border (Label-407),91,209.64
INV-3894,2025-04-14,Client-084: M/s Kantilal Embroidery Works,Kutch Embroidery Border (Label-407),-36,224.29
INV-3844,2026-01-18,Client-009: M/s Narottam Weavers,Kutch Embroidery Border (Label-407),75,235.19
INV-1130,2026-05-25,Client-014: Shri Usha Fabrics,Patola Woven Border (Label-330),71,236.98
INV-2614,2024-02-16,Client-071: M/s Kavya Fabrics,Satin 2-Inch (Label-102),84,54.64
INV-3462,2025-10-30,Client-006: M/s Naresh Exports,Multicolor Taffeta (Label-308),-8,96.12
INV-1022,2024-10-30,Client-136: M/s Anjali Decorators,Silver Tissue (Label-312),41,192.86
INV-3074,2025-06-21,Client-146: M/s Yash Fashion House,Organza Sheer (Label-210),154,51.7
INV-3460,2025-01-28,Client-144: M/s Pooja Fashion House,Embroidered Mirror Work (Label-422),1049,227.83
INV-1586,2023-10-13,Client-037: M/s Vinod Fashion House,Silver Tissue (Label-312),269,213.4
INV-1956,2023-12-31,Client-145: M/s Rahul Decorators,Metallic Zari (Label-306),24,157.25
INV-3153,2023-04-28,Client-060: Smt. Seema Fabrics,Multicolor Taffeta (Label-308),37,87.24
INV-2254,2023-08-17,Client-105: M/s Anjali Collections,Gold Zardozi (Label-501),66,281.92
INV-0035,2023-08-23,Client-056: M/s Shyamlal Textiles,Multicolor Taffeta (Label-308),241,91.51
INV-0776,2023-09-23,Client-009: M/s Narottam Weavers,Silk Printed (Label-112),104,87.53
INV-2557,2024-04-01,Client-077: Shri Deepak Fashion House,Chanderi Block Print (Label-221),111,144.51
INV-3500,2023-12-15,Client-060: Smt. Seema Fabrics,Satin 1-Inch (Label-101),56,35.78
INV-1479,2025-11-29,Client-076: Smt. Ashok Designs,Patola Woven Border (Label-330),694,251.71
INV-3004,2025-08-14,Client-038: M/s Natubhai Creations,Silk Printed (Label-112),351,101.56
INV-1391,2024-05-13,Client-016: M/s Padma Garments,Organza Sheer (Label-210),378,53.62
INV-2140,2025-11-29,Client-094: M/s Dilip Weavers,Embroidered Mirror Work (Label-422),646,215.98
INV-1364,2023-12-25,Client-046: M/s Bhikhabhai Textiles,Raw Silk Ribbon (Label-115),90,115.13
INV-2946,2023-08-30,Client-023: M/s Navin Embroidery Works,Kutch Embroidery Border (Label-407),85,226.48
INV-2613,2025-12-20,Client-117: Smt. Narottam Emporium,Lace Trim Border (Label-217),62,62.44
INV-3418,2023-07-07,Client-018: Smt. Foram Fabrics,Satin 2-Inch (Label-102),111,47.37
INV-2825,2025-07-10,Client-072: M/s Arun Fashion House,Polyester Grosgrain (Label-408),21,34.32
INV-2042,2025-06-29,Client-116: Shri Alka Industries,Cotton Herringbone (Label-203),33,42.57
INV-0242,2026-06-14,Client-041: M/s Varsha Handloom,Metallic Zari (Label-306),40,173.88
INV-2062,2024-03-16,Client-077: Shri Deepak Fashion House,Kutch Embroidery Border (Label-407),398,207.44
INV-2364,2025-11-14,Client-053: M/s Malti Enterprises,Jacquard Brocade (Label-315),249,161.44
INV-0601,2024-10-04,Client-142: M/s Vandana Boutique,Chanderi Block Print (Label-221),243,127.37
INV-2436,2024-04-05,Client-033: M/s Vivek Fabrics,Satin 2-Inch (Label-102),111,51.15
INV-1298,2024-11-28,Client-086: M/s Neha Fashion House,Gold Zardozi (Label-501),1455,296.47
INV-2215,2025-06-21,Client-046: M/s Bhikhabhai Textiles,Gold Zardozi (Label-501),71,260.34
INV-2889,2025-01-05,Client-139: M/s Gopal Fashion House,Lace Trim Border (Label-217),24,63.54
INV-2069,2023-05-15,Client-078: M/s Prital Exports,Velvet Roll (Label-405),321,130.21
INV-0647,2026-08-05,Client-093: Shri Niraj Boutique,Organza Sheer (Label-210),26,56.98
INV-3891,2023-10-09,Client-051: M/s Brijesh Saree Centre,Satin 1-Inch (Label-101),161,34.61
INV-3557,2025-10-23,Client-147: M/s Jagdish Silk House,Polyester Grosgrain (Label-408),-10,29.76
INV-3203,2023-12-31,Client-017: M/s Rahul Creations,Polyester Grosgrain (Label-408),25,29.99
INV-1529,2024-07-14,Client-038: M/s Natubhai Creations,Embroidered Mirror Work (Label-422),229,189.74
INV-2880,2026-01-03,,Jacquard Brocade (Label-315),884,173.44
INV-1268,2025-04-13,Client-129: M/s Padma Industries,Silk Printed (Label-112),119,100.37
INV-3639,2025-05-19,Client-032: Shri Lakshmi Event Planners,Metallic Zari (Label-306),901,159.12
INV-1900,2026-05-23,Client-025: M/s Ruchita Exports,Kutch Embroidery Border (Label-407),347,243.46
INV-0563,2026-06-19,Client-030: M/s Shardaben Fashion House,Velvet Roll (Label-405),365,119.95
INV-3951,2023-12-09,Client-108: M/s Shyam Event Planners,Organza Sheer (Label-210),83,53.58
INV-2735,2024-03-18,Client-059: M/s Sita Fabrics,Gold Zardozi (Label-501),76,285.98
INV-3006,2025-10-03,Client-022: Shri Champa Traders,Multicolor Taffeta (Label-308),33,86.92
INV-0190,2024-03-30,Client-090: Shri Prital Handloom,Gota Patti (Label-204),82,83.55
INV-1807,2026-02-03,Client-063: Smt. Padma Saree Centre,Gold Zardozi (Label-501),18,302.01
INV-0976,2025-04-30,Client-095: M/s Shardaben Handloom,Silver Tissue (Label-312),178,181.94
INV-2748,2025-03-03,Client-020: M/s Jagdish Fabrics,Satin 1-Inch (Label-101),107,36.18
INV-3548,2023-07-04,Client-031: M/s Paresh Garments,Chiffon Pleated (Label-119),166,79.47
INV-2048,2025-11-24,Client-044: Shri Meena Silk House,Lace Trim Border (Label-217),29,66.87
INV-3754,2023-07-24,Client-113: Smt. Kantilal Exports,Gota Patti (Label-204),320,93.47
INV-2559,2025-07-09,Client-001: M/s Geeta Textiles,Embroidered Mirror Work (Label-422),139,191.01
INV-1083,2025-04-07,Client-109: M/s Padma Silk House,Satin 2-Inch (Label-102),11,47.79
INV-0475,2023-07-04,Client-057: M/s Drashti Emporium,Gota Patti (Label-204),-11,85.45
INV-3633,2025-05-20,Client-020: M/s Jagdish Fabrics,Gota Patti (Label-204),33,81.88
INV-2905,2025-01-20,Client-038: M/s Natubhai Creations,Kutch Embroidery Border (Label-407),47,208.4
INV-0748,2025-11-24,Client-070: M/s Yash Designs,Polyester Grosgrain (Label-408),11,32.95
INV-2301,2026-07-16,Client-028: Shri Tarun Industries,Raw Silk Ribbon (Label-115),10,101.68
INV-0022,2023-06-15,Client-060: Smt. Seema Fabrics,Chiffon Pleated (Label-119),68,77.91
INV-3386,2026-05-30,Client-078: M/s Prital Exports,Velvet Roll (Label-405),17,117.86
INV-0460,2023-06-03,,Satin 1-Inch (Label-101),283,32.88
INV-1185,2023-02-03,Client-119: M/s Bhikhabhai Emporium,Jacquard Brocade (Label-315),1681,185.02
INV-2325,2023-08-06,Client-083: M/s Vandana Exports,Satin 2-Inch (Label-102),725,51.08
INV-0956,2024-05-28,Client-005: M/s Nayna Garments,Satin 2-Inch (Label-102),120,46.49
INV-1216,2025-10-17,Client-026: Smt. Vivek Fabrics,Organza Sheer (Label-210),87,56.62
INV-2434,2024-06-21,Client-111: Shri Rekha Textiles,Banarasi Zari Border (Label-302),97,155.75
INV-2854,2026-01-11,Client-143: M/s Prakash Silk House,Polyester Grosgrain (Label-408),78,30.51
INV-3486,2024-07-08,Client-136: M/s Anjali Decorators,Kutch Embroidery Border (Label-407),1375,217.58
INV-1516,2024-01-09,Client-069: Smt. Mohan Designs,Velvet Roll (Label-405),10,131.74
INV-2392,2026-03-20,Client-053: M/s Malti Enterprises,Chiffon Pleated (Label-119),106,68.73
INV-0770,2025-08-17,Client-142: M/s Vandana Boutique,Jacquard Brocade (Label-315),2119,159.91
INV-3381,2026-04-01,Client-006: M/s Naresh Exports,Multicolor Taffeta (Label-308),269,83.92
INV-1686,2023-06-03,Client-108: M/s Shyam Event Planners,Patola Woven Border (Label-330),63,262.81
INV-0131,2026-04-30,Client-129: M/s Padma Industries,Nylon Woven (Label-501),101,30.49
INV-3736,2023-03-23,Client-103: Shri Vijay Fashion House,Gota Patti (Label-204),98,80.96
INV-2920,2026-07-16,Client-147: M/s Jagdish Silk House,Gota Patti (Label-204),30,81.86
INV-3172,2024-05-06,Client-022: Shri Champa Traders,Patola Woven Border (Label-330),58,255.04
INV-3445,2024-08-17,Client-044: Shri Meena Silk House,Chanderi Block Print (Label-221),960,129.46
INV-2136,2024-01-20,Client-148: M/s Navin Fabrics,Chiffon Pleated (Label-119),30,74.28
INV-1483,2026-06-28,Client-141: Shri Brijesh Event Planners,Cotton Herringbone (Label-203),10,39.99
INV-0331,2025-12-14,Client-091: M/s Bharat Silk House,Cotton Herringbone (Label-203),26,44.48
INV-1239,2025-03-19,Client-150: M/s Kantilal Event Planners,Satin 2-Inch (Label-102),1181,51.36
INV-0467,2025-01-05,Client-125: Shri Padma Saree Centre,Lace Trim Border (Label-217),46,70.36
INV-2170,2025-08-01,Client-134: M/s Rakesh Weavers,Banarasi Zari Border (Label-302),45,157.77
INV-1639,2024-01-20,Client-140: M/s Brijesh Weavers,Jacquard Brocade (Label-315),132,178.53
INV-3093,2023-03-29,Client-080: Shri Nayna Weavers,Gota Patti (Label-204),361,87.82
INV-3773,2024-09-22,Client-117: Smt. Narottam Emporium,Chanderi Block Print (Label-221),18,144.21
INV-1096,2025-03-12,Client-097: M/s Deepika Designs,Raw Silk Ribbon (Label-115),13,113.88
INV-1131,2024-09-25,Client-093: Shri Niraj Boutique,Patola Woven Border (Label-330),116,231.1
INV-1295,2025-05-17,Client-064: Smt. Nayna Exports,Silk Printed (Label-112),61,88.63
INV-0861,2025-01-07,Client-024: M/s Chirag Industries,Polyester Grosgrain (Label-408),109,30.87
INV-3508,2023-06-10,Client-077: Shri Deepak Fashion House,Organza Sheer (Label-210),-6,51.54
INV-3175,2024-04-28,Client-067: M/s Bhavik Traders,Silk Printed (Label-112),9,103.54
